[DEBUG] Wed 2026-09-09 22:41:14.594 [Thread-4] GameCharacter checkReachFloor():128 - Character collided with floor: y=240
[DEBUG] Wed 2026-09-09 22:41:14.615 [Thread-4] GameCharacter checkReachFloor():128 - Character collided with floor: y=251
[ INFO] Wed 2026-09-09 22:41:16.185 [Thread-3] GameCharacter trace():155 - x:30 y:251 vx:0 vy:0
[ INFO] Wed 2026-09-09 22:41:16.289 [Thread-3] GameCharacter trace():155 - x:45 y:251 vx:5 vy:0
[ INFO] Wed 2026-09-09 22:41:16.391 [Thread-3] GameCharacter trace():155 - x:79 y:251 vx:7 vy:0
[ INFO] Wed 2026-09-09 22:41:16.495 [Thread-3] GameCharacter trace():155 - x:121 y:251 vx:7 vy:0
[ INFO] Wed 2026-09-09 22:41:16.597 [Thread-3] GameCharacter trace():155 - x:156 y:251 vx:7 vy:0
[ INFO] Wed 2026-09-09 22:41:16.700 [Thread-3] GameCharacter trace():155 - x:198 y:251 vx:7 vy:0
[ INFO] Wed 2026-09-09 22:41:16.806 [Thread-3] GameCharacter trace():155 - x:233 y:251 vx:7 vy:0
[DEBUG] Wed 2026-09-09 22:41:17.432 [Thread-4] GameCharacter checkReachFloor():128 - Character collided with floor: y=251
[ INFO] Wed 2026-09-09 22:41:17.636 [Thread-3] GameCharacter trace():155 - x:275 y:251 vx:7 vy:0
[ INFO] Wed 2026-09-09 22:41:17.742 [Thread-3] GameCharacter trace():155 - x:233 y:251 vx:7 vy:0
[ INFO] Wed 2026-09-09 22:41:17.848 [Thread-3] GameCharacter trace():155 - x:191 y:251 vx:7 vy:0
[ INFO] Wed 2026-09-09 22:41:17.954 [Thread-3] GameCharacter trace():155 - x:156 y:251 vx:7 vy:0
[DEBUG] Wed 2026-09-09 22:41:18.600 [Thread-4] GameCharacter checkReachFloor():128 - Character collided with floor: y=251
[DEBUG] Wed 2026-09-09 22:41:19.336 [Thread-4] GameCharacter checkReachFloor():128 - Character collided with floor: y=251
[ INFO] Wed 2026-09-09 22:41:20.231 [Thread-3] GameCharacter trace():155 - x:121 y:251 vx:7 vy:0
[DEBUG] Wed 2026-09-09 22:42:54.660 [Thread-4] GameCharacter checkReachFloor():128 - Character collided with floor: y=240
[DEBUG] Wed 2026-09-09 22:42:54.681 [Thread-4] GameCharacter checkReachFloor():128 - Character collided with floor: y=251
[ INFO] Wed 2026-09-09 22:43:00.730 [Thread-3] GameCharacter trace():155 - x:30 y:251 vx:0 vy:0
[ INFO] Wed 2026-09-09 22:43:00.839 [Thread-3] GameCharacter trace():155 - x:45 y:251 vx:5 vy:0
[ INFO] Wed 2026-09-09 22:43:00.941 [Thread-3] GameCharacter trace():155 - x:86 y:251 vx:7 vy:0
[ INFO] Wed 2026-09-09 22:43:01.047 [Thread-3] GameCharacter trace():155 - x:121 y:251 vx:7 vy:0
[ INFO] Wed 2026-09-09 22:43:01.149 [Thread-3] GameCharacter trace():155 - x:163 y:251 vx:7 vy:0
[ INFO] Wed 2026-09-09 22:43:01.255 [Thread-3] GameCharacter trace():155 - x:198 y:251 vx:7 vy:0
[ INFO] Wed 2026-09-09 22:43:01.361 [Thread-3] GameCharacter trace():155 - x:240 y:251 vx:7 vy:0
[ INFO] Wed 2026-09-09 22:43:01.464 [Thread-3] GameCharacter trace():155 - x:275 y:251 vx:7 vy:0
[ INFO] Wed 2026-09-09 22:43:01.567 [Thread-3] GameCharacter trace():155 - x:317 y:251 vx:7 vy:0
[ INFO] Wed 2026-09-09 22:43:01.672 [Thread-3] GameCharacter trace():155 - x:352 y:251 vx:7 vy:0
[ INFO] Wed 2026-09-09 22:43:01.777 [Thread-3] GameCharacter trace():155 - x:394 y:251 vx:7 vy:0
[ INFO] Wed 2026-09-09 22:43:01.880 [Thread-3] GameCharacter trace():155 - x:429 y:251 vx:7 vy:0
[ INFO] Wed 2026-09-09 22:43:01.982 [Thread-3] GameCharacter trace():155 - x:464 y:251 vx:7 vy:0
[ INFO] Wed 2026-09-09 22:43:02.088 [Thread-3] GameCharacter trace():155 - x:506 y:251 vx:7 vy:0
[ INFO] Wed 2026-09-09 22:43:02.191 [Thread-3] GameCharacter trace():155 - x:541 y:251 vx:7 vy:0
[ INFO] Wed 2026-09-09 22:43:02.296 [Thread-3] GameCharacter trace():155 - x:583 y:251 vx:7 vy:0
[ INFO] Wed 2026-09-09 22:43:02.397 [Thread-3] GameCharacter trace():155 - x:618 y:251 vx:7 vy:0
[ INFO] Wed 2026-09-09 22:43:02.503 [Thread-3] GameCharacter trace():155 - x:660 y:251 vx:7 vy:0
[ INFO] Wed 2026-09-09 22:43:02.606 [Thread-3] GameCharacter trace():155 - x:695 y:251 vx:7 vy:0
[ INFO] Wed 2026-09-09 22:43:02.709 [Thread-3] GameCharacter trace():155 - x:737 y:251 vx:7 vy:0
[ INFO] Wed 2026-09-09 22:43:02.814 [Thread-3] GameCharacter trace():155 - x:772 y:251 vx:7 vy:0
[DEBUG] Wed 2026-09-09 22:43:02.820 [Thread-4] GameCharacter checkReachGameWall():102 - Character collided with right wall: x=768
[DEBUG] Wed 2026-09-09 22:43:02.838 [Thread-4] GameCharacter checkReachGameWall():102 - Character collided with right wall: x=768
[DEBUG] Wed 2026-09-09 22:43:02.856 [Thread-4] GameCharacter checkReachGameWall():102 - Character collided with right wall: x=768
[DEBUG] Wed 2026-09-09 22:43:02.877 [Thread-4] GameCharacter checkReachGameWall():102 - Character collided with right wall: x=768
[DEBUG] Wed 2026-09-09 22:43:02.895 [Thread-4] GameCharacter checkReachGameWall():102 - Character collided with right wall: x=768
[DEBUG] Wed 2026-09-09 22:43:02.915 [Thread-4] GameCharacter checkReachGameWall():102 - Character collided with right wall: x=768
[ INFO] Wed 2026-09-09 22:43:02.920 [Thread-3] GameCharacter trace():155 - x:775 y:251 vx:7 vy:0
[DEBUG] Wed 2026-09-09 22:43:02.932 [Thread-4] GameCharacter checkReachGameWall():102 - Character collided with right wall: x=768
[DEBUG] Wed 2026-09-09 22:43:02.952 [Thread-4] GameCharacter checkReachGameWall():102 - Character collided with right wall: x=768
[DEBUG] Wed 2026-09-09 22:43:02.972 [Thread-4] GameCharacter checkReachGameWall():102 - Character collided with right wall: x=768
[DEBUG] Wed 2026-09-09 22:43:02.993 [Thread-4] GameCharacter checkReachGameWall():102 - Character collided with right wall: x=768
[DEBUG] Wed 2026-09-09 22:43:03.013 [Thread-4] GameCharacter checkReachGameWall():102 - Character collided with right wall: x=768
[ INFO] Wed 2026-09-09 22:43:03.024 [Thread-3] GameCharacter trace():155 - x:775 y:251 vx:7 vy:0
[DEBUG] Wed 2026-09-09 22:43:03.033 [Thread-4] GameCharacter checkReachGameWall():102 - Character collided with right wall: x=768
[DEBUG] Wed 2026-09-09 22:43:03.051 [Thread-4] GameCharacter checkReachGameWall():102 - Character collided with right wall: x=768
[DEBUG] Wed 2026-09-09 22:43:03.068 [Thread-4] GameCharacter checkReachGameWall():102 - Character collided with right wall: x=768
[DEBUG] Wed 2026-09-09 22:43:03.086 [Thread-4] GameCharacter checkReachGameWall():102 - Character collided with right wall: x=768
[DEBUG] Wed 2026-09-09 22:43:03.105 [Thread-4] GameCharacter checkReachGameWall():102 - Character collided with right wall: x=768
[DEBUG] Wed 2026-09-09 22:43:03.122 [Thread-4] GameCharacter checkReachGameWall():102 - Character collided with right wall: x=768
[ INFO] Wed 2026-09-09 22:43:03.130 [Thread-3] GameCharacter trace():155 - x:775 y:251 vx:7 vy:0
[DEBUG] Wed 2026-09-09 22:43:03.143 [Thread-4] GameCharacter checkReachGameWall():102 - Character collided with right wall: x=768
[DEBUG] Wed 2026-09-09 22:43:03.162 [Thread-4] GameCharacter checkReachGameWall():102 - Character collided with right wall: x=768
[DEBUG] Wed 2026-09-09 22:43:03.182 [Thread-4] GameCharacter checkReachGameWall():102 - Character collided with right wall: x=768
[DEBUG] Wed 2026-09-09 22:43:03.201 [Thread-4] GameCharacter checkReachGameWall():102 - Character collided with right wall: x=768
[DEBUG] Wed 2026-09-09 22:43:03.219 [Thread-4] GameCharacter checkReachGameWall():102 - Character collided with right wall: x=768
[ INFO] Wed 2026-09-09 22:43:03.233 [Thread-3] GameCharacter trace():155 - x:775 y:251 vx:7 vy:0
[DEBUG] Wed 2026-09-09 22:43:03.238 [Thread-4] GameCharacter checkReachGameWall():102 - Character collided with right wall: x=768
[DEBUG] Wed 2026-09-09 22:43:03.255 [Thread-4] GameCharacter checkReachGameWall():102 - Character collided with right wall: x=768
[DEBUG] Wed 2026-09-09 22:43:03.274 [Thread-4] GameCharacter checkReachGameWall():102 - Character collided with right wall: x=768
[DEBUG] Wed 2026-09-09 22:43:03.295 [Thread-4] GameCharacter checkReachGameWall():102 - Character collided with right wall: x=768
[DEBUG] Wed 2026-09-09 22:43:03.315 [Thread-4] GameCharacter checkReachGameWall():102 - Character collided with right wall: x=768
[DEBUG] Wed 2026-09-09 22:43:03.334 [Thread-4] GameCharacter checkReachGameWall():102 - Character collided with right wall: x=768
[ INFO] Wed 2026-09-09 22:43:03.337 [Thread-3] GameCharacter trace():155 - x:775 y:251 vx:7 vy:0
[DEBUG] Wed 2026-09-09 22:43:03.353 [Thread-4] GameCharacter checkReachGameWall():102 - Character collided with right wall: x=768
[ INFO] Wed 2026-09-09 22:43:03.439 [Thread-3] GameCharacter trace():155 - x:733 y:251 vx:7 vy:0
[ INFO] Wed 2026-09-09 22:43:03.545 [Thread-3] GameCharacter trace():155 - x:691 y:251 vx:7 vy:0
[ INFO] Wed 2026-09-09 22:43:03.647 [Thread-3] GameCharacter trace():155 - x:656 y:251 vx:7 vy:0
[ INFO] Wed 2026-09-09 22:43:03.854 [Thread-3] GameCharacter trace():155 - x:614 y:251 vx:7 vy:0
[ INFO] Wed 2026-09-09 22:43:03.956 [Thread-3] GameCharacter trace():155 - x:614 y:251 vx:7 vy:0
[ INFO] Wed 2026-09-09 22:43:04.062 [Thread-3] GameCharacter trace():155 - x:614 y:251 vx:7 vy:0
[DEBUG] Wed 2026-09-09 22:43:04.146 [Thread-4] GameCharacter checkReachGameWall():99 - Character collided with left wall: x=0
[DEBUG] Wed 2026-09-09 22:43:04.164 [Thread-4] GameCharacter checkReachGameWall():99 - Character collided with left wall: x=0
[ INFO] Wed 2026-09-09 22:43:04.168 [Thread-3] GameCharacter trace():155 - x:614 y:251 vx:7 vy:0
[DEBUG] Wed 2026-09-09 22:43:04.185 [Thread-4] GameCharacter checkReachGameWall():99 - Character collided with left wall: x=0
[DEBUG] Wed 2026-09-09 22:43:04.205 [Thread-4] GameCharacter checkReachGameWall():99 - Character collided with left wall: x=0
[DEBUG] Wed 2026-09-09 22:43:04.225 [Thread-4] GameCharacter checkReachGameWall():99 - Character collided with left wall: x=0
[DEBUG] Wed 2026-09-09 22:43:04.246 [Thread-4] GameCharacter checkReachGameWall():99 - Character collided with left wall: x=0
[DEBUG] Wed 2026-09-09 22:43:04.266 [Thread-4] GameCharacter checkReachGameWall():99 - Character collided with left wall: x=0
[ INFO] Wed 2026-09-09 22:43:04.270 [Thread-3] GameCharacter trace():155 - x:614 y:251 vx:7 vy:0
[DEBUG] Wed 2026-09-09 22:43:04.285 [Thread-4] GameCharacter checkReachGameWall():99 - Character collided with left wall: x=0
[DEBUG] Wed 2026-09-09 22:43:04.306 [Thread-4] GameCharacter checkReachGameWall():99 - Character collided with left wall: x=0
[DEBUG] Wed 2026-09-09 22:43:04.326 [Thread-4] GameCharacter checkReachGameWall():99 - Character collided with left wall: x=0
[DEBUG] Wed 2026-09-09 22:43:04.347 [Thread-4] GameCharacter checkReachGameWall():99 - Character collided with left wall: x=0
[DEBUG] Wed 2026-09-09 22:43:04.368 [Thread-4] GameCharacter checkReachGameWall():99 - Character collided with left wall: x=0
[ INFO] Wed 2026-09-09 22:43:04.371 [Thread-3] GameCharacter trace():155 - x:614 y:251 vx:7 vy:0
[DEBUG] Wed 2026-09-09 22:43:04.388 [Thread-4] GameCharacter checkReachGameWall():99 - Character collided with left wall: x=0
[DEBUG] Wed 2026-09-09 22:43:04.409 [Thread-4] GameCharacter checkReachGameWall():99 - Character collided with left wall: x=0
[DEBUG] Wed 2026-09-09 22:43:04.429 [Thread-4] GameCharacter checkReachGameWall():99 - Character collided with left wall: x=0
[DEBUG] Wed 2026-09-09 22:43:04.450 [Thread-4] GameCharacter checkReachGameWall():99 - Character collided with left wall: x=0
[DEBUG] Wed 2026-09-09 22:43:04.471 [Thread-4] GameCharacter checkReachGameWall():99 - Character collided with left wall: x=0
[ INFO] Wed 2026-09-09 22:43:04.477 [Thread-3] GameCharacter trace():155 - x:579 y:251 vx:7 vy:0
[DEBUG] Wed 2026-09-09 22:43:04.490 [Thread-4] GameCharacter checkReachGameWall():99 - Character collided with left wall: x=0
[DEBUG] Wed 2026-09-09 22:43:04.511 [Thread-4] GameCharacter checkReachGameWall():99 - Character collided with left wall: x=0
[DEBUG] Wed 2026-09-09 22:43:04.531 [Thread-4] GameCharacter checkReachGameWall():99 - Character collided with left wall: x=0
[DEBUG] Wed 2026-09-09 22:43:04.550 [Thread-4] GameCharacter checkReachGameWall():99 - Character collided with left wall: x=0
[DEBUG] Wed 2026-09-09 22:43:04.570 [Thread-4] GameCharacter checkReachGameWall():99 - Character collided with left wall: x=0
[ INFO] Wed 2026-09-09 22:43:04.582 [Thread-3] GameCharacter trace():155 - x:544 y:251 vx:7 vy:0
[DEBUG] Wed 2026-09-09 22:43:04.591 [Thread-4] GameCharacter checkReachGameWall():99 - Character collided with left wall: x=0
[DEBUG] Wed 2026-09-09 22:43:04.611 [Thread-4] GameCharacter checkReachGameWall():99 - Character collided with left wall: x=0
[DEBUG] Wed 2026-09-09 22:43:04.630 [Thread-4] GameCharacter checkReachGameWall():99 - Character collided with left wall: x=0
[DEBUG] Wed 2026-09-09 22:43:04.649 [Thread-4] GameCharacter checkReachGameWall():99 - Character collided with left wall: x=0
[DEBUG] Wed 2026-09-09 22:43:04.670 [Thread-4] GameCharacter checkReachGameWall():99 - Character collided with left wall: x=0
[DEBUG] Wed 2026-09-09 22:43:04.687 [Thread-4] GameCharacter checkReachGameWall():99 - Character collided with left wall: x=0
[DEBUG] Wed 2026-09-09 22:43:04.708 [Thread-4] GameCharacter checkReachGameWall():99 - Character collided with left wall: x=0
[DEBUG] Wed 2026-09-09 22:43:04.728 [Thread-4] GameCharacter checkReachGameWall():99 - Character collided with left wall: x=0
[DEBUG] Wed 2026-09-09 22:43:04.745 [Thread-4] GameCharacter checkReachGameWall():99 - Character collided with left wall: x=0
[DEBUG] Wed 2026-09-09 22:43:04.763 [Thread-4] GameCharacter checkReachGameWall():99 - Character collided with left wall: x=0
[DEBUG] Wed 2026-09-09 22:43:04.784 [Thread-4] GameCharacter checkReachGameWall():99 - Character collided with left wall: x=0
[DEBUG] Wed 2026-09-09 22:43:04.801 [Thread-4] GameCharacter checkReachGameWall():99 - Character collided with left wall: x=0
[DEBUG] Wed 2026-09-09 22:43:04.820 [Thread-4] GameCharacter checkReachGameWall():99 - Character collided with left wall: x=0
[DEBUG] Wed 2026-09-09 22:43:04.839 [Thread-4] GameCharacter checkReachGameWall():99 - Character collided with left wall: x=0
[DEBUG] Wed 2026-09-09 22:43:04.858 [Thread-4] GameCharacter checkReachGameWall():99 - Character collided with left wall: x=0
[DEBUG] Wed 2026-09-09 22:43:04.879 [Thread-4] GameCharacter checkReachGameWall():99 - Character collided with left wall: x=0
[DEBUG] Wed 2026-09-09 22:43:04.899 [Thread-4] GameCharacter checkReachGameWall():99 - Character collided with left wall: x=0
[DEBUG] Wed 2026-09-09 22:43:04.920 [Thread-4] GameCharacter checkReachGameWall():99 - Character collided with left wall: x=0
[DEBUG] Wed 2026-09-09 22:43:04.939 [Thread-4] GameCharacter checkReachGameWall():99 - Character collided with left wall: x=0
[DEBUG] Wed 2026-09-09 22:43:04.960 [Thread-4] GameCharacter checkReachGameWall():99 - Character collided with left wall: x=0
[DEBUG] Wed 2026-09-09 22:43:04.980 [Thread-4] GameCharacter checkReachGameWall():99 - Character collided with left wall: x=0
[DEBUG] Wed 2026-09-09 22:43:04.997 [Thread-4] GameCharacter checkReachGameWall():99 - Character collided with left wall: x=0
[DEBUG] Wed 2026-09-09 22:43:05.017 [Thread-4] GameCharacter checkReachGameWall():99 - Character collided with left wall: x=0
[DEBUG] Wed 2026-09-09 22:43:05.035 [Thread-4] GameCharacter checkReachGameWall():99 - Character collided with left wall: x=0
[DEBUG] Wed 2026-09-09 22:43:05.056 [Thread-4] GameCharacter checkReachGameWall():99 - Character collided with left wall: x=0
[DEBUG] Wed 2026-09-09 22:43:05.075 [Thread-4] GameCharacter checkReachGameWall():99 - Character collided with left wall: x=0
[DEBUG] Wed 2026-09-09 22:43:05.096 [Thread-4] GameCharacter checkReachGameWall():99 - Character collided with left wall: x=0
[DEBUG] Wed 2026-09-09 22:43:05.115 [Thread-4] GameCharacter checkReachGameWall():99 - Character collided with left wall: x=0
[DEBUG] Wed 2026-09-09 22:43:05.134 [Thread-4] GameCharacter checkReachGameWall():99 - Character collided with left wall: x=0
[DEBUG] Wed 2026-09-09 22:43:05.151 [Thread-4] GameCharacter checkReachGameWall():99 - Character collided with left wall: x=0
[DEBUG] Wed 2026-09-09 22:43:05.171 [Thread-4] GameCharacter checkReachGameWall():99 - Character collided with left wall: x=0
[DEBUG] Wed 2026-09-09 22:43:05.189 [Thread-4] GameCharacter checkReachGameWall():99 - Character collided with left wall: x=0
[DEBUG] Wed 2026-09-09 22:43:05.208 [Thread-4] GameCharacter checkReachGameWall():99 - Character collided with left wall: x=0
[DEBUG] Wed 2026-09-09 22:43:05.229 [Thread-4] GameCharacter checkReachFloor():128 - Character collided with floor: y=251
[DEBUG] Wed 2026-09-09 22:43:05.229 [Thread-4] GameCharacter checkReachGameWall():99 - Character collided with left wall: x=0
[DEBUG] Wed 2026-09-09 22:43:05.249 [Thread-4] GameCharacter checkReachGameWall():99 - Character collided with left wall: x=0
[DEBUG] Wed 2026-09-09 22:43:05.269 [Thread-4] GameCharacter checkReachGameWall():99 - Character collided with left wall: x=0
[DEBUG] Wed 2026-09-09 22:43:05.289 [Thread-4] GameCharacter checkReachGameWall():99 - Character collided with left wall: x=0
[DEBUG] Wed 2026-09-09 22:43:05.305 [Thread-4] GameCharacter checkReachGameWall():99 - Character collided with left wall: x=0
[DEBUG] Wed 2026-09-09 22:43:05.326 [Thread-4] GameCharacter checkReachGameWall():99 - Character collided with left wall: x=0
[DEBUG] Wed 2026-09-09 22:43:05.346 [Thread-4] GameCharacter checkReachGameWall():99 - Character collided with left wall: x=0
[DEBUG] Wed 2026-09-09 22:43:05.346 [Thread-4] GameCharacter checkReachFloor():128 - Character collided with floor: y=240
[DEBUG] Wed 2026-09-09 22:43:05.366 [Thread-4] GameCharacter checkReachGameWall():99 - Character collided with left wall: x=0
[DEBUG] Wed 2026-09-09 22:43:05.386 [Thread-4] GameCharacter checkReachGameWall():99 - Character collided with left wall: x=0
[DEBUG] Wed 2026-09-09 22:43:05.405 [Thread-4] GameCharacter checkReachGameWall():99 - Character collided with left wall: x=0
[DEBUG] Wed 2026-09-09 22:43:05.425 [Thread-4] GameCharacter checkReachGameWall():99 - Character collided with left wall: x=0
[DEBUG] Wed 2026-09-09 22:43:05.445 [Thread-4] GameCharacter checkReachGameWall():99 - Character collided with left wall: x=0
[DEBUG] Wed 2026-09-09 22:43:05.465 [Thread-4] GameCharacter checkReachGameWall():99 - Character collided with left wall: x=0
[DEBUG] Wed 2026-09-09 22:43:05.486 [Thread-4] GameCharacter checkReachGameWall():99 - Character collided with left wall: x=0
[DEBUG] Wed 2026-09-09 22:43:05.506 [Thread-4] GameCharacter checkReachGameWall():99 - Character collided with left wall: x=0
[ INFO] Wed 2026-09-09 22:43:05.515 [Thread-3] GameCharacter trace():155 - x:509 y:251 vx:7 vy:0
[DEBUG] Wed 2026-09-09 22:43:05.524 [Thread-4] GameCharacter checkReachGameWall():99 - Character collided with left wall: x=0
[DEBUG] Wed 2026-09-09 22:43:05.542 [Thread-4] GameCharacter checkReachGameWall():99 - Character collided with left wall: x=0
[DEBUG] Wed 2026-09-09 22:43:05.561 [Thread-4] GameCharacter checkReachGameWall():99 - Character collided with left wall: x=0
[DEBUG] Wed 2026-09-09 22:43:05.581 [Thread-4] GameCharacter checkReachGameWall():99 - Character collided with left wall: x=0
[DEBUG] Wed 2026-09-09 22:43:05.599 [Thread-4] GameCharacter checkReachGameWall():99 - Character collided with left wall: x=0
[ INFO] Wed 2026-09-09 22:43:05.617 [Thread-3] GameCharacter trace():155 - x:509 y:251 vx:7 vy:0
[DEBUG] Wed 2026-09-09 22:43:05.619 [Thread-4] GameCharacter checkReachGameWall():99 - Character collided with left wall: x=0
[DEBUG] Wed 2026-09-09 22:43:05.639 [Thread-4] GameCharacter checkReachGameWall():99 - Character collided with left wall: x=0
[DEBUG] Wed 2026-09-09 22:43:05.659 [Thread-4] GameCharacter checkReachGameWall():99 - Character collided with left wall: x=0
[DEBUG] Wed 2026-09-09 22:43:05.677 [Thread-4] GameCharacter checkReachGameWall():99 - Character collided with left wall: x=0
[DEBUG] Wed 2026-09-09 22:43:05.697 [Thread-4] GameCharacter checkReachGameWall():99 - Character collided with left wall: x=0
[DEBUG] Wed 2026-09-09 22:43:05.715 [Thread-4] GameCharacter checkReachGameWall():99 - Character collided with left wall: x=0
[ INFO] Wed 2026-09-09 22:43:05.722 [Thread-3] GameCharacter trace():155 - x:509 y:251 vx:7 vy:0
[DEBUG] Wed 2026-09-09 22:43:05.735 [Thread-4] GameCharacter checkReachGameWall():99 - Character collided with left wall: x=0
[DEBUG] Wed 2026-09-09 22:43:05.756 [Thread-4] GameCharacter checkReachGameWall():99 - Character collided with left wall: x=0
[DEBUG] Wed 2026-09-09 22:43:05.776 [Thread-4] GameCharacter checkReachGameWall():99 - Character collided with left wall: x=0
[DEBUG] Wed 2026-09-09 22:43:05.795 [Thread-4] GameCharacter checkReachGameWall():99 - Character collided with left wall: x=0
[DEBUG] Wed 2026-09-09 22:43:05.813 [Thread-4] GameCharacter checkReachGameWall():99 - Character collided with left wall: x=0
[ INFO] Wed 2026-09-09 22:43:05.826 [Thread-3] GameCharacter trace():155 - x:509 y:251 vx:7 vy:0
[DEBUG] Wed 2026-09-09 22:43:05.834 [Thread-4] GameCharacter checkReachGameWall():99 - Character collided with left wall: x=0
[DEBUG] Wed 2026-09-09 22:43:05.854 [Thread-4] GameCharacter checkReachGameWall():99 - Character collided with left wall: x=0
[DEBUG] Wed 2026-09-09 22:43:05.871 [Thread-4] GameCharacter checkReachGameWall():99 - Character collided with left wall: x=0
[DEBUG] Wed 2026-09-09 22:43:05.892 [Thread-4] GameCharacter checkReachGameWall():99 - Character collided with left wall: x=0
[DEBUG] Wed 2026-09-09 22:43:05.912 [Thread-4] GameCharacter checkReachGameWall():99 - Character collided with left wall: x=0
[ INFO] Wed 2026-09-09 22:43:05.928 [Thread-3] GameCharacter trace():155 - x:509 y:251 vx:7 vy:0
[DEBUG] Wed 2026-09-09 22:43:05.932 [Thread-4] GameCharacter checkReachGameWall():99 - Character collided with left wall: x=0
[DEBUG] Wed 2026-09-09 22:43:05.952 [Thread-4] GameCharacter checkReachGameWall():99 - Character collided with left wall: x=0
[DEBUG] Wed 2026-09-09 22:43:05.972 [Thread-4] GameCharacter checkReachGameWall():99 - Character collided with left wall: x=0
[DEBUG] Wed 2026-09-09 22:43:05.992 [Thread-4] GameCharacter checkReachGameWall():99 - Character collided with left wall: x=0
[DEBUG] Wed 2026-09-09 22:43:06.012 [Thread-4] GameCharacter checkReachGameWall():99 - Character collided with left wall: x=0
[DEBUG] Wed 2026-09-09 22:43:06.030 [Thread-4] GameCharacter checkReachGameWall():99 - Character collided with left wall: x=0
[ INFO] Wed 2026-09-09 22:43:06.033 [Thread-3] GameCharacter trace():155 - x:509 y:251 vx:7 vy:0
[DEBUG] Wed 2026-09-09 22:43:06.049 [Thread-4] GameCharacter checkReachGameWall():99 - Character collided with left wall: x=0
[DEBUG] Wed 2026-09-09 22:43:06.069 [Thread-4] GameCharacter checkReachGameWall():99 - Character collided with left wall: x=0
[DEBUG] Wed 2026-09-09 22:43:06.089 [Thread-4] GameCharacter checkReachGameWall():99 - Character collided with left wall: x=0
[DEBUG] Wed 2026-09-09 22:43:06.107 [Thread-4] GameCharacter checkReachGameWall():99 - Character collided with left wall: x=0
[DEBUG] Wed 2026-09-09 22:43:06.124 [Thread-4] GameCharacter checkReachGameWall():99 - Character collided with left wall: x=0
[DEBUG] Wed 2026-09-09 22:43:06.144 [Thread-4] GameCharacter checkReachGameWall():99 - Character collided with left wall: x=0
[DEBUG] Wed 2026-09-09 22:43:06.164 [Thread-4] GameCharacter checkReachGameWall():99 - Character collided with left wall: x=0
[DEBUG] Wed 2026-09-09 22:43:06.185 [Thread-4] GameCharacter checkReachGameWall():99 - Character collided with left wall: x=0
[DEBUG] Wed 2026-09-09 22:43:06.202 [Thread-4] GameCharacter checkReachGameWall():99 - Character collided with left wall: x=0
[DEBUG] Wed 2026-09-09 22:43:06.222 [Thread-4] GameCharacter checkReachGameWall():99 - Character collided with left wall: x=0
[DEBUG] Wed 2026-09-09 22:43:06.241 [Thread-4] GameCharacter checkReachGameWall():99 - Character collided with left wall: x=0
[DEBUG] Wed 2026-09-09 22:43:06.259 [Thread-4] GameCharacter checkReachGameWall():99 - Character collided with left wall: x=0
[DEBUG] Wed 2026-09-09 22:43:06.279 [Thread-4] GameCharacter checkReachGameWall():99 - Character collided with left wall: x=0
[DEBUG] Wed 2026-09-09 22:43:06.300 [Thread-4] GameCharacter checkReachGameWall():99 - Character collided with left wall: x=0
[DEBUG] Wed 2026-09-09 22:43:06.321 [Thread-4] GameCharacter checkReachGameWall():99 - Character collided with left wall: x=0
[DEBUG] Wed 2026-09-09 22:43:06.341 [Thread-4] GameCharacter checkReachGameWall():99 - Character collided with left wall: x=0
[DEBUG] Wed 2026-09-09 22:43:06.361 [Thread-4] GameCharacter checkReachGameWall():99 - Character collided with left wall: x=0
[DEBUG] Wed 2026-09-09 22:43:06.382 [Thread-4] GameCharacter checkReachGameWall():99 - Character collided with left wall: x=0
[DEBUG] Wed 2026-09-09 22:43:06.402 [Thread-4] GameCharacter checkReachGameWall():99 - Character collided with left wall: x=0
[DEBUG] Wed 2026-09-09 22:43:06.422 [Thread-4] GameCharacter checkReachGameWall():99 - Character collided with left wall: x=0
[DEBUG] Wed 2026-09-09 22:43:06.441 [Thread-4] GameCharacter checkReachGameWall():99 - Character collided with left wall: x=0
[DEBUG] Wed 2026-09-09 22:43:06.462 [Thread-4] GameCharacter checkReachGameWall():99 - Character collided with left wall: x=0
[DEBUG] Wed 2026-09-09 22:43:06.480 [Thread-4] GameCharacter checkReachGameWall():99 - Character collided with left wall: x=0
[DEBUG] Wed 2026-09-09 22:43:06.497 [Thread-4] GameCharacter checkReachGameWall():99 - Character collided with left wall: x=0
[DEBUG] Wed 2026-09-09 22:43:06.515 [Thread-4] GameCharacter checkReachGameWall():99 - Character collided with left wall: x=0
[DEBUG] Wed 2026-09-09 22:43:06.536 [Thread-4] GameCharacter checkReachGameWall():99 - Character collided with left wall: x=0
[DEBUG] Wed 2026-09-09 22:43:06.557 [Thread-4] GameCharacter checkReachGameWall():99 - Character collided with left wall: x=0
[DEBUG] Wed 2026-09-09 22:43:06.577 [Thread-4] GameCharacter checkReachGameWall():99 - Character collided with left wall: x=0
[DEBUG] Wed 2026-09-09 22:43:06.597 [Thread-4] GameCharacter checkReachGameWall():99 - Character collided with left wall: x=0
[DEBUG] Wed 2026-09-09 22:43:06.617 [Thread-4] GameCharacter checkReachGameWall():99 - Character collided with left wall: x=0
[DEBUG] Wed 2026-09-09 22:43:06.638 [Thread-4] GameCharacter checkReachGameWall():99 - Character collided with left wall: x=0
[DEBUG] Wed 2026-09-09 22:43:06.656 [Thread-4] GameCharacter checkReachGameWall():99 - Character collided with left wall: x=0
[DEBUG] Wed 2026-09-09 22:43:06.677 [Thread-4] GameCharacter checkReachGameWall():99 - Character collided with left wall: x=0
[DEBUG] Wed 2026-09-09 22:43:06.697 [Thread-4] GameCharacter checkReachGameWall():99 - Character collided with left wall: x=0
[DEBUG] Wed 2026-09-09 22:43:06.713 [Thread-4] GameCharacter checkReachGameWall():99 - Character collided with left wall: x=0
[DEBUG] Wed 2026-09-09 22:43:06.733 [Thread-4] GameCharacter checkReachGameWall():99 - Character collided with left wall: x=0
[DEBUG] Wed 2026-09-09 22:43:06.754 [Thread-4] GameCharacter checkReachGameWall():99 - Character collided with left wall: x=0
[DEBUG] Wed 2026-09-09 22:43:06.774 [Thread-4] GameCharacter checkReachGameWall():99 - Character collided with left wall: x=0
[DEBUG] Wed 2026-09-09 22:43:06.792 [Thread-4] GameCharacter checkReachGameWall():99 - Character collided with left wall: x=0
[DEBUG] Wed 2026-09-09 22:43:06.813 [Thread-4] GameCharacter checkReachGameWall():99 - Character collided with left wall: x=0
[DEBUG] Wed 2026-09-09 22:43:06.832 [Thread-4] GameCharacter checkReachGameWall():99 - Character collided with left wall: x=0
[DEBUG] Wed 2026-09-09 22:43:06.850 [Thread-4] GameCharacter checkReachGameWall():99 - Character collided with left wall: x=0
[DEBUG] Wed 2026-09-09 22:43:06.869 [Thread-4] GameCharacter checkReachGameWall():99 - Character collided with left wall: x=0
[DEBUG] Wed 2026-09-09 22:43:06.889 [Thread-4] GameCharacter checkReachGameWall():99 - Character collided with left wall: x=0
[DEBUG] Wed 2026-09-09 22:43:06.909 [Thread-4] GameCharacter checkReachGameWall():99 - Character collided with left wall: x=0
[DEBUG] Wed 2026-09-09 22:43:06.929 [Thread-4] GameCharacter checkReachGameWall():99 - Character collided with left wall: x=0
[DEBUG] Wed 2026-09-09 22:43:06.949 [Thread-4] GameCharacter checkReachGameWall():99 - Character collided with left wall: x=0
[DEBUG] Wed 2026-09-09 22:43:06.966 [Thread-4] GameCharacter checkReachGameWall():99 - Character collided with left wall: x=0
[DEBUG] Wed 2026-09-09 22:43:06.986 [Thread-4] GameCharacter checkReachGameWall():99 - Character collided with left wall: x=0
[DEBUG] Wed 2026-09-09 22:43:07.006 [Thread-4] GameCharacter checkReachGameWall():99 - Character collided with left wall: x=0
[DEBUG] Wed 2026-09-09 22:43:07.026 [Thread-4] GameCharacter checkReachGameWall():99 - Character collided with left wall: x=0
[DEBUG] Wed 2026-09-09 22:43:07.046 [Thread-4] GameCharacter checkReachGameWall():99 - Character collided with left wall: x=0
[DEBUG] Wed 2026-09-09 22:43:07.067 [Thread-4] GameCharacter checkReachGameWall():99 - Character collided with left wall: x=0
[DEBUG] Wed 2026-09-09 22:43:07.088 [Thread-4] GameCharacter checkReachGameWall():99 - Character collided with left wall: x=0
[DEBUG] Wed 2026-09-09 22:43:07.109 [Thread-4] GameCharacter checkReachGameWall():99 - Character collided with left wall: x=0
[DEBUG] Wed 2026-09-09 22:43:07.129 [Thread-4] GameCharacter checkReachGameWall():99 - Character collided with left wall: x=0
[DEBUG] Wed 2026-09-09 22:43:07.147 [Thread-4] GameCharacter checkReachGameWall():99 - Character collided with left wall: x=0
[DEBUG] Wed 2026-09-09 22:43:07.168 [Thread-4] GameCharacter checkReachGameWall():99 - Character collided with left wall: x=0
[DEBUG] Wed 2026-09-09 22:43:07.186 [Thread-4] GameCharacter checkReachGameWall():99 - Character collided with left wall: x=0
[DEBUG] Wed 2026-09-09 22:43:07.206 [Thread-4] GameCharacter checkReachGameWall():99 - Character collided with left wall: x=0
[DEBUG] Wed 2026-09-09 22:43:07.225 [Thread-4] GameCharacter checkReachGameWall():99 - Character collided with left wall: x=0
[DEBUG] Wed 2026-09-09 22:43:07.246 [Thread-4] GameCharacter checkReachGameWall():99 - Character collided with left wall: x=0
[DEBUG] Wed 2026-09-09 22:43:07.266 [Thread-4] GameCharacter checkReachGameWall():99 - Character collided with left wall: x=0
[DEBUG] Wed 2026-09-09 22:43:07.283 [Thread-4] GameCharacter checkReachGameWall():99 - Character collided with left wall: x=0
[DEBUG] Wed 2026-09-09 22:43:07.302 [Thread-4] GameCharacter checkReachGameWall():99 - Character collided with left wall: x=0
[DEBUG] Wed 2026-09-09 22:43:07.323 [Thread-4] GameCharacter checkReachGameWall():99 - Character collided with left wall: x=0
[DEBUG] Wed 2026-09-09 22:43:07.344 [Thread-4] GameCharacter checkReachGameWall():99 - Character collided with left wall: x=0
[DEBUG] Wed 2026-09-09 22:43:07.365 [Thread-4] GameCharacter checkReachGameWall():99 - Character collided with left wall: x=0
[DEBUG] Wed 2026-09-09 22:43:07.383 [Thread-4] GameCharacter checkReachGameWall():99 - Character collided with left wall: x=0
[DEBUG] Wed 2026-09-09 22:43:07.402 [Thread-4] GameCharacter checkReachGameWall():99 - Character collided with left wall: x=0
[DEBUG] Wed 2026-09-09 22:43:07.422 [Thread-4] GameCharacter checkReachGameWall():99 - Character collided with left wall: x=0
[DEBUG] Wed 2026-09-09 22:43:07.443 [Thread-4] GameCharacter checkReachGameWall():99 - Character collided with left wall: x=0
[DEBUG] Wed 2026-09-09 22:43:07.463 [Thread-4] GameCharacter checkReachGameWall():99 - Character collided with left wall: x=0
[DEBUG] Wed 2026-09-09 22:43:07.480 [Thread-4] GameCharacter checkReachGameWall():99 - Character collided with left wall: x=0
[DEBUG] Wed 2026-09-09 22:43:07.501 [Thread-4] GameCharacter checkReachGameWall():99 - Character collided with left wall: x=0
[DEBUG] Wed 2026-09-09 22:43:07.520 [Thread-4] GameCharacter checkReachGameWall():99 - Character collided with left wall: x=0
[DEBUG] Wed 2026-09-09 22:43:07.537 [Thread-4] GameCharacter checkReachGameWall():99 - Character collided with left wall: x=0
[DEBUG] Wed 2026-09-09 22:43:07.558 [Thread-4] GameCharacter checkReachGameWall():99 - Character collided with left wall: x=0
[DEBUG] Wed 2026-09-09 22:43:07.578 [Thread-4] GameCharacter checkReachGameWall():99 - Character collided with left wall: x=0
[DEBUG] Wed 2026-09-09 22:43:07.599 [Thread-4] GameCharacter checkReachGameWall():99 - Character collided with left wall: x=0
[DEBUG] Wed 2026-09-09 22:43:07.620 [Thread-4] GameCharacter checkReachGameWall():99 - Character collided with left wall: x=0
[DEBUG] Wed 2026-09-09 22:43:07.640 [Thread-4] GameCharacter checkReachGameWall():99 - Character collided with left wall: x=0
[DEBUG] Wed 2026-09-09 22:43:07.661 [Thread-4] GameCharacter checkReachGameWall():99 - Character collided with left wall: x=0
[DEBUG] Wed 2026-09-09 22:43:07.681 [Thread-4] GameCharacter checkReachGameWall():99 - Character collided with left wall: x=0
[DEBUG] Wed 2026-09-09 22:43:07.700 [Thread-4] GameCharacter checkReachGameWall():99 - Character collided with left wall: x=0
[DEBUG] Wed 2026-09-09 22:43:07.721 [Thread-4] GameCharacter checkReachGameWall():99 - Character collided with left wall: x=0
[DEBUG] Wed 2026-09-09 22:43:07.741 [Thread-4] GameCharacter checkReachGameWall():99 - Character collided with left wall: x=0
[DEBUG] Wed 2026-09-09 22:43:07.761 [Thread-4] GameCharacter checkReachGameWall():99 - Character collided with left wall: x=0
[DEBUG] Wed 2026-09-09 22:43:07.781 [Thread-4] GameCharacter checkReachGameWall():99 - Character collided with left wall: x=0
[DEBUG] Wed 2026-09-09 22:43:07.802 [Thread-4] GameCharacter checkReachGameWall():99 - Character collided with left wall: x=0
[DEBUG] Wed 2026-09-09 22:43:07.822 [Thread-4] GameCharacter checkReachGameWall():99 - Character collided with left wall: x=0
[DEBUG] Wed 2026-09-09 22:43:07.843 [Thread-4] GameCharacter checkReachGameWall():99 - Character collided with left wall: x=0
[DEBUG] Wed 2026-09-09 22:43:07.859 [Thread-4] GameCharacter checkReachGameWall():99 - Character collided with left wall: x=0
[DEBUG] Wed 2026-09-09 22:43:07.880 [Thread-4] GameCharacter checkReachGameWall():99 - Character collided with left wall: x=0
[DEBUG] Wed 2026-09-09 22:43:07.900 [Thread-4] GameCharacter checkReachGameWall():99 - Character collided with left wall: x=0
[DEBUG] Wed 2026-09-09 22:43:07.920 [Thread-4] GameCharacter checkReachGameWall():99 - Character collided with left wall: x=0
[DEBUG] Wed 2026-09-09 22:43:07.938 [Thread-4] GameCharacter checkReachGameWall():99 - Character collided with left wall: x=0
[DEBUG] Wed 2026-09-09 22:43:07.955 [Thread-4] GameCharacter checkReachGameWall():99 - Character collided with left wall: x=0
[DEBUG] Wed 2026-09-09 22:43:07.976 [Thread-4] GameCharacter checkReachGameWall():99 - Character collided with left wall: x=0
[DEBUG] Wed 2026-09-09 22:43:07.996 [Thread-4] GameCharacter checkReachGameWall():99 - Character collided with left wall: x=0
[DEBUG] Wed 2026-09-09 22:43:08.017 [Thread-4] GameCharacter checkReachGameWall():99 - Character collided with left wall: x=0
[DEBUG] Wed 2026-09-09 22:43:08.038 [Thread-4] GameCharacter checkReachGameWall():99 - Character collided with left wall: x=0
[DEBUG] Wed 2026-09-09 22:43:08.058 [Thread-4] GameCharacter checkReachGameWall():99 - Character collided with left wall: x=0
[DEBUG] Wed 2026-09-09 22:43:08.078 [Thread-4] GameCharacter checkReachGameWall():99 - Character collided with left wall: x=0
[DEBUG] Wed 2026-09-09 22:43:08.099 [Thread-4] GameCharacter checkReachGameWall():99 - Character collided with left wall: x=0
[DEBUG] Wed 2026-09-09 22:43:08.119 [Thread-4] GameCharacter checkReachGameWall():99 - Character collided with left wall: x=0
[DEBUG] Wed 2026-09-09 22:43:08.137 [Thread-4] GameCharacter checkReachGameWall():99 - Character collided with left wall: x=0
[DEBUG] Wed 2026-09-09 22:43:08.155 [Thread-4] GameCharacter checkReachGameWall():99 - Character collided with left wall: x=0
[DEBUG] Wed 2026-09-09 22:43:08.172 [Thread-4] GameCharacter checkReachGameWall():99 - Character collided with left wall: x=0
[DEBUG] Wed 2026-09-09 22:43:08.190 [Thread-4] GameCharacter checkReachGameWall():99 - Character collided with left wall: x=0
[DEBUG] Wed 2026-09-09 22:43:08.210 [Thread-4] GameCharacter checkReachGameWall():99 - Character collided with left wall: x=0
[DEBUG] Wed 2026-09-09 22:43:08.230 [Thread-4] GameCharacter checkReachGameWall():99 - Character collided with left wall: x=0
[DEBUG] Wed 2026-09-09 22:43:08.251 [Thread-4] GameCharacter checkReachGameWall():99 - Character collided with left wall: x=0
[DEBUG] Wed 2026-09-09 22:43:08.269 [Thread-4] GameCharacter checkReachGameWall():99 - Character collided with left wall: x=0
[DEBUG] Wed 2026-09-09 22:43:08.289 [Thread-4] GameCharacter checkReachGameWall():99 - Character collided with left wall: x=0
[DEBUG] Wed 2026-09-09 22:43:08.307 [Thread-4] GameCharacter checkReachGameWall():99 - Character collided with left wall: x=0
[DEBUG] Wed 2026-09-09 22:43:08.328 [Thread-4] GameCharacter checkReachGameWall():99 - Character collided with left wall: x=0
[DEBUG] Wed 2026-09-09 22:43:08.348 [Thread-4] GameCharacter checkReachGameWall():99 - Character collided with left wall: x=0
[DEBUG] Wed 2026-09-09 22:43:08.367 [Thread-4] GameCharacter checkReachGameWall():99 - Character collided with left wall: x=0
[DEBUG] Wed 2026-09-09 22:43:08.385 [Thread-4] GameCharacter checkReachGameWall():99 - Character collided with left wall: x=0
[DEBUG] Wed 2026-09-09 22:43:08.405 [Thread-4] GameCharacter checkReachGameWall():99 - Character collided with left wall: x=0
[DEBUG] Wed 2026-09-09 22:43:08.422 [Thread-4] GameCharacter checkReachGameWall():99 - Character collided with left wall: x=0
[DEBUG] Wed 2026-09-09 22:43:08.440 [Thread-4] GameCharacter checkReachGameWall():99 - Character collided with left wall: x=0
[DEBUG] Wed 2026-09-09 22:43:08.458 [Thread-4] GameCharacter checkReachGameWall():99 - Character collided with left wall: x=0
[DEBUG] Wed 2026-09-09 22:43:08.478 [Thread-4] GameCharacter checkReachGameWall():99 - Character collided with left wall: x=0
[DEBUG] Wed 2026-09-09 22:43:08.499 [Thread-4] GameCharacter checkReachGameWall():99 - Character collided with left wall: x=0
[DEBUG] Wed 2026-09-09 22:43:08.516 [Thread-4] GameCharacter checkReachGameWall():99 - Character collided with left wall: x=0
[DEBUG] Wed 2026-09-09 22:43:08.533 [Thread-4] GameCharacter checkReachGameWall():99 - Character collided with left wall: x=0
[DEBUG] Wed 2026-09-09 22:43:08.553 [Thread-4] GameCharacter checkReachGameWall():99 - Character collided with left wall: x=0
[DEBUG] Wed 2026-09-09 22:43:08.573 [Thread-4] GameCharacter checkReachGameWall():99 - Character collided with left wall: x=0
[DEBUG] Wed 2026-09-09 22:43:08.591 [Thread-4] GameCharacter checkReachGameWall():99 - Character collided with left wall: x=0
[DEBUG] Wed 2026-09-09 22:43:08.612 [Thread-4] GameCharacter checkReachGameWall():99 - Character collided with left wall: x=0
[DEBUG] Wed 2026-09-09 22:43:08.632 [Thread-4] GameCharacter checkReachGameWall():99 - Character collided with left wall: x=0
[DEBUG] Wed 2026-09-09 22:43:08.650 [Thread-4] GameCharacter checkReachGameWall():99 - Character collided with left wall: x=0
[DEBUG] Wed 2026-09-09 22:43:08.670 [Thread-4] GameCharacter checkReachGameWall():99 - Character collided with left wall: x=0
[DEBUG] Wed 2026-09-09 22:43:08.691 [Thread-4] GameCharacter checkReachGameWall():99 - Character collided with left wall: x=0
[DEBUG] Wed 2026-09-09 22:43:08.710 [Thread-4] GameCharacter checkReachGameWall():99 - Character collided with left wall: x=0
[DEBUG] Wed 2026-09-09 22:43:08.730 [Thread-4] GameCharacter checkReachGameWall():99 - Character collided with left wall: x=0
[DEBUG] Wed 2026-09-09 22:43:08.750 [Thread-4] GameCharacter checkReachGameWall():99 - Character collided with left wall: x=0
[DEBUG] Wed 2026-09-09 22:43:08.771 [Thread-4] GameCharacter checkReachGameWall():99 - Character collided with left wall: x=0
[DEBUG] Wed 2026-09-09 22:43:08.791 [Thread-4] GameCharacter checkReachGameWall():99 - Character collided with left wall: x=0
[DEBUG] Wed 2026-09-09 22:43:08.811 [Thread-4] GameCharacter checkReachGameWall():99 - Character collided with left wall: x=0
[DEBUG] Wed 2026-09-09 22:43:08.828 [Thread-4] GameCharacter checkReachGameWall():99 - Character collided with left wall: x=0
[DEBUG] Wed 2026-09-09 22:43:08.847 [Thread-4] GameCharacter checkReachGameWall():99 - Character collided with left wall: x=0
[DEBUG] Wed 2026-09-09 22:43:08.864 [Thread-4] GameCharacter checkReachGameWall():99 - Character collided with left wall: x=0
[DEBUG] Wed 2026-09-09 22:43:08.884 [Thread-4] GameCharacter checkReachGameWall():99 - Character collided with left wall: x=0
[DEBUG] Wed 2026-09-09 22:43:08.904 [Thread-4] GameCharacter checkReachGameWall():99 - Character collided with left wall: x=0
[DEBUG] Wed 2026-09-09 22:43:08.922 [Thread-4] GameCharacter checkReachGameWall():99 - Character collided with left wall: x=0
[DEBUG] Wed 2026-09-09 22:43:08.943 [Thread-4] GameCharacter checkReachGameWall():99 - Character collided with left wall: x=0
[DEBUG] Wed 2026-09-09 22:43:08.963 [Thread-4] GameCharacter checkReachGameWall():99 - Character collided with left wall: x=0
[DEBUG] Wed 2026-09-09 22:43:08.983 [Thread-4] GameCharacter checkReachGameWall():99 - Character collided with left wall: x=0
[DEBUG] Wed 2026-09-09 22:43:09.003 [Thread-4] GameCharacter checkReachGameWall():99 - Character collided with left wall: x=0
[DEBUG] Wed 2026-09-09 22:43:09.024 [Thread-4] GameCharacter checkReachGameWall():99 - Character collided with left wall: x=0
[DEBUG] Wed 2026-09-09 22:43:09.044 [Thread-4] GameCharacter checkReachGameWall():99 - Character collided with left wall: x=0
[DEBUG] Wed 2026-09-09 22:43:09.065 [Thread-4] GameCharacter checkReachGameWall():99 - Character collided with left wall: x=0
[DEBUG] Wed 2026-09-09 22:43:09.086 [Thread-4] GameCharacter checkReachGameWall():99 - Character collided with left wall: x=0
[DEBUG] Wed 2026-09-09 22:43:09.106 [Thread-4] GameCharacter checkReachGameWall():99 - Character collided with left wall: x=0
[DEBUG] Wed 2026-09-09 22:43:09.123 [Thread-4] GameCharacter checkReachGameWall():99 - Character collided with left wall: x=0
[DEBUG] Wed 2026-09-09 22:43:09.142 [Thread-4] GameCharacter checkReachGameWall():99 - Character collided with left wall: x=0
[DEBUG] Wed 2026-09-09 22:43:09.161 [Thread-4] GameCharacter checkReachGameWall():99 - Character collided with left wall: x=0
[DEBUG] Wed 2026-09-09 22:43:09.181 [Thread-4] GameCharacter checkReachGameWall():99 - Character collided with left wall: x=0
[DEBUG] Wed 2026-09-09 22:43:09.201 [Thread-4] GameCharacter checkReachGameWall():99 - Character collided with left wall: x=0
[DEBUG] Wed 2026-09-09 22:43:09.221 [Thread-4] GameCharacter checkReachGameWall():99 - Character collided with left wall: x=0
[DEBUG] Wed 2026-09-09 22:43:09.238 [Thread-4] GameCharacter checkReachGameWall():99 - Character collided with left wall: x=0
[DEBUG] Wed 2026-09-09 22:43:09.258 [Thread-4] GameCharacter checkReachGameWall():99 - Character collided with left wall: x=0
[DEBUG] Wed 2026-09-09 22:43:09.278 [Thread-4] GameCharacter checkReachGameWall():99 - Character collided with left wall: x=0
[DEBUG] Wed 2026-09-09 22:43:09.297 [Thread-4] GameCharacter checkReachGameWall():99 - Character collided with left wall: x=0
[DEBUG] Wed 2026-09-09 22:43:09.317 [Thread-4] GameCharacter checkReachGameWall():99 - Character collided with left wall: x=0
[DEBUG] Wed 2026-09-09 22:43:09.336 [Thread-4] GameCharacter checkReachGameWall():99 - Character collided with left wall: x=0
[DEBUG] Wed 2026-09-09 22:43:09.356 [Thread-4] GameCharacter checkReachGameWall():99 - Character collided with left wall: x=0
[DEBUG] Wed 2026-09-09 22:43:09.374 [Thread-4] GameCharacter checkReachGameWall():99 - Character collided with left wall: x=0
[DEBUG] Wed 2026-09-09 22:43:09.391 [Thread-4] GameCharacter checkReachGameWall():99 - Character collided with left wall: x=0
[DEBUG] Wed 2026-09-09 22:43:09.408 [Thread-4] GameCharacter checkReachGameWall():99 - Character collided with left wall: x=0
[DEBUG] Wed 2026-09-09 22:43:09.429 [Thread-4] GameCharacter checkReachGameWall():99 - Character collided with left wall: x=0
[DEBUG] Wed 2026-09-09 22:43:09.449 [Thread-4] GameCharacter checkReachGameWall():99 - Character collided with left wall: x=0
[DEBUG] Wed 2026-09-09 22:43:09.468 [Thread-4] GameCharacter checkReachGameWall():99 - Character collided with left wall: x=0
[DEBUG] Wed 2026-09-09 22:43:09.488 [Thread-4] GameCharacter checkReachGameWall():99 - Character collided with left wall: x=0
[DEBUG] Wed 2026-09-09 22:43:09.507 [Thread-4] GameCharacter checkReachGameWall():99 - Character collided with left wall: x=0
[DEBUG] Wed 2026-09-09 22:43:09.526 [Thread-4] GameCharacter checkReachGameWall():99 - Character collided with left wall: x=0
[DEBUG] Wed 2026-09-09 22:43:09.546 [Thread-4] GameCharacter checkReachGameWall():99 - Character collided with left wall: x=0
[DEBUG] Wed 2026-09-09 22:43:09.567 [Thread-4] GameCharacter checkReachGameWall():99 - Character collided with left wall: x=0
[DEBUG] Wed 2026-09-09 22:43:09.587 [Thread-4] GameCharacter checkReachGameWall():99 - Character collided with left wall: x=0
[DEBUG] Wed 2026-09-09 22:43:09.604 [Thread-4] GameCharacter checkReachGameWall():99 - Character collided with left wall: x=0
[DEBUG] Wed 2026-09-09 22:43:09.624 [Thread-4] GameCharacter checkReachGameWall():99 - Character collided with left wall: x=0
[DEBUG] Wed 2026-09-09 22:43:09.642 [Thread-4] GameCharacter checkReachGameWall():99 - Character collided with left wall: x=0
[DEBUG] Wed 2026-09-09 22:43:09.662 [Thread-4] GameCharacter checkReachGameWall():99 - Character collided with left wall: x=0
[DEBUG] Wed 2026-09-09 22:43:09.682 [Thread-4] GameCharacter checkReachGameWall():99 - Character collided with left wall: x=0
[DEBUG] Wed 2026-09-09 22:43:09.699 [Thread-4] GameCharacter checkReachGameWall():99 - Character collided with left wall: x=0
[DEBUG] Wed 2026-09-09 22:43:09.719 [Thread-4] GameCharacter checkReachGameWall():99 - Character collided with left wall: x=0
[DEBUG] Wed 2026-09-09 22:43:09.740 [Thread-4] GameCharacter checkReachGameWall():99 - Character collided with left wall: x=0
[DEBUG] Wed 2026-09-09 22:43:09.758 [Thread-4] GameCharacter checkReachGameWall():99 - Character collided with left wall: x=0
[DEBUG] Wed 2026-09-09 22:43:09.778 [Thread-4] GameCharacter checkReachGameWall():99 - Character collided with left wall: x=0
[DEBUG] Wed 2026-09-09 22:43:09.798 [Thread-4] GameCharacter checkReachGameWall():99 - Character collided with left wall: x=0
[DEBUG] Wed 2026-09-09 22:43:09.818 [Thread-4] GameCharacter checkReachGameWall():99 - Character collided with left wall: x=0
[DEBUG] Wed 2026-09-09 22:43:09.839 [Thread-4] GameCharacter checkReachGameWall():99 - Character collided with left wall: x=0
[DEBUG] Wed 2026-09-09 22:43:09.859 [Thread-4] GameCharacter checkReachGameWall():99 - Character collided with left wall: x=0
[DEBUG] Wed 2026-09-09 22:43:09.876 [Thread-4] GameCharacter checkReachGameWall():99 - Character collided with left wall: x=0
[DEBUG] Wed 2026-09-09 22:43:09.897 [Thread-4] GameCharacter checkReachGameWall():99 - Character collided with left wall: x=0
[DEBUG] Wed 2026-09-09 22:43:09.917 [Thread-4] GameCharacter checkReachGameWall():99 - Character collided with left wall: x=0
[DEBUG] Wed 2026-09-09 22:43:09.937 [Thread-4] GameCharacter checkReachGameWall():99 - Character collided with left wall: x=0
[DEBUG] Wed 2026-09-09 22:43:09.956 [Thread-4] GameCharacter checkReachGameWall():99 - Character collided with left wall: x=0
[DEBUG] Wed 2026-09-09 22:43:09.976 [Thread-4] GameCharacter checkReachGameWall():99 - Character collided with left wall: x=0
[DEBUG] Wed 2026-09-09 22:43:09.997 [Thread-4] GameCharacter checkReachGameWall():99 - Character collided with left wall: x=0
[DEBUG] Wed 2026-09-09 22:43:10.017 [Thread-4] GameCharacter checkReachGameWall():99 - Character collided with left wall: x=0
[DEBUG] Wed 2026-09-09 22:43:10.037 [Thread-4] GameCharacter checkReachGameWall():99 - Character collided with left wall: x=0
[DEBUG] Wed 2026-09-09 22:43:10.054 [Thread-4] GameCharacter checkReachGameWall():99 - Character collided with left wall: x=0
[DEBUG] Wed 2026-09-09 22:43:10.072 [Thread-4] GameCharacter checkReachGameWall():99 - Character collided with left wall: x=0
[DEBUG] Wed 2026-09-09 22:43:10.090 [Thread-4] GameCharacter checkReachGameWall():99 - Character collided with left wall: x=0
[DEBUG] Wed 2026-09-09 22:43:10.110 [Thread-4] GameCharacter checkReachGameWall():99 - Character collided with left wall: x=0
[DEBUG] Wed 2026-09-09 22:43:10.131 [Thread-4] GameCharacter checkReachGameWall():99 - Character collided with left wall: x=0
[DEBUG] Wed 2026-09-09 22:43:10.152 [Thread-4] GameCharacter checkReachGameWall():99 - Character collided with left wall: x=0
[DEBUG] Wed 2026-09-09 22:43:10.169 [Thread-4] GameCharacter checkReachGameWall():99 - Character collided with left wall: x=0
[DEBUG] Wed 2026-09-09 22:43:10.190 [Thread-4] GameCharacter checkReachGameWall():99 - Character collided with left wall: x=0
[DEBUG] Wed 2026-09-09 22:43:10.209 [Thread-4] GameCharacter checkReachGameWall():99 - Character collided with left wall: x=0
[DEBUG] Wed 2026-09-09 22:43:10.226 [Thread-4] GameCharacter checkReachGameWall():99 - Character collided with left wall: x=0
[DEBUG] Wed 2026-09-09 22:43:10.244 [Thread-4] GameCharacter checkReachGameWall():99 - Character collided with left wall: x=0
[DEBUG] Wed 2026-09-09 22:43:10.261 [Thread-4] GameCharacter checkReachGameWall():99 - Character collided with left wall: x=0
[ INFO] Wed 2026-09-09 22:43:10.265 [Thread-3] GameCharacter trace():155 - x:509 y:251 vx:7 vy:0
[DEBUG] Wed 2026-09-09 22:43:10.279 [Thread-4] GameCharacter checkReachGameWall():99 - Character collided with left wall: x=0
[DEBUG] Wed 2026-09-09 22:43:10.300 [Thread-4] GameCharacter checkReachGameWall():99 - Character collided with left wall: x=0
[DEBUG] Wed 2026-09-09 22:43:10.320 [Thread-4] GameCharacter checkReachGameWall():99 - Character collided with left wall: x=0
[DEBUG] Wed 2026-09-09 22:43:10.337 [Thread-4] GameCharacter checkReachGameWall():99 - Character collided with left wall: x=0
[DEBUG] Wed 2026-09-09 22:43:10.356 [Thread-4] GameCharacter checkReachGameWall():99 - Character collided with left wall: x=0
[ INFO] Wed 2026-09-09 22:43:10.366 [Thread-3] GameCharacter trace():155 - x:474 y:251 vx:7 vy:0
[DEBUG] Wed 2026-09-09 22:43:10.376 [Thread-4] GameCharacter checkReachGameWall():99 - Character collided with left wall: x=0
[DEBUG] Wed 2026-09-09 22:43:10.396 [Thread-4] GameCharacter checkReachGameWall():99 - Character collided with left wall: x=0
[DEBUG] Wed 2026-09-09 22:43:10.413 [Thread-4] GameCharacter checkReachGameWall():99 - Character collided with left wall: x=0
[DEBUG] Wed 2026-09-09 22:43:10.434 [Thread-4] GameCharacter checkReachGameWall():99 - Character collided with left wall: x=0
[DEBUG] Wed 2026-09-09 22:43:10.454 [Thread-4] GameCharacter checkReachGameWall():99 - Character collided with left wall: x=0
[ INFO] Wed 2026-09-09 22:43:10.471 [Thread-3] GameCharacter trace():155 - x:439 y:251 vx:7 vy:0
[DEBUG] Wed 2026-09-09 22:43:10.472 [Thread-4] GameCharacter checkReachGameWall():99 - Character collided with left wall: x=0
[DEBUG] Wed 2026-09-09 22:43:10.491 [Thread-4] GameCharacter checkReachGameWall():99 - Character collided with left wall: x=0
[DEBUG] Wed 2026-09-09 22:43:10.510 [Thread-4] GameCharacter checkReachGameWall():99 - Character collided with left wall: x=0
[DEBUG] Wed 2026-09-09 22:43:10.529 [Thread-4] GameCharacter checkReachGameWall():99 - Character collided with left wall: x=0
[DEBUG] Wed 2026-09-09 22:43:10.547 [Thread-4] GameCharacter checkReachGameWall():99 - Character collided with left wall: x=0
[DEBUG] Wed 2026-09-09 22:43:10.568 [Thread-4] GameCharacter checkReachGameWall():99 - Character collided with left wall: x=0
[DEBUG] Wed 2026-09-09 22:43:10.589 [Thread-4] GameCharacter checkReachGameWall():99 - Character collided with left wall: x=0
[DEBUG] Wed 2026-09-09 22:43:10.607 [Thread-4] GameCharacter checkReachGameWall():99 - Character collided with left wall: x=0
[DEBUG] Wed 2026-09-09 22:43:10.628 [Thread-4] GameCharacter checkReachGameWall():99 - Character collided with left wall: x=0
[DEBUG] Wed 2026-09-09 22:43:10.648 [Thread-4] GameCharacter checkReachGameWall():99 - Character collided with left wall: x=0
[DEBUG] Wed 2026-09-09 22:43:10.668 [Thread-4] GameCharacter checkReachGameWall():99 - Character collided with left wall: x=0
[DEBUG] Wed 2026-09-09 22:43:10.686 [Thread-4] GameCharacter checkReachGameWall():99 - Character collided with left wall: x=0
[DEBUG] Wed 2026-09-09 22:43:10.706 [Thread-4] GameCharacter checkReachGameWall():99 - Character collided with left wall: x=0
[DEBUG] Wed 2026-09-09 22:43:10.724 [Thread-4] GameCharacter checkReachGameWall():99 - Character collided with left wall: x=0
[DEBUG] Wed 2026-09-09 22:43:10.744 [Thread-4] GameCharacter checkReachGameWall():99 - Character collided with left wall: x=0
[DEBUG] Wed 2026-09-09 22:43:10.763 [Thread-4] GameCharacter checkReachGameWall():99 - Character collided with left wall: x=0
[DEBUG] Wed 2026-09-09 22:43:10.781 [Thread-4] GameCharacter checkReachGameWall():99 - Character collided with left wall: x=0
[DEBUG] Wed 2026-09-09 22:43:10.801 [Thread-4] GameCharacter checkReachGameWall():99 - Character collided with left wall: x=0
[DEBUG] Wed 2026-09-09 22:43:10.825 [Thread-4] GameCharacter checkReachGameWall():99 - Character collided with left wall: x=0
[DEBUG] Wed 2026-09-09 22:43:10.843 [Thread-4] GameCharacter checkReachGameWall():99 - Character collided with left wall: x=0
[DEBUG] Wed 2026-09-09 22:43:10.860 [Thread-4] GameCharacter checkReachGameWall():99 - Character collided with left wall: x=0
[DEBUG] Wed 2026-09-09 22:43:10.878 [Thread-4] GameCharacter checkReachGameWall():99 - Character collided with left wall: x=0
[DEBUG] Wed 2026-09-09 22:43:10.898 [Thread-4] GameCharacter checkReachGameWall():99 - Character collided with left wall: x=0
[DEBUG] Wed 2026-09-09 22:43:10.918 [Thread-4] GameCharacter checkReachGameWall():99 - Character collided with left wall: x=0
[DEBUG] Wed 2026-09-09 22:43:10.938 [Thread-4] GameCharacter checkReachGameWall():99 - Character collided with left wall: x=0
[DEBUG] Wed 2026-09-09 22:43:10.958 [Thread-4] GameCharacter checkReachGameWall():99 - Character collided with left wall: x=0
[DEBUG] Wed 2026-09-09 22:43:10.974 [Thread-4] GameCharacter checkReachGameWall():99 - Character collided with left wall: x=0
[ INFO] Wed 2026-09-09 22:43:10.988 [Thread-3] GameCharacter trace():155 - x:397 y:251 vx:7 vy:0
[DEBUG] Wed 2026-09-09 22:43:10.991 [Thread-4] GameCharacter checkReachGameWall():99 - Character collided with left wall: x=0
[ INFO] Wed 2026-09-09 22:43:11.093 [Thread-3] GameCharacter trace():155 - x:397 y:251 vx:7 vy:0
[ INFO] Wed 2026-09-09 22:43:12.333 [Thread-3] GameCharacter trace():155 - x:397 y:251 vx:7 vy:0
[ INFO] Wed 2026-09-09 22:43:12.438 [Thread-3] GameCharacter trace():155 - x:397 y:251 vx:7 vy:0
[ INFO] Wed 2026-09-09 22:43:13.166 [Thread-3] GameCharacter trace():155 - x:397 y:251 vx:7 vy:0
[DEBUG] Wed 2026-09-09 22:43:13.214 [Thread-4] GameCharacter checkReachGameWall():99 - Character collided with left wall: x=0
[DEBUG] Wed 2026-09-09 22:43:13.232 [Thread-4] GameCharacter checkReachGameWall():99 - Character collided with left wall: x=0
[DEBUG] Wed 2026-09-09 22:43:13.253 [Thread-4] GameCharacter checkReachGameWall():99 - Character collided with left wall: x=0
[DEBUG] Wed 2026-09-09 22:43:13.271 [Thread-4] GameCharacter checkReachGameWall():99 - Character collided with left wall: x=0
[ INFO] Wed 2026-09-09 22:43:13.271 [Thread-3] GameCharacter trace():155 - x:397 y:251 vx:7 vy:0
[DEBUG] Wed 2026-09-09 22:43:13.289 [Thread-4] GameCharacter checkReachGameWall():99 - Character collided with left wall: x=0
[DEBUG] Wed 2026-09-09 22:43:13.309 [Thread-4] GameCharacter checkReachGameWall():99 - Character collided with left wall: x=0
[DEBUG] Wed 2026-09-09 22:43:13.330 [Thread-4] GameCharacter checkReachGameWall():99 - Character collided with left wall: x=0
[DEBUG] Wed 2026-09-09 22:43:13.350 [Thread-4] GameCharacter checkReachGameWall():99 - Character collided with left wall: x=0
[DEBUG] Wed 2026-09-09 22:43:13.369 [Thread-4] GameCharacter checkReachGameWall():99 - Character collided with left wall: x=0
[DEBUG] Wed 2026-09-09 22:43:13.386 [Thread-4] GameCharacter checkReachGameWall():99 - Character collided with left wall: x=0
[DEBUG] Wed 2026-09-09 22:43:13.403 [Thread-4] GameCharacter checkReachGameWall():99 - Character collided with left wall: x=0
[DEBUG] Wed 2026-09-09 22:43:13.422 [Thread-4] GameCharacter checkReachGameWall():99 - Character collided with left wall: x=0
[DEBUG] Wed 2026-09-09 22:43:13.443 [Thread-4] GameCharacter checkReachGameWall():99 - Character collided with left wall: x=0
[DEBUG] Wed 2026-09-09 22:43:13.463 [Thread-4] GameCharacter checkReachGameWall():99 - Character collided with left wall: x=0
[DEBUG] Wed 2026-09-09 22:43:13.481 [Thread-4] GameCharacter checkReachGameWall():99 - Character collided with left wall: x=0
[DEBUG] Wed 2026-09-09 22:43:13.499 [Thread-4] GameCharacter checkReachGameWall():99 - Character collided with left wall: x=0
[DEBUG] Wed 2026-09-09 22:43:13.517 [Thread-4] GameCharacter checkReachGameWall():99 - Character collided with left wall: x=0
[DEBUG] Wed 2026-09-09 22:43:13.537 [Thread-4] GameCharacter checkReachGameWall():99 - Character collided with left wall: x=0
[DEBUG] Wed 2026-09-09 22:43:13.556 [Thread-4] GameCharacter checkReachGameWall():99 - Character collided with left wall: x=0
[DEBUG] Wed 2026-09-09 22:43:13.576 [Thread-4] GameCharacter checkReachGameWall():99 - Character collided with left wall: x=0
[DEBUG] Wed 2026-09-09 22:43:13.594 [Thread-4] GameCharacter checkReachGameWall():99 - Character collided with left wall: x=0
[DEBUG] Wed 2026-09-09 22:43:13.612 [Thread-4] GameCharacter checkReachGameWall():99 - Character collided with left wall: x=0
[DEBUG] Wed 2026-09-09 22:43:13.633 [Thread-4] GameCharacter checkReachGameWall():99 - Character collided with left wall: x=0
[DEBUG] Wed 2026-09-09 22:43:13.653 [Thread-4] GameCharacter checkReachGameWall():99 - Character collided with left wall: x=0
[DEBUG] Wed 2026-09-09 22:43:13.674 [Thread-4] GameCharacter checkReachGameWall():99 - Character collided with left wall: x=0
[DEBUG] Wed 2026-09-09 22:43:13.694 [Thread-4] GameCharacter checkReachGameWall():99 - Character collided with left wall: x=0
[DEBUG] Wed 2026-09-09 22:43:13.714 [Thread-4] GameCharacter checkReachGameWall():99 - Character collided with left wall: x=0
[DEBUG] Wed 2026-09-09 22:43:13.735 [Thread-4] GameCharacter checkReachGameWall():99 - Character collided with left wall: x=0
[DEBUG] Wed 2026-09-09 22:43:13.755 [Thread-4] GameCharacter checkReachGameWall():99 - Character collided with left wall: x=0
[DEBUG] Wed 2026-09-09 22:43:13.775 [Thread-4] GameCharacter checkReachGameWall():99 - Character collided with left wall: x=0
[DEBUG] Wed 2026-09-09 22:43:13.795 [Thread-4] GameCharacter checkReachGameWall():99 - Character collided with left wall: x=0
[DEBUG] Wed 2026-09-09 22:43:13.812 [Thread-4] GameCharacter checkReachGameWall():99 - Character collided with left wall: x=0
[DEBUG] Wed 2026-09-09 22:43:13.830 [Thread-4] GameCharacter checkReachGameWall():99 - Character collided with left wall: x=0
[DEBUG] Wed 2026-09-09 22:43:13.847 [Thread-4] GameCharacter checkReachGameWall():99 - Character collided with left wall: x=0
[DEBUG] Wed 2026-09-09 22:43:13.867 [Thread-4] GameCharacter checkReachGameWall():99 - Character collided with left wall: x=0
[DEBUG] Wed 2026-09-09 22:43:13.884 [Thread-4] GameCharacter checkReachGameWall():99 - Character collided with left wall: x=0
[DEBUG] Wed 2026-09-09 22:43:13.904 [Thread-4] GameCharacter checkReachGameWall():99 - Character collided with left wall: x=0
[DEBUG] Wed 2026-09-09 22:43:13.925 [Thread-4] GameCharacter checkReachGameWall():99 - Character collided with left wall: x=0
[DEBUG] Wed 2026-09-09 22:43:13.945 [Thread-4] GameCharacter checkReachGameWall():99 - Character collided with left wall: x=0
[DEBUG] Wed 2026-09-09 22:43:13.965 [Thread-4] GameCharacter checkReachGameWall():99 - Character collided with left wall: x=0
[DEBUG] Wed 2026-09-09 22:43:13.985 [Thread-4] GameCharacter checkReachGameWall():99 - Character collided with left wall: x=0
[DEBUG] Wed 2026-09-09 22:43:14.003 [Thread-4] GameCharacter checkReachGameWall():99 - Character collided with left wall: x=0
[DEBUG] Wed 2026-09-09 22:43:14.022 [Thread-4] GameCharacter checkReachGameWall():99 - Character collided with left wall: x=0
[DEBUG] Wed 2026-09-09 22:43:14.043 [Thread-4] GameCharacter checkReachGameWall():99 - Character collided with left wall: x=0
[DEBUG] Wed 2026-09-09 22:43:14.063 [Thread-4] GameCharacter checkReachGameWall():99 - Character collided with left wall: x=0
[DEBUG] Wed 2026-09-09 22:43:14.082 [Thread-4] GameCharacter checkReachGameWall():99 - Character collided with left wall: x=0
[DEBUG] Wed 2026-09-09 22:43:14.103 [Thread-4] GameCharacter checkReachGameWall():99 - Character collided with left wall: x=0
[DEBUG] Wed 2026-09-09 22:43:14.123 [Thread-4] GameCharacter checkReachGameWall():99 - Character collided with left wall: x=0
[DEBUG] Wed 2026-09-09 22:43:14.144 [Thread-4] GameCharacter checkReachGameWall():99 - Character collided with left wall: x=0
[DEBUG] Wed 2026-09-09 22:43:14.164 [Thread-4] GameCharacter checkReachGameWall():99 - Character collided with left wall: x=0
[DEBUG] Wed 2026-09-09 22:43:14.184 [Thread-4] GameCharacter checkReachGameWall():99 - Character collided with left wall: x=0
[DEBUG] Wed 2026-09-09 22:43:14.204 [Thread-4] GameCharacter checkReachGameWall():99 - Character collided with left wall: x=0
[DEBUG] Wed 2026-09-09 22:43:14.221 [Thread-4] GameCharacter checkReachGameWall():99 - Character collided with left wall: x=0
[DEBUG] Wed 2026-09-09 22:43:14.239 [Thread-4] GameCharacter checkReachGameWall():99 - Character collided with left wall: x=0
[DEBUG] Wed 2026-09-09 22:43:14.256 [Thread-4] GameCharacter checkReachGameWall():99 - Character collided with left wall: x=0
[DEBUG] Wed 2026-09-09 22:43:14.275 [Thread-4] GameCharacter checkReachGameWall():99 - Character collided with left wall: x=0
[DEBUG] Wed 2026-09-09 22:43:14.295 [Thread-4] GameCharacter checkReachGameWall():99 - Character collided with left wall: x=0
[DEBUG] Wed 2026-09-09 22:43:14.315 [Thread-4] GameCharacter checkReachGameWall():99 - Character collided with left wall: x=0
[DEBUG] Wed 2026-09-09 22:43:14.336 [Thread-4] GameCharacter checkReachGameWall():99 - Character collided with left wall: x=0
[DEBUG] Wed 2026-09-09 22:43:14.355 [Thread-4] GameCharacter checkReachGameWall():99 - Character collided with left wall: x=0
[DEBUG] Wed 2026-09-09 22:43:14.376 [Thread-4] GameCharacter checkReachGameWall():99 - Character collided with left wall: x=0
[DEBUG] Wed 2026-09-09 22:43:14.393 [Thread-4] GameCharacter checkReachGameWall():99 - Character collided with left wall: x=0
[DEBUG] Wed 2026-09-09 22:43:14.413 [Thread-4] GameCharacter checkReachGameWall():99 - Character collided with left wall: x=0
[DEBUG] Wed 2026-09-09 22:43:14.433 [Thread-4] GameCharacter checkReachGameWall():99 - Character collided with left wall: x=0
[DEBUG] Wed 2026-09-09 22:43:14.451 [Thread-4] GameCharacter checkReachGameWall():99 - Character collided with left wall: x=0
[DEBUG] Wed 2026-09-09 22:43:14.472 [Thread-4] GameCharacter checkReachGameWall():99 - Character collided with left wall: x=0
[DEBUG] Wed 2026-09-09 22:43:14.490 [Thread-4] GameCharacter checkReachGameWall():99 - Character collided with left wall: x=0
[DEBUG] Wed 2026-09-09 22:43:14.510 [Thread-4] GameCharacter checkReachGameWall():99 - Character collided with left wall: x=0
[DEBUG] Wed 2026-09-09 22:43:14.530 [Thread-4] GameCharacter checkReachGameWall():99 - Character collided with left wall: x=0
[DEBUG] Wed 2026-09-09 22:43:14.551 [Thread-4] GameCharacter checkReachGameWall():99 - Character collided with left wall: x=0
[DEBUG] Wed 2026-09-09 22:43:14.568 [Thread-4] GameCharacter checkReachGameWall():99 - Character collided with left wall: x=0
[DEBUG] Wed 2026-09-09 22:43:14.585 [Thread-4] GameCharacter checkReachGameWall():99 - Character collided with left wall: x=0
[DEBUG] Wed 2026-09-09 22:43:14.605 [Thread-4] GameCharacter checkReachGameWall():99 - Character collided with left wall: x=0
[DEBUG] Wed 2026-09-09 22:43:14.624 [Thread-4] GameCharacter checkReachGameWall():99 - Character collided with left wall: x=0
[DEBUG] Wed 2026-09-09 22:43:14.645 [Thread-4] GameCharacter checkReachGameWall():99 - Character collided with left wall: x=0
[DEBUG] Wed 2026-09-09 22:43:14.665 [Thread-4] GameCharacter checkReachGameWall():99 - Character collided with left wall: x=0
[DEBUG] Wed 2026-09-09 22:43:14.686 [Thread-4] GameCharacter checkReachGameWall():99 - Character collided with left wall: x=0
[DEBUG] Wed 2026-09-09 22:43:14.706 [Thread-4] GameCharacter checkReachGameWall():99 - Character collided with left wall: x=0
[DEBUG] Wed 2026-09-09 22:43:14.723 [Thread-4] GameCharacter checkReachGameWall():99 - Character collided with left wall: x=0
[DEBUG] Wed 2026-09-09 22:43:14.744 [Thread-4] GameCharacter checkReachGameWall():99 - Character collided with left wall: x=0
[DEBUG] Wed 2026-09-09 22:43:14.764 [Thread-4] GameCharacter checkReachGameWall():99 - Character collided with left wall: x=0
[DEBUG] Wed 2026-09-09 22:43:14.785 [Thread-4] GameCharacter checkReachGameWall():99 - Character collided with left wall: x=0
[DEBUG] Wed 2026-09-09 22:43:14.803 [Thread-4] GameCharacter checkReachGameWall():99 - Character collided with left wall: x=0
[DEBUG] Wed 2026-09-09 22:43:14.820 [Thread-4] GameCharacter checkReachGameWall():99 - Character collided with left wall: x=0
[DEBUG] Wed 2026-09-09 22:43:14.838 [Thread-4] GameCharacter checkReachGameWall():99 - Character collided with left wall: x=0
[DEBUG] Wed 2026-09-09 22:43:14.855 [Thread-4] GameCharacter checkReachGameWall():99 - Character collided with left wall: x=0
[DEBUG] Wed 2026-09-09 22:43:14.876 [Thread-4] GameCharacter checkReachGameWall():99 - Character collided with left wall: x=0
[DEBUG] Wed 2026-09-09 22:43:14.895 [Thread-4] GameCharacter checkReachGameWall():99 - Character collided with left wall: x=0
[DEBUG] Wed 2026-09-09 22:43:14.913 [Thread-4] GameCharacter checkReachGameWall():99 - Character collided with left wall: x=0
[DEBUG] Wed 2026-09-09 22:43:14.933 [Thread-4] GameCharacter checkReachGameWall():99 - Character collided with left wall: x=0
[DEBUG] Wed 2026-09-09 22:43:14.950 [Thread-4] GameCharacter checkReachGameWall():99 - Character collided with left wall: x=0
[DEBUG] Wed 2026-09-09 22:43:14.971 [Thread-4] GameCharacter checkReachGameWall():99 - Character collided with left wall: x=0
[DEBUG] Wed 2026-09-09 22:43:14.988 [Thread-4] GameCharacter checkReachGameWall():99 - Character collided with left wall: x=0
[DEBUG] Wed 2026-09-09 22:43:15.004 [Thread-4] GameCharacter checkReachGameWall():99 - Character collided with left wall: x=0
[DEBUG] Wed 2026-09-09 22:43:15.021 [Thread-4] GameCharacter checkReachGameWall():99 - Character collided with left wall: x=0
[DEBUG] Wed 2026-09-09 22:43:15.038 [Thread-4] GameCharacter checkReachGameWall():99 - Character collided with left wall: x=0
[DEBUG] Wed 2026-09-09 22:43:15.057 [Thread-4] GameCharacter checkReachGameWall():99 - Character collided with left wall: x=0
[DEBUG] Wed 2026-09-09 22:43:15.077 [Thread-4] GameCharacter checkReachGameWall():99 - Character collided with left wall: x=0
[DEBUG] Wed 2026-09-09 22:43:15.096 [Thread-4] GameCharacter checkReachGameWall():99 - Character collided with left wall: x=0
[DEBUG] Wed 2026-09-09 22:43:15.114 [Thread-4] GameCharacter checkReachGameWall():99 - Character collided with left wall: x=0
[DEBUG] Wed 2026-09-09 22:43:15.134 [Thread-4] GameCharacter checkReachGameWall():99 - Character collided with left wall: x=0
[DEBUG] Wed 2026-09-09 22:43:15.155 [Thread-4] GameCharacter checkReachGameWall():99 - Character collided with left wall: x=0
[DEBUG] Wed 2026-09-09 22:43:15.172 [Thread-4] GameCharacter checkReachGameWall():99 - Character collided with left wall: x=0
[DEBUG] Wed 2026-09-09 22:43:15.192 [Thread-4] GameCharacter checkReachGameWall():99 - Character collided with left wall: x=0
[DEBUG] Wed 2026-09-09 22:43:15.212 [Thread-4] GameCharacter checkReachGameWall():99 - Character collided with left wall: x=0
[DEBUG] Wed 2026-09-09 22:43:15.230 [Thread-4] GameCharacter checkReachGameWall():99 - Character collided with left wall: x=0
[DEBUG] Wed 2026-09-09 22:43:15.249 [Thread-4] GameCharacter checkReachGameWall():99 - Character collided with left wall: x=0
[DEBUG] Wed 2026-09-09 22:43:15.268 [Thread-4] GameCharacter checkReachGameWall():99 - Character collided with left wall: x=0
[DEBUG] Wed 2026-09-09 22:43:15.288 [Thread-4] GameCharacter checkReachGameWall():99 - Character collided with left wall: x=0
[DEBUG] Wed 2026-09-09 22:43:15.305 [Thread-4] GameCharacter checkReachGameWall():99 - Character collided with left wall: x=0
[DEBUG] Wed 2026-09-09 22:43:15.322 [Thread-4] GameCharacter checkReachGameWall():99 - Character collided with left wall: x=0
[DEBUG] Wed 2026-09-09 22:43:15.340 [Thread-4] GameCharacter checkReachGameWall():99 - Character collided with left wall: x=0
[DEBUG] Wed 2026-09-09 22:43:15.359 [Thread-4] GameCharacter checkReachGameWall():99 - Character collided with left wall: x=0
[DEBUG] Wed 2026-09-09 22:43:15.379 [Thread-4] GameCharacter checkReachGameWall():99 - Character collided with left wall: x=0
[DEBUG] Wed 2026-09-09 22:43:15.396 [Thread-4] GameCharacter checkReachGameWall():99 - Character collided with left wall: x=0
[DEBUG] Wed 2026-09-09 22:43:15.416 [Thread-4] GameCharacter checkReachGameWall():99 - Character collided with left wall: x=0
[DEBUG] Wed 2026-09-09 22:43:15.436 [Thread-4] GameCharacter checkReachGameWall():99 - Character collided with left wall: x=0
[DEBUG] Wed 2026-09-09 22:43:15.456 [Thread-4] GameCharacter checkReachGameWall():99 - Character collided with left wall: x=0
[DEBUG] Wed 2026-09-09 22:43:15.476 [Thread-4] GameCharacter checkReachGameWall():99 - Character collided with left wall: x=0
[DEBUG] Wed 2026-09-09 22:43:15.496 [Thread-4] GameCharacter checkReachGameWall():99 - Character collided with left wall: x=0
[DEBUG] Wed 2026-09-09 22:43:15.517 [Thread-4] GameCharacter checkReachGameWall():99 - Character collided with left wall: x=0
[DEBUG] Wed 2026-09-09 22:43:15.535 [Thread-4] GameCharacter checkReachGameWall():99 - Character collided with left wall: x=0
[DEBUG] Wed 2026-09-09 22:43:15.554 [Thread-4] GameCharacter checkReachGameWall():99 - Character collided with left wall: x=0
[DEBUG] Wed 2026-09-09 22:43:15.575 [Thread-4] GameCharacter checkReachGameWall():99 - Character collided with left wall: x=0
[DEBUG] Wed 2026-09-09 22:43:15.593 [Thread-4] GameCharacter checkReachGameWall():99 - Character collided with left wall: x=0
[DEBUG] Wed 2026-09-09 22:43:15.609 [Thread-4] GameCharacter checkReachGameWall():99 - Character collided with left wall: x=0
[DEBUG] Wed 2026-09-09 22:43:15.630 [Thread-4] GameCharacter checkReachGameWall():99 - Character collided with left wall: x=0
[DEBUG] Wed 2026-09-09 22:43:15.650 [Thread-4] GameCharacter checkReachGameWall():99 - Character collided with left wall: x=0
[DEBUG] Wed 2026-09-09 22:43:15.667 [Thread-4] GameCharacter checkReachGameWall():99 - Character collided with left wall: x=0
[DEBUG] Wed 2026-09-09 22:43:15.687 [Thread-4] GameCharacter checkReachGameWall():99 - Character collided with left wall: x=0
[DEBUG] Wed 2026-09-09 22:43:15.706 [Thread-4] GameCharacter checkReachGameWall():99 - Character collided with left wall: x=0
[DEBUG] Wed 2026-09-09 22:43:15.727 [Thread-4] GameCharacter checkReachGameWall():99 - Character collided with left wall: x=0
[DEBUG] Wed 2026-09-09 22:43:15.747 [Thread-4] GameCharacter checkReachGameWall():99 - Character collided with left wall: x=0
[DEBUG] Wed 2026-09-09 22:43:15.766 [Thread-4] GameCharacter checkReachGameWall():99 - Character collided with left wall: x=0
[DEBUG] Wed 2026-09-09 22:43:15.783 [Thread-4] GameCharacter checkReachGameWall():99 - Character collided with left wall: x=0
[DEBUG] Wed 2026-09-09 22:43:15.802 [Thread-4] GameCharacter checkReachGameWall():99 - Character collided with left wall: x=0
[DEBUG] Wed 2026-09-09 22:43:15.821 [Thread-4] GameCharacter checkReachGameWall():99 - Character collided with left wall: x=0
[DEBUG] Wed 2026-09-09 22:43:15.840 [Thread-4] GameCharacter checkReachGameWall():99 - Character collided with left wall: x=0
[DEBUG] Wed 2026-09-09 22:43:15.860 [Thread-4] GameCharacter checkReachGameWall():99 - Character collided with left wall: x=0
[DEBUG] Wed 2026-09-09 22:43:15.877 [Thread-4] GameCharacter checkReachGameWall():99 - Character collided with left wall: x=0
[DEBUG] Wed 2026-09-09 22:43:15.896 [Thread-4] GameCharacter checkReachGameWall():99 - Character collided with left wall: x=0
[DEBUG] Wed 2026-09-09 22:43:15.914 [Thread-4] GameCharacter checkReachGameWall():99 - Character collided with left wall: x=0
[DEBUG] Wed 2026-09-09 22:43:15.932 [Thread-4] GameCharacter checkReachGameWall():99 - Character collided with left wall: x=0
[DEBUG] Wed 2026-09-09 22:43:15.951 [Thread-4] GameCharacter checkReachGameWall():99 - Character collided with left wall: x=0
[DEBUG] Wed 2026-09-09 22:43:15.971 [Thread-4] GameCharacter checkReachGameWall():99 - Character collided with left wall: x=0
[DEBUG] Wed 2026-09-09 22:43:15.988 [Thread-4] GameCharacter checkReachGameWall():99 - Character collided with left wall: x=0
[DEBUG] Wed 2026-09-09 22:43:16.009 [Thread-4] GameCharacter checkReachGameWall():99 - Character collided with left wall: x=0
[DEBUG] Wed 2026-09-09 22:43:16.029 [Thread-4] GameCharacter checkReachGameWall():99 - Character collided with left wall: x=0
[DEBUG] Wed 2026-09-09 22:43:16.049 [Thread-4] GameCharacter checkReachGameWall():99 - Character collided with left wall: x=0
[DEBUG] Wed 2026-09-09 22:43:16.067 [Thread-4] GameCharacter checkReachGameWall():99 - Character collided with left wall: x=0
[DEBUG] Wed 2026-09-09 22:43:16.087 [Thread-4] GameCharacter checkReachGameWall():99 - Character collided with left wall: x=0
[DEBUG] Wed 2026-09-09 22:43:16.105 [Thread-4] GameCharacter checkReachGameWall():99 - Character collided with left wall: x=0
[DEBUG] Wed 2026-09-09 22:43:16.122 [Thread-4] GameCharacter checkReachGameWall():99 - Character collided with left wall: x=0
[DEBUG] Wed 2026-09-09 22:43:16.139 [Thread-4] GameCharacter checkReachGameWall():99 - Character collided with left wall: x=0
[DEBUG] Wed 2026-09-09 22:43:16.157 [Thread-4] GameCharacter checkReachGameWall():99 - Character collided with left wall: x=0
[DEBUG] Wed 2026-09-09 22:43:16.175 [Thread-4] GameCharacter checkReachGameWall():99 - Character collided with left wall: x=0
[DEBUG] Wed 2026-09-09 22:43:16.194 [Thread-4] GameCharacter checkReachGameWall():99 - Character collided with left wall: x=0
[DEBUG] Wed 2026-09-09 22:43:16.215 [Thread-4] GameCharacter checkReachGameWall():99 - Character collided with left wall: x=0
[DEBUG] Wed 2026-09-09 22:43:16.235 [Thread-4] GameCharacter checkReachGameWall():99 - Character collided with left wall: x=0
[DEBUG] Wed 2026-09-09 22:43:16.255 [Thread-4] GameCharacter checkReachGameWall():99 - Character collided with left wall: x=0
[DEBUG] Wed 2026-09-09 22:43:16.276 [Thread-4] GameCharacter checkReachGameWall():99 - Character collided with left wall: x=0
[DEBUG] Wed 2026-09-09 22:43:16.295 [Thread-4] GameCharacter checkReachGameWall():99 - Character collided with left wall: x=0
[DEBUG] Wed 2026-09-09 22:43:16.313 [Thread-4] GameCharacter checkReachGameWall():99 - Character collided with left wall: x=0
[DEBUG] Wed 2026-09-09 22:43:16.330 [Thread-4] GameCharacter checkReachGameWall():99 - Character collided with left wall: x=0
[DEBUG] Wed 2026-09-09 22:43:16.350 [Thread-4] GameCharacter checkReachGameWall():99 - Character collided with left wall: x=0
[DEBUG] Wed 2026-09-09 22:43:16.370 [Thread-4] GameCharacter checkReachGameWall():99 - Character collided with left wall: x=0
[DEBUG] Wed 2026-09-09 22:43:16.390 [Thread-4] GameCharacter checkReachGameWall():99 - Character collided with left wall: x=0
[DEBUG] Wed 2026-09-09 22:43:16.410 [Thread-4] GameCharacter checkReachGameWall():99 - Character collided with left wall: x=0
[DEBUG] Wed 2026-09-09 22:43:16.431 [Thread-4] GameCharacter checkReachGameWall():99 - Character collided with left wall: x=0
[DEBUG] Wed 2026-09-09 22:43:16.451 [Thread-4] GameCharacter checkReachGameWall():99 - Character collided with left wall: x=0
[DEBUG] Wed 2026-09-09 22:43:16.469 [Thread-4] GameCharacter checkReachGameWall():99 - Character collided with left wall: x=0
[DEBUG] Wed 2026-09-09 22:43:16.488 [Thread-4] GameCharacter checkReachGameWall():99 - Character collided with left wall: x=0
[DEBUG] Wed 2026-09-09 22:43:16.509 [Thread-4] GameCharacter checkReachGameWall():99 - Character collided with left wall: x=0
[DEBUG] Wed 2026-09-09 22:43:16.528 [Thread-4] GameCharacter checkReachGameWall():99 - Character collided with left wall: x=0
[DEBUG] Wed 2026-09-09 22:43:16.546 [Thread-4] GameCharacter checkReachGameWall():99 - Character collided with left wall: x=0
[DEBUG] Wed 2026-09-09 22:43:16.563 [Thread-4] GameCharacter checkReachGameWall():99 - Character collided with left wall: x=0
[DEBUG] Wed 2026-09-09 22:43:16.581 [Thread-4] GameCharacter checkReachGameWall():99 - Character collided with left wall: x=0
[DEBUG] Wed 2026-09-09 22:43:16.600 [Thread-4] GameCharacter checkReachGameWall():99 - Character collided with left wall: x=0
[DEBUG] Wed 2026-09-09 22:43:16.621 [Thread-4] GameCharacter checkReachGameWall():99 - Character collided with left wall: x=0
[DEBUG] Wed 2026-09-09 22:43:16.638 [Thread-4] GameCharacter checkReachGameWall():99 - Character collided with left wall: x=0
[DEBUG] Wed 2026-09-09 22:43:16.656 [Thread-4] GameCharacter checkReachGameWall():99 - Character collided with left wall: x=0
[DEBUG] Wed 2026-09-09 22:43:16.675 [Thread-4] GameCharacter checkReachGameWall():99 - Character collided with left wall: x=0
[DEBUG] Wed 2026-09-09 22:43:16.694 [Thread-4] GameCharacter checkReachGameWall():99 - Character collided with left wall: x=0
[DEBUG] Wed 2026-09-09 22:43:16.710 [Thread-4] GameCharacter checkReachGameWall():99 - Character collided with left wall: x=0
[DEBUG] Wed 2026-09-09 22:43:16.730 [Thread-4] GameCharacter checkReachGameWall():99 - Character collided with left wall: x=0
[DEBUG] Wed 2026-09-09 22:43:16.747 [Thread-4] GameCharacter checkReachGameWall():99 - Character collided with left wall: x=0
[DEBUG] Wed 2026-09-09 22:43:16.768 [Thread-4] GameCharacter checkReachGameWall():99 - Character collided with left wall: x=0
[DEBUG] Wed 2026-09-09 22:43:16.788 [Thread-4] GameCharacter checkReachGameWall():99 - Character collided with left wall: x=0
[DEBUG] Wed 2026-09-09 22:43:16.806 [Thread-4] GameCharacter checkReachGameWall():99 - Character collided with left wall: x=0
[DEBUG] Wed 2026-09-09 22:43:16.826 [Thread-4] GameCharacter checkReachGameWall():99 - Character collided with left wall: x=0
[DEBUG] Wed 2026-09-09 22:43:16.844 [Thread-4] GameCharacter checkReachGameWall():99 - Character collided with left wall: x=0
[DEBUG] Wed 2026-09-09 22:43:16.864 [Thread-4] GameCharacter checkReachGameWall():99 - Character collided with left wall: x=0
[DEBUG] Wed 2026-09-09 22:43:16.885 [Thread-4] GameCharacter checkReachGameWall():99 - Character collided with left wall: x=0
[DEBUG] Wed 2026-09-09 22:43:16.903 [Thread-4] GameCharacter checkReachGameWall():99 - Character collided with left wall: x=0
[DEBUG] Wed 2026-09-09 22:43:16.923 [Thread-4] GameCharacter checkReachGameWall():99 - Character collided with left wall: x=0
[DEBUG] Wed 2026-09-09 22:43:16.940 [Thread-4] GameCharacter checkReachGameWall():99 - Character collided with left wall: x=0
[DEBUG] Wed 2026-09-09 22:43:16.960 [Thread-4] GameCharacter checkReachGameWall():99 - Character collided with left wall: x=0
[DEBUG] Wed 2026-09-09 22:43:16.979 [Thread-4] GameCharacter checkReachGameWall():99 - Character collided with left wall: x=0
[DEBUG] Wed 2026-09-09 22:43:16.997 [Thread-4] GameCharacter checkReachGameWall():99 - Character collided with left wall: x=0
[DEBUG] Wed 2026-09-09 22:43:17.016 [Thread-4] GameCharacter checkReachGameWall():99 - Character collided with left wall: x=0
[DEBUG] Wed 2026-09-09 22:43:17.037 [Thread-4] GameCharacter checkReachGameWall():99 - Character collided with left wall: x=0
[DEBUG] Wed 2026-09-09 22:43:17.057 [Thread-4] GameCharacter checkReachGameWall():99 - Character collided with left wall: x=0
[DEBUG] Wed 2026-09-09 22:43:17.075 [Thread-4] GameCharacter checkReachGameWall():99 - Character collided with left wall: x=0
[DEBUG] Wed 2026-09-09 22:43:17.095 [Thread-4] GameCharacter checkReachGameWall():99 - Character collided with left wall: x=0
[DEBUG] Wed 2026-09-09 22:43:17.115 [Thread-4] GameCharacter checkReachGameWall():99 - Character collided with left wall: x=0
[DEBUG] Wed 2026-09-09 22:43:17.133 [Thread-4] GameCharacter checkReachGameWall():99 - Character collided with left wall: x=0
[DEBUG] Wed 2026-09-09 22:43:17.153 [Thread-4] GameCharacter checkReachGameWall():99 - Character collided with left wall: x=0
[DEBUG] Wed 2026-09-09 22:43:17.171 [Thread-4] GameCharacter checkReachGameWall():99 - Character collided with left wall: x=0
[DEBUG] Wed 2026-09-09 22:43:17.192 [Thread-4] GameCharacter checkReachGameWall():99 - Character collided with left wall: x=0
[DEBUG] Wed 2026-09-09 22:43:17.210 [Thread-4] GameCharacter checkReachGameWall():99 - Character collided with left wall: x=0
[DEBUG] Wed 2026-09-09 22:43:17.227 [Thread-4] GameCharacter checkReachGameWall():99 - Character collided with left wall: x=0
[DEBUG] Wed 2026-09-09 22:43:17.247 [Thread-4] GameCharacter checkReachGameWall():99 - Character collided with left wall: x=0
[DEBUG] Wed 2026-09-09 22:43:17.267 [Thread-4] GameCharacter checkReachGameWall():99 - Character collided with left wall: x=0
[DEBUG] Wed 2026-09-09 22:43:17.288 [Thread-4] GameCharacter checkReachGameWall():99 - Character collided with left wall: x=0
[DEBUG] Wed 2026-09-09 22:43:17.308 [Thread-4] GameCharacter checkReachGameWall():99 - Character collided with left wall: x=0
[DEBUG] Wed 2026-09-09 22:43:17.328 [Thread-4] GameCharacter checkReachGameWall():99 - Character collided with left wall: x=0
[DEBUG] Wed 2026-09-09 22:43:17.348 [Thread-4] GameCharacter checkReachGameWall():99 - Character collided with left wall: x=0
[DEBUG] Wed 2026-09-09 22:43:17.365 [Thread-4] GameCharacter checkReachGameWall():99 - Character collided with left wall: x=0
[DEBUG] Wed 2026-09-09 22:43:17.386 [Thread-4] GameCharacter checkReachGameWall():99 - Character collided with left wall: x=0
[DEBUG] Wed 2026-09-09 22:43:17.406 [Thread-4] GameCharacter checkReachGameWall():99 - Character collided with left wall: x=0
[DEBUG] Wed 2026-09-09 22:43:17.426 [Thread-4] GameCharacter checkReachGameWall():99 - Character collided with left wall: x=0
[DEBUG] Wed 2026-09-09 22:43:17.445 [Thread-4] GameCharacter checkReachGameWall():99 - Character collided with left wall: x=0
[DEBUG] Wed 2026-09-09 22:43:17.463 [Thread-4] GameCharacter checkReachGameWall():99 - Character collided with left wall: x=0
[DEBUG] Wed 2026-09-09 22:43:17.482 [Thread-4] GameCharacter checkReachGameWall():99 - Character collided with left wall: x=0
[DEBUG] Wed 2026-09-09 22:43:17.503 [Thread-4] GameCharacter checkReachGameWall():99 - Character collided with left wall: x=0
[DEBUG] Wed 2026-09-09 22:43:17.523 [Thread-4] GameCharacter checkReachGameWall():99 - Character collided with left wall: x=0
[DEBUG] Wed 2026-09-09 22:43:17.543 [Thread-4] GameCharacter checkReachGameWall():99 - Character collided with left wall: x=0
[DEBUG] Wed 2026-09-09 22:43:17.564 [Thread-4] GameCharacter checkReachGameWall():99 - Character collided with left wall: x=0
[DEBUG] Wed 2026-09-09 22:43:17.581 [Thread-4] GameCharacter checkReachGameWall():99 - Character collided with left wall: x=0
[DEBUG] Wed 2026-09-09 22:43:17.598 [Thread-4] GameCharacter checkReachGameWall():99 - Character collided with left wall: x=0
[DEBUG] Wed 2026-09-09 22:43:17.615 [Thread-4] GameCharacter checkReachGameWall():99 - Character collided with left wall: x=0
[DEBUG] Wed 2026-09-09 22:43:17.635 [Thread-4] GameCharacter checkReachGameWall():99 - Character collided with left wall: x=0
[DEBUG] Wed 2026-09-09 22:43:17.655 [Thread-4] GameCharacter checkReachGameWall():99 - Character collided with left wall: x=0
[DEBUG] Wed 2026-09-09 22:43:17.676 [Thread-4] GameCharacter checkReachGameWall():99 - Character collided with left wall: x=0
[DEBUG] Wed 2026-09-09 22:43:17.694 [Thread-4] GameCharacter checkReachGameWall():99 - Character collided with left wall: x=0
[DEBUG] Wed 2026-09-09 22:43:17.713 [Thread-4] GameCharacter checkReachGameWall():99 - Character collided with left wall: x=0
[DEBUG] Wed 2026-09-09 22:43:17.729 [Thread-4] GameCharacter checkReachGameWall():99 - Character collided with left wall: x=0
[DEBUG] Wed 2026-09-09 22:43:17.750 [Thread-4] GameCharacter checkReachGameWall():99 - Character collided with left wall: x=0
[DEBUG] Wed 2026-09-09 22:43:17.766 [Thread-4] GameCharacter checkReachGameWall():99 - Character collided with left wall: x=0
[DEBUG] Wed 2026-09-09 22:43:17.783 [Thread-4] GameCharacter checkReachGameWall():99 - Character collided with left wall: x=0
[DEBUG] Wed 2026-09-09 22:43:17.803 [Thread-4] GameCharacter checkReachGameWall():99 - Character collided with left wall: x=0
[DEBUG] Wed 2026-09-09 22:43:17.823 [Thread-4] GameCharacter checkReachGameWall():99 - Character collided with left wall: x=0
[DEBUG] Wed 2026-09-09 22:43:17.844 [Thread-4] GameCharacter checkReachGameWall():99 - Character collided with left wall: x=0
[DEBUG] Wed 2026-09-09 22:43:17.864 [Thread-4] GameCharacter checkReachGameWall():99 - Character collided with left wall: x=0
[DEBUG] Wed 2026-09-09 22:43:17.881 [Thread-4] GameCharacter checkReachGameWall():99 - Character collided with left wall: x=0
[DEBUG] Wed 2026-09-09 22:43:17.902 [Thread-4] GameCharacter checkReachGameWall():99 - Character collided with left wall: x=0
[DEBUG] Wed 2026-09-09 22:43:17.922 [Thread-4] GameCharacter checkReachGameWall():99 - Character collided with left wall: x=0
[DEBUG] Wed 2026-09-09 22:43:17.942 [Thread-4] GameCharacter checkReachGameWall():99 - Character collided with left wall: x=0
[DEBUG] Wed 2026-09-09 22:43:17.963 [Thread-4] GameCharacter checkReachGameWall():99 - Character collided with left wall: x=0
[DEBUG] Wed 2026-09-09 22:43:17.982 [Thread-4] GameCharacter checkReachGameWall():99 - Character collided with left wall: x=0
[DEBUG] Wed 2026-09-09 22:43:17.999 [Thread-4] GameCharacter checkReachGameWall():99 - Character collided with left wall: x=0
[DEBUG] Wed 2026-09-09 22:43:18.019 [Thread-4] GameCharacter checkReachGameWall():99 - Character collided with left wall: x=0
[DEBUG] Wed 2026-09-09 22:43:18.039 [Thread-4] GameCharacter checkReachGameWall():99 - Character collided with left wall: x=0
[DEBUG] Wed 2026-09-09 22:43:18.056 [Thread-4] GameCharacter checkReachGameWall():99 - Character collided with left wall: x=0
[DEBUG] Wed 2026-09-09 22:43:18.076 [Thread-4] GameCharacter checkReachGameWall():99 - Character collided with left wall: x=0
[DEBUG] Wed 2026-09-09 22:43:18.094 [Thread-4] GameCharacter checkReachGameWall():99 - Character collided with left wall: x=0
[DEBUG] Wed 2026-09-09 22:43:18.114 [Thread-4] GameCharacter checkReachGameWall():99 - Character collided with left wall: x=0
[DEBUG] Wed 2026-09-09 22:43:18.135 [Thread-4] GameCharacter checkReachGameWall():99 - Character collided with left wall: x=0
[DEBUG] Wed 2026-09-09 22:43:18.160 [Thread-4] GameCharacter checkReachGameWall():99 - Character collided with left wall: x=0
[DEBUG] Wed 2026-09-09 22:43:18.180 [Thread-4] GameCharacter checkReachGameWall():99 - Character collided with left wall: x=0
[DEBUG] Wed 2026-09-09 22:43:18.201 [Thread-4] GameCharacter checkReachGameWall():99 - Character collided with left wall: x=0
[DEBUG] Wed 2026-09-09 22:43:18.220 [Thread-4] GameCharacter checkReachGameWall():99 - Character collided with left wall: x=0
[DEBUG] Wed 2026-09-09 22:43:18.240 [Thread-4] GameCharacter checkReachGameWall():99 - Character collided with left wall: x=0
[DEBUG] Wed 2026-09-09 22:43:18.261 [Thread-4] GameCharacter checkReachGameWall():99 - Character collided with left wall: x=0
[DEBUG] Wed 2026-09-09 22:43:18.278 [Thread-4] GameCharacter checkReachGameWall():99 - Character collided with left wall: x=0
[DEBUG] Wed 2026-09-09 22:43:18.295 [Thread-4] GameCharacter checkReachGameWall():99 - Character collided with left wall: x=0
[DEBUG] Wed 2026-09-09 22:43:18.312 [Thread-4] GameCharacter checkReachGameWall():99 - Character collided with left wall: x=0
[DEBUG] Wed 2026-09-09 22:43:18.331 [Thread-4] GameCharacter checkReachGameWall():99 - Character collided with left wall: x=0
[DEBUG] Wed 2026-09-09 22:43:18.352 [Thread-4] GameCharacter checkReachGameWall():99 - Character collided with left wall: x=0
[DEBUG] Wed 2026-09-09 22:43:18.372 [Thread-4] GameCharacter checkReachGameWall():99 - Character collided with left wall: x=0
[DEBUG] Wed 2026-09-09 22:43:18.393 [Thread-4] GameCharacter checkReachGameWall():99 - Character collided with left wall: x=0
[DEBUG] Wed 2026-09-09 22:43:18.413 [Thread-4] GameCharacter checkReachGameWall():99 - Character collided with left wall: x=0
[DEBUG] Wed 2026-09-09 22:43:18.432 [Thread-4] GameCharacter checkReachGameWall():99 - Character collided with left wall: x=0
[DEBUG] Wed 2026-09-09 22:43:18.451 [Thread-4] GameCharacter checkReachGameWall():99 - Character collided with left wall: x=0
[DEBUG] Wed 2026-09-09 22:43:18.472 [Thread-4] GameCharacter checkReachGameWall():99 - Character collided with left wall: x=0
[DEBUG] Wed 2026-09-09 22:43:18.492 [Thread-4] GameCharacter checkReachGameWall():99 - Character collided with left wall: x=0
[DEBUG] Wed 2026-09-09 22:43:18.512 [Thread-4] GameCharacter checkReachGameWall():99 - Character collided with left wall: x=0
[DEBUG] Wed 2026-09-09 22:43:18.529 [Thread-4] GameCharacter checkReachGameWall():99 - Character collided with left wall: x=0
[DEBUG] Wed 2026-09-09 22:43:18.549 [Thread-4] GameCharacter checkReachGameWall():99 - Character collided with left wall: x=0
[DEBUG] Wed 2026-09-09 22:43:18.567 [Thread-4] GameCharacter checkReachGameWall():99 - Character collided with left wall: x=0
[DEBUG] Wed 2026-09-09 22:43:18.587 [Thread-4] GameCharacter checkReachGameWall():99 - Character collided with left wall: x=0
[DEBUG] Wed 2026-09-09 22:43:18.604 [Thread-4] GameCharacter checkReachGameWall():99 - Character collided with left wall: x=0
[DEBUG] Wed 2026-09-09 22:43:18.624 [Thread-4] GameCharacter checkReachGameWall():99 - Character collided with left wall: x=0
[DEBUG] Wed 2026-09-09 22:43:18.644 [Thread-4] GameCharacter checkReachGameWall():99 - Character collided with left wall: x=0
[DEBUG] Wed 2026-09-09 22:43:18.664 [Thread-4] GameCharacter checkReachGameWall():99 - Character collided with left wall: x=0
[DEBUG] Wed 2026-09-09 22:43:18.683 [Thread-4] GameCharacter checkReachGameWall():99 - Character collided with left wall: x=0
[DEBUG] Wed 2026-09-09 22:43:18.703 [Thread-4] GameCharacter checkReachGameWall():99 - Character collided with left wall: x=0
[DEBUG] Wed 2026-09-09 22:43:18.724 [Thread-4] GameCharacter checkReachGameWall():99 - Character collided with left wall: x=0
[DEBUG] Wed 2026-09-09 22:43:18.744 [Thread-4] GameCharacter checkReachGameWall():99 - Character collided with left wall: x=0
[DEBUG] Wed 2026-09-09 22:43:18.763 [Thread-4] GameCharacter checkReachGameWall():99 - Character collided with left wall: x=0
[DEBUG] Wed 2026-09-09 22:43:18.784 [Thread-4] GameCharacter checkReachGameWall():99 - Character collided with left wall: x=0
[DEBUG] Wed 2026-09-09 22:43:18.800 [Thread-4] GameCharacter checkReachGameWall():99 - Character collided with left wall: x=0
[DEBUG] Wed 2026-09-09 22:43:18.819 [Thread-4] GameCharacter checkReachGameWall():99 - Character collided with left wall: x=0
[DEBUG] Wed 2026-09-09 22:43:18.838 [Thread-4] GameCharacter checkReachGameWall():99 - Character collided with left wall: x=0
[DEBUG] Wed 2026-09-09 22:43:18.857 [Thread-4] GameCharacter checkReachGameWall():99 - Character collided with left wall: x=0
[DEBUG] Wed 2026-09-09 22:43:18.877 [Thread-4] GameCharacter checkReachGameWall():99 - Character collided with left wall: x=0
[DEBUG] Wed 2026-09-09 22:43:18.898 [Thread-4] GameCharacter checkReachGameWall():99 - Character collided with left wall: x=0
[DEBUG] Wed 2026-09-09 22:43:18.917 [Thread-4] GameCharacter checkReachGameWall():99 - Character collided with left wall: x=0
[DEBUG] Wed 2026-09-09 22:43:18.938 [Thread-4] GameCharacter checkReachGameWall():99 - Character collided with left wall: x=0
[DEBUG] Wed 2026-09-09 22:43:18.955 [Thread-4] GameCharacter checkReachGameWall():99 - Character collided with left wall: x=0
[DEBUG] Wed 2026-09-09 22:43:18.973 [Thread-4] GameCharacter checkReachGameWall():99 - Character collided with left wall: x=0
[DEBUG] Wed 2026-09-09 22:43:18.993 [Thread-4] GameCharacter checkReachGameWall():99 - Character collided with left wall: x=0
[DEBUG] Wed 2026-09-09 22:43:19.014 [Thread-4] GameCharacter checkReachGameWall():99 - Character collided with left wall: x=0
[DEBUG] Wed 2026-09-09 22:43:19.033 [Thread-4] GameCharacter checkReachGameWall():99 - Character collided with left wall: x=0
[DEBUG] Wed 2026-09-09 22:43:19.051 [Thread-4] GameCharacter checkReachGameWall():99 - Character collided with left wall: x=0
[DEBUG] Wed 2026-09-09 22:43:19.071 [Thread-4] GameCharacter checkReachGameWall():99 - Character collided with left wall: x=0
[DEBUG] Wed 2026-09-09 22:43:19.091 [Thread-4] GameCharacter checkReachGameWall():99 - Character collided with left wall: x=0
[DEBUG] Wed 2026-09-09 22:43:19.111 [Thread-4] GameCharacter checkReachGameWall():99 - Character collided with left wall: x=0
[DEBUG] Wed 2026-09-09 22:43:19.129 [Thread-4] GameCharacter checkReachGameWall():99 - Character collided with left wall: x=0
[DEBUG] Wed 2026-09-09 22:43:19.149 [Thread-4] GameCharacter checkReachGameWall():99 - Character collided with left wall: x=0
[DEBUG] Wed 2026-09-09 22:43:19.167 [Thread-4] GameCharacter checkReachGameWall():99 - Character collided with left wall: x=0
[DEBUG] Wed 2026-09-09 22:43:19.187 [Thread-4] GameCharacter checkReachGameWall():99 - Character collided with left wall: x=0
[DEBUG] Wed 2026-09-09 22:43:19.205 [Thread-4] GameCharacter checkReachGameWall():99 - Character collided with left wall: x=0
[DEBUG] Wed 2026-09-09 22:43:19.223 [Thread-4] GameCharacter checkReachGameWall():99 - Character collided with left wall: x=0
[DEBUG] Wed 2026-09-09 22:43:19.244 [Thread-4] GameCharacter checkReachGameWall():99 - Character collided with left wall: x=0
[DEBUG] Wed 2026-09-09 22:43:19.261 [Thread-4] GameCharacter checkReachGameWall():99 - Character collided with left wall: x=0
[DEBUG] Wed 2026-09-09 22:43:19.281 [Thread-4] GameCharacter checkReachGameWall():99 - Character collided with left wall: x=0
[DEBUG] Wed 2026-09-09 22:43:19.299 [Thread-4] GameCharacter checkReachGameWall():99 - Character collided with left wall: x=0
[DEBUG] Wed 2026-09-09 22:43:19.317 [Thread-4] GameCharacter checkReachGameWall():99 - Character collided with left wall: x=0
[DEBUG] Wed 2026-09-09 22:43:19.338 [Thread-4] GameCharacter checkReachGameWall():99 - Character collided with left wall: x=0
[DEBUG] Wed 2026-09-09 22:43:19.355 [Thread-4] GameCharacter checkReachGameWall():99 - Character collided with left wall: x=0
[DEBUG] Wed 2026-09-09 22:43:19.374 [Thread-4] GameCharacter checkReachGameWall():99 - Character collided with left wall: x=0
[DEBUG] Wed 2026-09-09 22:43:19.395 [Thread-4] GameCharacter checkReachGameWall():99 - Character collided with left wall: x=0
[DEBUG] Wed 2026-09-09 22:43:19.413 [Thread-4] GameCharacter checkReachGameWall():99 - Character collided with left wall: x=0
[DEBUG] Wed 2026-09-09 22:43:19.433 [Thread-4] GameCharacter checkReachGameWall():99 - Character collided with left wall: x=0
[DEBUG] Wed 2026-09-09 22:43:19.452 [Thread-4] GameCharacter checkReachGameWall():99 - Character collided with left wall: x=0
[DEBUG] Wed 2026-09-09 22:43:19.473 [Thread-4] GameCharacter checkReachGameWall():99 - Character collided with left wall: x=0
[DEBUG] Wed 2026-09-09 22:43:19.493 [Thread-4] GameCharacter checkReachGameWall():99 - Character collided with left wall: x=0
[DEBUG] Wed 2026-09-09 22:43:19.510 [Thread-4] GameCharacter checkReachGameWall():99 - Character collided with left wall: x=0
[DEBUG] Wed 2026-09-09 22:43:19.527 [Thread-4] GameCharacter checkReachGameWall():99 - Character collided with left wall: x=0
[DEBUG] Wed 2026-09-09 22:43:19.544 [Thread-4] GameCharacter checkReachGameWall():99 - Character collided with left wall: x=0
[DEBUG] Wed 2026-09-09 22:43:19.565 [Thread-4] GameCharacter checkReachGameWall():99 - Character collided with left wall: x=0
[DEBUG] Wed 2026-09-09 22:43:19.583 [Thread-4] GameCharacter checkReachGameWall():99 - Character collided with left wall: x=0
[DEBUG] Wed 2026-09-09 22:43:19.603 [Thread-4] GameCharacter checkReachGameWall():99 - Character collided with left wall: x=0
[DEBUG] Wed 2026-09-09 22:43:19.624 [Thread-4] GameCharacter checkReachGameWall():99 - Character collided with left wall: x=0
[DEBUG] Wed 2026-09-09 22:43:19.644 [Thread-4] GameCharacter checkReachGameWall():99 - Character collided with left wall: x=0
[DEBUG] Wed 2026-09-09 22:43:19.663 [Thread-4] GameCharacter checkReachGameWall():99 - Character collided with left wall: x=0
[DEBUG] Wed 2026-09-09 22:43:19.679 [Thread-4] GameCharacter checkReachGameWall():99 - Character collided with left wall: x=0
[DEBUG] Wed 2026-09-09 22:43:19.699 [Thread-4] GameCharacter checkReachGameWall():99 - Character collided with left wall: x=0
[DEBUG] Wed 2026-09-09 22:43:19.717 [Thread-4] GameCharacter checkReachGameWall():99 - Character collided with left wall: x=0
[DEBUG] Wed 2026-09-09 22:43:19.738 [Thread-4] GameCharacter checkReachGameWall():99 - Character collided with left wall: x=0
[DEBUG] Wed 2026-09-09 22:43:19.755 [Thread-4] GameCharacter checkReachGameWall():99 - Character collided with left wall: x=0
[DEBUG] Wed 2026-09-09 22:43:19.776 [Thread-4] GameCharacter checkReachGameWall():99 - Character collided with left wall: x=0
[DEBUG] Wed 2026-09-09 22:43:19.794 [Thread-4] GameCharacter checkReachGameWall():99 - Character collided with left wall: x=0
[DEBUG] Wed 2026-09-09 22:43:19.815 [Thread-4] GameCharacter checkReachGameWall():99 - Character collided with left wall: x=0
[DEBUG] Wed 2026-09-09 22:43:19.835 [Thread-4] GameCharacter checkReachGameWall():99 - Character collided with left wall: x=0
[DEBUG] Wed 2026-09-09 22:43:19.856 [Thread-4] GameCharacter checkReachGameWall():99 - Character collided with left wall: x=0
[DEBUG] Wed 2026-09-09 22:43:19.876 [Thread-4] GameCharacter checkReachGameWall():99 - Character collided with left wall: x=0
[DEBUG] Wed 2026-09-09 22:43:19.896 [Thread-4] GameCharacter checkReachGameWall():99 - Character collided with left wall: x=0
[DEBUG] Wed 2026-09-09 22:43:19.916 [Thread-4] GameCharacter checkReachGameWall():99 - Character collided with left wall: x=0
[DEBUG] Wed 2026-09-09 22:43:19.934 [Thread-4] GameCharacter checkReachGameWall():99 - Character collided with left wall: x=0
[DEBUG] Wed 2026-09-09 22:43:19.952 [Thread-4] GameCharacter checkReachGameWall():99 - Character collided with left wall: x=0
[DEBUG] Wed 2026-09-09 22:43:19.970 [Thread-4] GameCharacter checkReachGameWall():99 - Character collided with left wall: x=0
[DEBUG] Wed 2026-09-09 22:43:19.991 [Thread-4] GameCharacter checkReachGameWall():99 - Character collided with left wall: x=0
[DEBUG] Wed 2026-09-09 22:43:20.008 [Thread-4] GameCharacter checkReachGameWall():99 - Character collided with left wall: x=0
[DEBUG] Wed 2026-09-09 22:43:20.026 [Thread-4] GameCharacter checkReachGameWall():99 - Character collided with left wall: x=0
[DEBUG] Wed 2026-09-09 22:43:20.046 [Thread-4] GameCharacter checkReachGameWall():99 - Character collided with left wall: x=0
[DEBUG] Wed 2026-09-09 22:43:20.066 [Thread-4] GameCharacter checkReachGameWall():99 - Character collided with left wall: x=0
[DEBUG] Wed 2026-09-09 22:43:20.086 [Thread-4] GameCharacter checkReachGameWall():99 - Character collided with left wall: x=0
[DEBUG] Wed 2026-09-09 22:43:20.105 [Thread-4] GameCharacter checkReachGameWall():99 - Character collided with left wall: x=0
[DEBUG] Wed 2026-09-09 22:43:20.122 [Thread-4] GameCharacter checkReachGameWall():99 - Character collided with left wall: x=0
[DEBUG] Wed 2026-09-09 22:43:20.141 [Thread-4] GameCharacter checkReachGameWall():99 - Character collided with left wall: x=0
[DEBUG] Wed 2026-09-09 22:43:20.162 [Thread-4] GameCharacter checkReachGameWall():99 - Character collided with left wall: x=0
[DEBUG] Wed 2026-09-09 22:43:20.179 [Thread-4] GameCharacter checkReachGameWall():99 - Character collided with left wall: x=0
[DEBUG] Wed 2026-09-09 22:43:20.200 [Thread-4] GameCharacter checkReachGameWall():99 - Character collided with left wall: x=0
[DEBUG] Wed 2026-09-09 22:43:20.218 [Thread-4] GameCharacter checkReachGameWall():99 - Character collided with left wall: x=0
[DEBUG] Wed 2026-09-09 22:43:20.238 [Thread-4] GameCharacter checkReachGameWall():99 - Character collided with left wall: x=0
[DEBUG] Wed 2026-09-09 22:43:20.258 [Thread-4] GameCharacter checkReachGameWall():99 - Character collided with left wall: x=0
[DEBUG] Wed 2026-09-09 22:43:20.275 [Thread-4] GameCharacter checkReachGameWall():99 - Character collided with left wall: x=0
[DEBUG] Wed 2026-09-09 22:43:20.295 [Thread-4] GameCharacter checkReachGameWall():99 - Character collided with left wall: x=0
[DEBUG] Wed 2026-09-09 22:43:20.313 [Thread-4] GameCharacter checkReachGameWall():99 - Character collided with left wall: x=0
[DEBUG] Wed 2026-09-09 22:43:20.331 [Thread-4] GameCharacter checkReachGameWall():99 - Character collided with left wall: x=0
[DEBUG] Wed 2026-09-09 22:43:20.350 [Thread-4] GameCharacter checkReachGameWall():99 - Character collided with left wall: x=0
[DEBUG] Wed 2026-09-09 22:43:20.368 [Thread-4] GameCharacter checkReachGameWall():99 - Character collided with left wall: x=0
[DEBUG] Wed 2026-09-09 22:43:20.385 [Thread-4] GameCharacter checkReachGameWall():99 - Character collided with left wall: x=0
[DEBUG] Wed 2026-09-09 22:43:20.404 [Thread-4] GameCharacter checkReachGameWall():99 - Character collided with left wall: x=0
[DEBUG] Wed 2026-09-09 22:43:20.421 [Thread-4] GameCharacter checkReachGameWall():99 - Character collided with left wall: x=0
[DEBUG] Wed 2026-09-09 22:43:20.441 [Thread-4] GameCharacter checkReachGameWall():99 - Character collided with left wall: x=0
[DEBUG] Wed 2026-09-09 22:43:20.462 [Thread-4] GameCharacter checkReachGameWall():99 - Character collided with left wall: x=0
[DEBUG] Wed 2026-09-09 22:43:20.482 [Thread-4] GameCharacter checkReachGameWall():99 - Character collided with left wall: x=0
[DEBUG] Wed 2026-09-09 22:43:20.502 [Thread-4] GameCharacter checkReachGameWall():99 - Character collided with left wall: x=0
[DEBUG] Wed 2026-09-09 22:43:20.521 [Thread-4] GameCharacter checkReachGameWall():99 - Character collided with left wall: x=0
[DEBUG] Wed 2026-09-09 22:43:20.538 [Thread-4] GameCharacter checkReachGameWall():99 - Character collided with left wall: x=0
[DEBUG] Wed 2026-09-09 22:43:20.556 [Thread-4] GameCharacter checkReachGameWall():99 - Character collided with left wall: x=0
[DEBUG] Wed 2026-09-09 22:43:20.576 [Thread-4] GameCharacter checkReachGameWall():99 - Character collided with left wall: x=0
[DEBUG] Wed 2026-09-09 22:43:20.595 [Thread-4] GameCharacter checkReachGameWall():99 - Character collided with left wall: x=0
[DEBUG] Wed 2026-09-09 22:43:20.613 [Thread-4] GameCharacter checkReachGameWall():99 - Character collided with left wall: x=0
[DEBUG] Wed 2026-09-09 22:43:20.634 [Thread-4] GameCharacter checkReachGameWall():99 - Character collided with left wall: x=0
[DEBUG] Wed 2026-09-09 22:43:20.653 [Thread-4] GameCharacter checkReachGameWall():99 - Character collided with left wall: x=0
[DEBUG] Wed 2026-09-09 22:43:20.672 [Thread-4] GameCharacter checkReachGameWall():99 - Character collided with left wall: x=0
[DEBUG] Wed 2026-09-09 22:43:20.693 [Thread-4] GameCharacter checkReachGameWall():99 - Character collided with left wall: x=0
[DEBUG] Wed 2026-09-09 22:43:20.713 [Thread-4] GameCharacter checkReachGameWall():99 - Character collided with left wall: x=0
[DEBUG] Wed 2026-09-09 22:43:20.733 [Thread-4] GameCharacter checkReachGameWall():99 - Character collided with left wall: x=0
[DEBUG] Wed 2026-09-09 22:43:20.750 [Thread-4] GameCharacter checkReachGameWall():99 - Character collided with left wall: x=0
[DEBUG] Wed 2026-09-09 22:43:20.769 [Thread-4] GameCharacter checkReachGameWall():99 - Character collided with left wall: x=0
[DEBUG] Wed 2026-09-09 22:43:20.788 [Thread-4] GameCharacter checkReachGameWall():99 - Character collided with left wall: x=0
[DEBUG] Wed 2026-09-09 22:43:20.808 [Thread-4] GameCharacter checkReachGameWall():99 - Character collided with left wall: x=0
[DEBUG] Wed 2026-09-09 22:43:20.828 [Thread-4] GameCharacter checkReachGameWall():99 - Character collided with left wall: x=0
[DEBUG] Wed 2026-09-09 22:43:20.849 [Thread-4] GameCharacter checkReachGameWall():99 - Character collided with left wall: x=0
[DEBUG] Wed 2026-09-09 22:43:20.868 [Thread-4] GameCharacter checkReachGameWall():99 - Character collided with left wall: x=0
[DEBUG] Wed 2026-09-09 22:43:20.888 [Thread-4] GameCharacter checkReachGameWall():99 - Character collided with left wall: x=0
[DEBUG] Wed 2026-09-09 22:43:20.905 [Thread-4] GameCharacter checkReachGameWall():99 - Character collided with left wall: x=0
[DEBUG] Wed 2026-09-09 22:43:20.926 [Thread-4] GameCharacter checkReachGameWall():99 - Character collided with left wall: x=0
[DEBUG] Wed 2026-09-09 22:43:20.944 [Thread-4] GameCharacter checkReachGameWall():99 - Character collided with left wall: x=0
[DEBUG] Wed 2026-09-09 22:43:20.961 [Thread-4] GameCharacter checkReachGameWall():99 - Character collided with left wall: x=0
[DEBUG] Wed 2026-09-09 22:43:20.981 [Thread-4] GameCharacter checkReachGameWall():99 - Character collided with left wall: x=0
[DEBUG] Wed 2026-09-09 22:43:21.001 [Thread-4] GameCharacter checkReachGameWall():99 - Character collided with left wall: x=0
[DEBUG] Wed 2026-09-09 22:43:21.021 [Thread-4] GameCharacter checkReachGameWall():99 - Character collided with left wall: x=0
[DEBUG] Wed 2026-09-09 22:43:21.038 [Thread-4] GameCharacter checkReachGameWall():99 - Character collided with left wall: x=0
[DEBUG] Wed 2026-09-09 22:43:21.055 [Thread-4] GameCharacter checkReachGameWall():99 - Character collided with left wall: x=0
[DEBUG] Wed 2026-09-09 22:43:21.073 [Thread-4] GameCharacter checkReachGameWall():99 - Character collided with left wall: x=0
[DEBUG] Wed 2026-09-09 22:43:21.090 [Thread-4] GameCharacter checkReachGameWall():99 - Character collided with left wall: x=0
[DEBUG] Wed 2026-09-09 22:43:21.107 [Thread-4] GameCharacter checkReachGameWall():99 - Character collided with left wall: x=0
[DEBUG] Wed 2026-09-09 22:43:21.128 [Thread-4] GameCharacter checkReachGameWall():99 - Character collided with left wall: x=0
[DEBUG] Wed 2026-09-09 22:43:21.148 [Thread-4] GameCharacter checkReachGameWall():99 - Character collided with left wall: x=0
[DEBUG] Wed 2026-09-09 22:43:21.166 [Thread-4] GameCharacter checkReachGameWall():99 - Character collided with left wall: x=0
[DEBUG] Wed 2026-09-09 22:43:21.185 [Thread-4] GameCharacter checkReachGameWall():99 - Character collided with left wall: x=0
[DEBUG] Wed 2026-09-09 22:43:21.204 [Thread-4] GameCharacter checkReachGameWall():99 - Character collided with left wall: x=0
[DEBUG] Wed 2026-09-09 22:43:21.223 [Thread-4] GameCharacter checkReachGameWall():99 - Character collided with left wall: x=0
[DEBUG] Wed 2026-09-09 22:43:21.241 [Thread-4] GameCharacter checkReachGameWall():99 - Character collided with left wall: x=0
[DEBUG] Wed 2026-09-09 22:43:21.259 [Thread-4] GameCharacter checkReachGameWall():99 - Character collided with left wall: x=0
[DEBUG] Wed 2026-09-09 22:43:21.278 [Thread-4] GameCharacter checkReachGameWall():99 - Character collided with left wall: x=0
[DEBUG] Wed 2026-09-09 22:43:21.298 [Thread-4] GameCharacter checkReachGameWall():99 - Character collided with left wall: x=0
[DEBUG] Wed 2026-09-09 22:43:21.316 [Thread-4] GameCharacter checkReachGameWall():99 - Character collided with left wall: x=0
[DEBUG] Wed 2026-09-09 22:43:21.333 [Thread-4] GameCharacter checkReachGameWall():99 - Character collided with left wall: x=0
[DEBUG] Wed 2026-09-09 22:43:21.351 [Thread-4] GameCharacter checkReachGameWall():99 - Character collided with left wall: x=0
[DEBUG] Wed 2026-09-09 22:43:21.371 [Thread-4] GameCharacter checkReachGameWall():99 - Character collided with left wall: x=0
[DEBUG] Wed 2026-09-09 22:43:21.389 [Thread-4] GameCharacter checkReachGameWall():99 - Character collided with left wall: x=0
[DEBUG] Wed 2026-09-09 22:43:21.409 [Thread-4] GameCharacter checkReachGameWall():99 - Character collided with left wall: x=0
[DEBUG] Wed 2026-09-09 22:43:21.426 [Thread-4] GameCharacter checkReachGameWall():99 - Character collided with left wall: x=0
[DEBUG] Wed 2026-09-09 22:43:21.446 [Thread-4] GameCharacter checkReachGameWall():99 - Character collided with left wall: x=0
[DEBUG] Wed 2026-09-09 22:43:21.466 [Thread-4] GameCharacter checkReachGameWall():99 - Character collided with left wall: x=0
[DEBUG] Wed 2026-09-09 22:43:21.483 [Thread-4] GameCharacter checkReachGameWall():99 - Character collided with left wall: x=0
[DEBUG] Wed 2026-09-09 22:43:21.500 [Thread-4] GameCharacter checkReachGameWall():99 - Character collided with left wall: x=0
[DEBUG] Wed 2026-09-09 22:43:21.517 [Thread-4] GameCharacter checkReachGameWall():99 - Character collided with left wall: x=0
[DEBUG] Wed 2026-09-09 22:43:21.534 [Thread-4] GameCharacter checkReachGameWall():99 - Character collided with left wall: x=0
[DEBUG] Wed 2026-09-09 22:43:21.554 [Thread-4] GameCharacter checkReachGameWall():99 - Character collided with left wall: x=0
[DEBUG] Wed 2026-09-09 22:43:21.572 [Thread-4] GameCharacter checkReachGameWall():99 - Character collided with left wall: x=0
[DEBUG] Wed 2026-09-09 22:43:21.592 [Thread-4] GameCharacter checkReachGameWall():99 - Character collided with left wall: x=0
[DEBUG] Wed 2026-09-09 22:43:21.612 [Thread-4] GameCharacter checkReachGameWall():99 - Character collided with left wall: x=0
[DEBUG] Wed 2026-09-09 22:43:21.630 [Thread-4] GameCharacter checkReachGameWall():99 - Character collided with left wall: x=0
[DEBUG] Wed 2026-09-09 22:43:21.650 [Thread-4] GameCharacter checkReachGameWall():99 - Character collided with left wall: x=0
[DEBUG] Wed 2026-09-09 22:43:21.670 [Thread-4] GameCharacter checkReachGameWall():99 - Character collided with left wall: x=0
[DEBUG] Wed 2026-09-09 22:43:21.689 [Thread-4] GameCharacter checkReachGameWall():99 - Character collided with left wall: x=0
[DEBUG] Wed 2026-09-09 22:43:21.705 [Thread-4] GameCharacter checkReachGameWall():99 - Character collided with left wall: x=0
[DEBUG] Wed 2026-09-09 22:43:21.726 [Thread-4] GameCharacter checkReachGameWall():99 - Character collided with left wall: x=0
[DEBUG] Wed 2026-09-09 22:43:21.746 [Thread-4] GameCharacter checkReachGameWall():99 - Character collided with left wall: x=0
[DEBUG] Wed 2026-09-09 22:43:21.767 [Thread-4] GameCharacter checkReachGameWall():99 - Character collided with left wall: x=0
[DEBUG] Wed 2026-09-09 22:43:21.787 [Thread-4] GameCharacter checkReachGameWall():99 - Character collided with left wall: x=0
[DEBUG] Wed 2026-09-09 22:43:21.807 [Thread-4] GameCharacter checkReachGameWall():99 - Character collided with left wall: x=0
[DEBUG] Wed 2026-09-09 22:43:21.824 [Thread-4] GameCharacter checkReachGameWall():99 - Character collided with left wall: x=0
[DEBUG] Wed 2026-09-09 22:43:21.841 [Thread-4] GameCharacter checkReachGameWall():99 - Character collided with left wall: x=0
[DEBUG] Wed 2026-09-09 22:43:21.861 [Thread-4] GameCharacter checkReachGameWall():99 - Character collided with left wall: x=0
[DEBUG] Wed 2026-09-09 22:43:21.878 [Thread-4] GameCharacter checkReachGameWall():99 - Character collided with left wall: x=0
[DEBUG] Wed 2026-09-09 22:43:21.899 [Thread-4] GameCharacter checkReachGameWall():99 - Character collided with left wall: x=0
[DEBUG] Wed 2026-09-09 22:43:21.917 [Thread-4] GameCharacter checkReachGameWall():99 - Character collided with left wall: x=0
[DEBUG] Wed 2026-09-09 22:43:21.935 [Thread-4] GameCharacter checkReachGameWall():99 - Character collided with left wall: x=0
[DEBUG] Wed 2026-09-09 22:43:21.955 [Thread-4] GameCharacter checkReachGameWall():99 - Character collided with left wall: x=0
[DEBUG] Wed 2026-09-09 22:43:21.976 [Thread-4] GameCharacter checkReachGameWall():99 - Character collided with left wall: x=0
[DEBUG] Wed 2026-09-09 22:43:21.996 [Thread-4] GameCharacter checkReachGameWall():99 - Character collided with left wall: x=0
[DEBUG] Wed 2026-09-09 22:43:22.016 [Thread-4] GameCharacter checkReachGameWall():99 - Character collided with left wall: x=0
[DEBUG] Wed 2026-09-09 22:43:22.035 [Thread-4] GameCharacter checkReachGameWall():99 - Character collided with left wall: x=0
[DEBUG] Wed 2026-09-09 22:43:22.054 [Thread-4] GameCharacter checkReachGameWall():99 - Character collided with left wall: x=0
[DEBUG] Wed 2026-09-09 22:43:22.076 [Thread-4] GameCharacter checkReachGameWall():99 - Character collided with left wall: x=0
[DEBUG] Wed 2026-09-09 22:43:22.097 [Thread-4] GameCharacter checkReachGameWall():99 - Character collided with left wall: x=0
[DEBUG] Wed 2026-09-09 22:43:22.116 [Thread-4] GameCharacter checkReachGameWall():99 - Character collided with left wall: x=0
[DEBUG] Wed 2026-09-09 22:43:22.136 [Thread-4] GameCharacter checkReachGameWall():99 - Character collided with left wall: x=0
[DEBUG] Wed 2026-09-09 22:43:22.155 [Thread-4] GameCharacter checkReachGameWall():99 - Character collided with left wall: x=0
[DEBUG] Wed 2026-09-09 22:43:22.176 [Thread-4] GameCharacter checkReachGameWall():99 - Character collided with left wall: x=0
[DEBUG] Wed 2026-09-09 22:43:22.196 [Thread-4] GameCharacter checkReachGameWall():99 - Character collided with left wall: x=0
[DEBUG] Wed 2026-09-09 22:43:22.214 [Thread-4] GameCharacter checkReachGameWall():99 - Character collided with left wall: x=0
[DEBUG] Wed 2026-09-09 22:43:22.231 [Thread-4] GameCharacter checkReachGameWall():99 - Character collided with left wall: x=0
[DEBUG] Wed 2026-09-09 22:43:22.251 [Thread-4] GameCharacter checkReachGameWall():99 - Character collided with left wall: x=0
[DEBUG] Wed 2026-09-09 22:43:22.270 [Thread-4] GameCharacter checkReachGameWall():99 - Character collided with left wall: x=0
[DEBUG] Wed 2026-09-09 22:43:22.290 [Thread-4] GameCharacter checkReachGameWall():99 - Character collided with left wall: x=0
[DEBUG] Wed 2026-09-09 22:43:22.311 [Thread-4] GameCharacter checkReachGameWall():99 - Character collided with left wall: x=0
[DEBUG] Wed 2026-09-09 22:43:22.331 [Thread-4] GameCharacter checkReachGameWall():99 - Character collided with left wall: x=0
[DEBUG] Wed 2026-09-09 22:43:22.352 [Thread-4] GameCharacter checkReachGameWall():99 - Character collided with left wall: x=0
[DEBUG] Wed 2026-09-09 22:43:22.372 [Thread-4] GameCharacter checkReachGameWall():99 - Character collided with left wall: x=0
[DEBUG] Wed 2026-09-09 22:43:22.392 [Thread-4] GameCharacter checkReachGameWall():99 - Character collided with left wall: x=0
[DEBUG] Wed 2026-09-09 22:43:22.413 [Thread-4] GameCharacter checkReachGameWall():99 - Character collided with left wall: x=0
[DEBUG] Wed 2026-09-09 22:43:22.433 [Thread-4] GameCharacter checkReachGameWall():99 - Character collided with left wall: x=0
[DEBUG] Wed 2026-09-09 22:43:22.450 [Thread-4] GameCharacter checkReachGameWall():99 - Character collided with left wall: x=0
[DEBUG] Wed 2026-09-09 22:43:22.469 [Thread-4] GameCharacter checkReachGameWall():99 - Character collided with left wall: x=0
[DEBUG] Wed 2026-09-09 22:43:22.487 [Thread-4] GameCharacter checkReachGameWall():99 - Character collided with left wall: x=0
[DEBUG] Wed 2026-09-09 22:43:22.504 [Thread-4] GameCharacter checkReachGameWall():99 - Character collided with left wall: x=0
[DEBUG] Wed 2026-09-09 22:43:22.523 [Thread-4] GameCharacter checkReachGameWall():99 - Character collided with left wall: x=0
[DEBUG] Wed 2026-09-09 22:43:22.543 [Thread-4] GameCharacter checkReachGameWall():99 - Character collided with left wall: x=0
[DEBUG] Wed 2026-09-09 22:43:22.564 [Thread-4] GameCharacter checkReachGameWall():99 - Character collided with left wall: x=0
[DEBUG] Wed 2026-09-09 22:43:22.584 [Thread-4] GameCharacter checkReachGameWall():99 - Character collided with left wall: x=0
[DEBUG] Wed 2026-09-09 22:43:22.604 [Thread-4] GameCharacter checkReachGameWall():99 - Character collided with left wall: x=0
[DEBUG] Wed 2026-09-09 22:43:22.625 [Thread-4] GameCharacter checkReachGameWall():99 - Character collided with left wall: x=0
[DEBUG] Wed 2026-09-09 22:43:22.643 [Thread-4] GameCharacter checkReachGameWall():99 - Character collided with left wall: x=0
[DEBUG] Wed 2026-09-09 22:43:22.662 [Thread-4] GameCharacter checkReachGameWall():99 - Character collided with left wall: x=0
[DEBUG] Wed 2026-09-09 22:43:22.680 [Thread-4] GameCharacter checkReachGameWall():99 - Character collided with left wall: x=0
[DEBUG] Wed 2026-09-09 22:43:22.698 [Thread-4] GameCharacter checkReachGameWall():99 - Character collided with left wall: x=0
[DEBUG] Wed 2026-09-09 22:43:22.715 [Thread-4] GameCharacter checkReachGameWall():99 - Character collided with left wall: x=0
[DEBUG] Wed 2026-09-09 22:43:22.736 [Thread-4] GameCharacter checkReachGameWall():99 - Character collided with left wall: x=0
[DEBUG] Wed 2026-09-09 22:43:22.756 [Thread-4] GameCharacter checkReachGameWall():99 - Character collided with left wall: x=0
[DEBUG] Wed 2026-09-09 22:43:22.776 [Thread-4] GameCharacter checkReachGameWall():99 - Character collided with left wall: x=0
[DEBUG] Wed 2026-09-09 22:43:22.797 [Thread-4] GameCharacter checkReachGameWall():99 - Character collided with left wall: x=0
[DEBUG] Wed 2026-09-09 22:43:22.816 [Thread-4] GameCharacter checkReachGameWall():99 - Character collided with left wall: x=0
[DEBUG] Wed 2026-09-09 22:43:22.836 [Thread-4] GameCharacter checkReachGameWall():99 - Character collided with left wall: x=0
[DEBUG] Wed 2026-09-09 22:43:22.855 [Thread-4] GameCharacter checkReachGameWall():99 - Character collided with left wall: x=0
[DEBUG] Wed 2026-09-09 22:43:22.873 [Thread-4] GameCharacter checkReachGameWall():99 - Character collided with left wall: x=0
[DEBUG] Wed 2026-09-09 22:43:22.894 [Thread-4] GameCharacter checkReachGameWall():99 - Character collided with left wall: x=0
[DEBUG] Wed 2026-09-09 22:43:22.913 [Thread-4] GameCharacter checkReachGameWall():99 - Character collided with left wall: x=0
[DEBUG] Wed 2026-09-09 22:43:22.932 [Thread-4] GameCharacter checkReachGameWall():99 - Character collided with left wall: x=0
[DEBUG] Wed 2026-09-09 22:43:22.949 [Thread-4] GameCharacter checkReachGameWall():99 - Character collided with left wall: x=0
[DEBUG] Wed 2026-09-09 22:43:22.967 [Thread-4] GameCharacter checkReachGameWall():99 - Character collided with left wall: x=0
[DEBUG] Wed 2026-09-09 22:43:22.988 [Thread-4] GameCharacter checkReachGameWall():99 - Character collided with left wall: x=0
[DEBUG] Wed 2026-09-09 22:43:23.008 [Thread-4] GameCharacter checkReachGameWall():99 - Character collided with left wall: x=0
[DEBUG] Wed 2026-09-09 22:43:23.025 [Thread-4] GameCharacter checkReachGameWall():99 - Character collided with left wall: x=0
[DEBUG] Wed 2026-09-09 22:43:23.042 [Thread-4] GameCharacter checkReachGameWall():99 - Character collided with left wall: x=0
[DEBUG] Wed 2026-09-09 22:43:23.062 [Thread-4] GameCharacter checkReachGameWall():99 - Character collided with left wall: x=0
[DEBUG] Wed 2026-09-09 22:43:23.080 [Thread-4] GameCharacter checkReachGameWall():99 - Character collided with left wall: x=0
[DEBUG] Wed 2026-09-09 22:43:23.100 [Thread-4] GameCharacter checkReachGameWall():99 - Character collided with left wall: x=0
[DEBUG] Wed 2026-09-09 22:43:23.119 [Thread-4] GameCharacter checkReachGameWall():99 - Character collided with left wall: x=0
[DEBUG] Wed 2026-09-09 22:43:23.139 [Thread-4] GameCharacter checkReachGameWall():99 - Character collided with left wall: x=0
[DEBUG] Wed 2026-09-09 22:43:23.156 [Thread-4] GameCharacter checkReachGameWall():99 - Character collided with left wall: x=0
[DEBUG] Wed 2026-09-09 22:43:23.176 [Thread-4] GameCharacter checkReachGameWall():99 - Character collided with left wall: x=0
[DEBUG] Wed 2026-09-09 22:43:23.197 [Thread-4] GameCharacter checkReachGameWall():99 - Character collided with left wall: x=0
[DEBUG] Wed 2026-09-09 22:43:23.214 [Thread-4] GameCharacter checkReachGameWall():99 - Character collided with left wall: x=0
[DEBUG] Wed 2026-09-09 22:43:23.232 [Thread-4] GameCharacter checkReachGameWall():99 - Character collided with left wall: x=0
[DEBUG] Wed 2026-09-09 22:43:23.249 [Thread-4] GameCharacter checkReachGameWall():99 - Character collided with left wall: x=0
[DEBUG] Wed 2026-09-09 22:43:23.266 [Thread-4] GameCharacter checkReachGameWall():99 - Character collided with left wall: x=0
[DEBUG] Wed 2026-09-09 22:43:23.283 [Thread-4] GameCharacter checkReachGameWall():99 - Character collided with left wall: x=0
[DEBUG] Wed 2026-09-09 22:43:23.305 [Thread-4] GameCharacter checkReachGameWall():99 - Character collided with left wall: x=0
[DEBUG] Wed 2026-09-09 22:43:23.326 [Thread-4] GameCharacter checkReachGameWall():99 - Character collided with left wall: x=0
[DEBUG] Wed 2026-09-09 22:43:23.343 [Thread-4] GameCharacter checkReachGameWall():99 - Character collided with left wall: x=0
[DEBUG] Wed 2026-09-09 22:43:23.362 [Thread-4] GameCharacter checkReachGameWall():99 - Character collided with left wall: x=0
[DEBUG] Wed 2026-09-09 22:43:23.383 [Thread-4] GameCharacter checkReachGameWall():99 - Character collided with left wall: x=0
[DEBUG] Wed 2026-09-09 22:43:23.403 [Thread-4] GameCharacter checkReachGameWall():99 - Character collided with left wall: x=0
[DEBUG] Wed 2026-09-09 22:43:23.422 [Thread-4] GameCharacter checkReachGameWall():99 - Character collided with left wall: x=0
[DEBUG] Wed 2026-09-09 22:43:23.441 [Thread-4] GameCharacter checkReachGameWall():99 - Character collided with left wall: x=0
[DEBUG] Wed 2026-09-09 22:43:23.459 [Thread-4] GameCharacter checkReachGameWall():99 - Character collided with left wall: x=0
[DEBUG] Wed 2026-09-09 22:43:23.479 [Thread-4] GameCharacter checkReachGameWall():99 - Character collided with left wall: x=0
[DEBUG] Wed 2026-09-09 22:43:23.500 [Thread-4] GameCharacter checkReachGameWall():99 - Character collided with left wall: x=0
[DEBUG] Wed 2026-09-09 22:43:23.518 [Thread-4] GameCharacter checkReachGameWall():99 - Character collided with left wall: x=0
[DEBUG] Wed 2026-09-09 22:43:23.538 [Thread-4] GameCharacter checkReachGameWall():99 - Character collided with left wall: x=0
[DEBUG] Wed 2026-09-09 22:43:23.559 [Thread-4] GameCharacter checkReachGameWall():99 - Character collided with left wall: x=0
[DEBUG] Wed 2026-09-09 22:43:23.579 [Thread-4] GameCharacter checkReachGameWall():99 - Character collided with left wall: x=0
[DEBUG] Wed 2026-09-09 22:43:23.600 [Thread-4] GameCharacter checkReachGameWall():99 - Character collided with left wall: x=0
[DEBUG] Wed 2026-09-09 22:43:23.620 [Thread-4] GameCharacter checkReachGameWall():99 - Character collided with left wall: x=0
[DEBUG] Wed 2026-09-09 22:43:23.641 [Thread-4] GameCharacter checkReachGameWall():99 - Character collided with left wall: x=0
[DEBUG] Wed 2026-09-09 22:43:23.658 [Thread-4] GameCharacter checkReachGameWall():99 - Character collided with left wall: x=0
[DEBUG] Wed 2026-09-09 22:43:23.678 [Thread-4] GameCharacter checkReachGameWall():99 - Character collided with left wall: x=0
[DEBUG] Wed 2026-09-09 22:43:23.698 [Thread-4] GameCharacter checkReachGameWall():99 - Character collided with left wall: x=0
[DEBUG] Wed 2026-09-09 22:43:23.716 [Thread-4] GameCharacter checkReachGameWall():99 - Character collided with left wall: x=0
[DEBUG] Wed 2026-09-09 22:43:23.736 [Thread-4] GameCharacter checkReachGameWall():99 - Character collided with left wall: x=0
[DEBUG] Wed 2026-09-09 22:43:23.756 [Thread-4] GameCharacter checkReachGameWall():99 - Character collided with left wall: x=0
[DEBUG] Wed 2026-09-09 22:43:23.774 [Thread-4] GameCharacter checkReachGameWall():99 - Character collided with left wall: x=0
[DEBUG] Wed 2026-09-09 22:43:23.794 [Thread-4] GameCharacter checkReachGameWall():99 - Character collided with left wall: x=0
[DEBUG] Wed 2026-09-09 22:43:23.815 [Thread-4] GameCharacter checkReachGameWall():99 - Character collided with left wall: x=0
[DEBUG] Wed 2026-09-09 22:43:23.835 [Thread-4] GameCharacter checkReachGameWall():99 - Character collided with left wall: x=0
[DEBUG] Wed 2026-09-09 22:43:23.854 [Thread-4] GameCharacter checkReachGameWall():99 - Character collided with left wall: x=0
[DEBUG] Wed 2026-09-09 22:43:23.875 [Thread-4] GameCharacter checkReachGameWall():99 - Character collided with left wall: x=0
[DEBUG] Wed 2026-09-09 22:43:23.895 [Thread-4] GameCharacter checkReachGameWall():99 - Character collided with left wall: x=0
[DEBUG] Wed 2026-09-09 22:43:23.914 [Thread-4] GameCharacter checkReachGameWall():99 - Character collided with left wall: x=0
[DEBUG] Wed 2026-09-09 22:43:23.934 [Thread-4] GameCharacter checkReachGameWall():99 - Character collided with left wall: x=0
[DEBUG] Wed 2026-09-09 22:43:23.952 [Thread-4] GameCharacter checkReachGameWall():99 - Character collided with left wall: x=0
[DEBUG] Wed 2026-09-09 22:43:23.973 [Thread-4] GameCharacter checkReachGameWall():99 - Character collided with left wall: x=0
[DEBUG] Wed 2026-09-09 22:43:23.992 [Thread-4] GameCharacter checkReachGameWall():99 - Character collided with left wall: x=0
[DEBUG] Wed 2026-09-09 22:43:24.013 [Thread-4] GameCharacter checkReachGameWall():99 - Character collided with left wall: x=0
[DEBUG] Wed 2026-09-09 22:43:24.033 [Thread-4] GameCharacter checkReachGameWall():99 - Character collided with left wall: x=0
[DEBUG] Wed 2026-09-09 22:43:24.053 [Thread-4] GameCharacter checkReachGameWall():99 - Character collided with left wall: x=0
[DEBUG] Wed 2026-09-09 22:43:24.070 [Thread-4] GameCharacter checkReachGameWall():99 - Character collided with left wall: x=0
[DEBUG] Wed 2026-09-09 22:43:24.090 [Thread-4] GameCharacter checkReachGameWall():99 - Character collided with left wall: x=0
[DEBUG] Wed 2026-09-09 22:43:24.108 [Thread-4] GameCharacter checkReachGameWall():99 - Character collided with left wall: x=0
[DEBUG] Wed 2026-09-09 22:43:24.128 [Thread-4] GameCharacter checkReachGameWall():99 - Character collided with left wall: x=0
[DEBUG] Wed 2026-09-09 22:43:24.147 [Thread-4] GameCharacter checkReachGameWall():99 - Character collided with left wall: x=0
[DEBUG] Wed 2026-09-09 22:43:24.168 [Thread-4] GameCharacter checkReachGameWall():99 - Character collided with left wall: x=0
[DEBUG] Wed 2026-09-09 22:43:24.188 [Thread-4] GameCharacter checkReachGameWall():99 - Character collided with left wall: x=0
[DEBUG] Wed 2026-09-09 22:43:24.206 [Thread-4] GameCharacter checkReachGameWall():99 - Character collided with left wall: x=0
[DEBUG] Wed 2026-09-09 22:43:24.226 [Thread-4] GameCharacter checkReachGameWall():99 - Character collided with left wall: x=0
[DEBUG] Wed 2026-09-09 22:43:24.243 [Thread-4] GameCharacter checkReachGameWall():99 - Character collided with left wall: x=0
[DEBUG] Wed 2026-09-09 22:43:24.260 [Thread-4] GameCharacter checkReachGameWall():99 - Character collided with left wall: x=0
[DEBUG] Wed 2026-09-09 22:43:24.280 [Thread-4] GameCharacter checkReachGameWall():99 - Character collided with left wall: x=0
[DEBUG] Wed 2026-09-09 22:43:24.301 [Thread-4] GameCharacter checkReachGameWall():99 - Character collided with left wall: x=0
[DEBUG] Wed 2026-09-09 22:43:24.318 [Thread-4] GameCharacter checkReachGameWall():99 - Character collided with left wall: x=0
[DEBUG] Wed 2026-09-09 22:43:24.335 [Thread-4] GameCharacter checkReachGameWall():99 - Character collided with left wall: x=0
[DEBUG] Wed 2026-09-09 22:43:24.353 [Thread-4] GameCharacter checkReachGameWall():99 - Character collided with left wall: x=0
[DEBUG] Wed 2026-09-09 22:43:24.373 [Thread-4] GameCharacter checkReachGameWall():99 - Character collided with left wall: x=0
[DEBUG] Wed 2026-09-09 22:43:24.392 [Thread-4] GameCharacter checkReachGameWall():99 - Character collided with left wall: x=0
[DEBUG] Wed 2026-09-09 22:43:24.412 [Thread-4] GameCharacter checkReachGameWall():99 - Character collided with left wall: x=0
[DEBUG] Wed 2026-09-09 22:43:24.431 [Thread-4] GameCharacter checkReachGameWall():99 - Character collided with left wall: x=0
[DEBUG] Wed 2026-09-09 22:43:24.452 [Thread-4] GameCharacter checkReachGameWall():99 - Character collided with left wall: x=0
[DEBUG] Wed 2026-09-09 22:43:24.472 [Thread-4] GameCharacter checkReachGameWall():99 - Character collided with left wall: x=0
[DEBUG] Wed 2026-09-09 22:43:24.492 [Thread-4] GameCharacter checkReachGameWall():99 - Character collided with left wall: x=0
[DEBUG] Wed 2026-09-09 22:43:24.513 [Thread-4] GameCharacter checkReachGameWall():99 - Character collided with left wall: x=0
[DEBUG] Wed 2026-09-09 22:43:24.533 [Thread-4] GameCharacter checkReachGameWall():99 - Character collided with left wall: x=0
[DEBUG] Wed 2026-09-09 22:43:24.553 [Thread-4] GameCharacter checkReachGameWall():99 - Character collided with left wall: x=0
[DEBUG] Wed 2026-09-09 22:43:24.574 [Thread-4] GameCharacter checkReachGameWall():99 - Character collided with left wall: x=0
[DEBUG] Wed 2026-09-09 22:43:24.594 [Thread-4] GameCharacter checkReachGameWall():99 - Character collided with left wall: x=0
[DEBUG] Wed 2026-09-09 22:43:24.612 [Thread-4] GameCharacter checkReachGameWall():99 - Character collided with left wall: x=0
[DEBUG] Wed 2026-09-09 22:43:24.633 [Thread-4] GameCharacter checkReachGameWall():99 - Character collided with left wall: x=0
[DEBUG] Wed 2026-09-09 22:43:24.650 [Thread-4] GameCharacter checkReachGameWall():99 - Character collided with left wall: x=0
[DEBUG] Wed 2026-09-09 22:43:24.670 [Thread-4] GameCharacter checkReachGameWall():99 - Character collided with left wall: x=0
[DEBUG] Wed 2026-09-09 22:43:24.689 [Thread-4] GameCharacter checkReachGameWall():99 - Character collided with left wall: x=0
[DEBUG] Wed 2026-09-09 22:43:24.705 [Thread-4] GameCharacter checkReachGameWall():99 - Character collided with left wall: x=0
[DEBUG] Wed 2026-09-09 22:43:24.722 [Thread-4] GameCharacter checkReachGameWall():99 - Character collided with left wall: x=0
[DEBUG] Wed 2026-09-09 22:43:24.743 [Thread-4] GameCharacter checkReachGameWall():99 - Character collided with left wall: x=0
[DEBUG] Wed 2026-09-09 22:43:24.763 [Thread-4] GameCharacter checkReachGameWall():99 - Character collided with left wall: x=0
[DEBUG] Wed 2026-09-09 22:43:24.783 [Thread-4] GameCharacter checkReachGameWall():99 - Character collided with left wall: x=0
[DEBUG] Wed 2026-09-09 22:43:24.802 [Thread-4] GameCharacter checkReachGameWall():99 - Character collided with left wall: x=0
[DEBUG] Wed 2026-09-09 22:43:24.819 [Thread-4] GameCharacter checkReachGameWall():99 - Character collided with left wall: x=0
[DEBUG] Wed 2026-09-09 22:43:24.840 [Thread-4] GameCharacter checkReachGameWall():99 - Character collided with left wall: x=0
[DEBUG] Wed 2026-09-09 22:43:24.860 [Thread-4] GameCharacter checkReachGameWall():99 - Character collided with left wall: x=0
[DEBUG] Wed 2026-09-09 22:43:24.881 [Thread-4] GameCharacter checkReachGameWall():99 - Character collided with left wall: x=0
[DEBUG] Wed 2026-09-09 22:43:24.901 [Thread-4] GameCharacter checkReachGameWall():99 - Character collided with left wall: x=0
[DEBUG] Wed 2026-09-09 22:43:24.918 [Thread-4] GameCharacter checkReachGameWall():99 - Character collided with left wall: x=0
[DEBUG] Wed 2026-09-09 22:43:24.938 [Thread-4] GameCharacter checkReachGameWall():99 - Character collided with left wall: x=0
[DEBUG] Wed 2026-09-09 22:43:24.956 [Thread-4] GameCharacter checkReachGameWall():99 - Character collided with left wall: x=0
[DEBUG] Wed 2026-09-09 22:43:24.973 [Thread-4] GameCharacter checkReachGameWall():99 - Character collided with left wall: x=0
[DEBUG] Wed 2026-09-09 22:43:24.990 [Thread-4] GameCharacter checkReachGameWall():99 - Character collided with left wall: x=0
[DEBUG] Wed 2026-09-09 22:43:25.009 [Thread-4] GameCharacter checkReachGameWall():99 - Character collided with left wall: x=0
[DEBUG] Wed 2026-09-09 22:43:25.029 [Thread-4] GameCharacter checkReachGameWall():99 - Character collided with left wall: x=0
[DEBUG] Wed 2026-09-09 22:43:25.047 [Thread-4] GameCharacter checkReachGameWall():99 - Character collided with left wall: x=0
[DEBUG] Wed 2026-09-09 22:43:25.065 [Thread-4] GameCharacter checkReachGameWall():99 - Character collided with left wall: x=0
[DEBUG] Wed 2026-09-09 22:43:25.086 [Thread-4] GameCharacter checkReachGameWall():99 - Character collided with left wall: x=0
[DEBUG] Wed 2026-09-09 22:43:25.105 [Thread-4] GameCharacter checkReachGameWall():99 - Character collided with left wall: x=0
[DEBUG] Wed 2026-09-09 22:43:25.125 [Thread-4] GameCharacter checkReachGameWall():99 - Character collided with left wall: x=0
[DEBUG] Wed 2026-09-09 22:43:25.142 [Thread-4] GameCharacter checkReachGameWall():99 - Character collided with left wall: x=0
[DEBUG] Wed 2026-09-09 22:43:25.163 [Thread-4] GameCharacter checkReachGameWall():99 - Character collided with left wall: x=0
[DEBUG] Wed 2026-09-09 22:43:25.182 [Thread-4] GameCharacter checkReachGameWall():99 - Character collided with left wall: x=0
[DEBUG] Wed 2026-09-09 22:43:25.199 [Thread-4] GameCharacter checkReachGameWall():99 - Character collided with left wall: x=0
[DEBUG] Wed 2026-09-09 22:43:25.217 [Thread-4] GameCharacter checkReachGameWall():99 - Character collided with left wall: x=0
[DEBUG] Wed 2026-09-09 22:43:25.235 [Thread-4] GameCharacter checkReachGameWall():99 - Character collided with left wall: x=0
[DEBUG] Wed 2026-09-09 22:43:25.252 [Thread-4] GameCharacter checkReachGameWall():99 - Character collided with left wall: x=0
[DEBUG] Wed 2026-09-09 22:43:25.269 [Thread-4] GameCharacter checkReachGameWall():99 - Character collided with left wall: x=0
[DEBUG] Wed 2026-09-09 22:43:25.289 [Thread-4] GameCharacter checkReachGameWall():99 - Character collided with left wall: x=0
[DEBUG] Wed 2026-09-09 22:43:25.309 [Thread-4] GameCharacter checkReachGameWall():99 - Character collided with left wall: x=0
[DEBUG] Wed 2026-09-09 22:43:25.326 [Thread-4] GameCharacter checkReachGameWall():99 - Character collided with left wall: x=0
[DEBUG] Wed 2026-09-09 22:43:25.346 [Thread-4] GameCharacter checkReachGameWall():99 - Character collided with left wall: x=0
[DEBUG] Wed 2026-09-09 22:43:25.365 [Thread-4] GameCharacter checkReachGameWall():99 - Character collided with left wall: x=0
[DEBUG] Wed 2026-09-09 22:43:25.382 [Thread-4] GameCharacter checkReachGameWall():99 - Character collided with left wall: x=0
[DEBUG] Wed 2026-09-09 22:43:25.402 [Thread-4] GameCharacter checkReachGameWall():99 - Character collided with left wall: x=0
[DEBUG] Wed 2026-09-09 22:43:25.421 [Thread-4] GameCharacter checkReachGameWall():99 - Character collided with left wall: x=0
[DEBUG] Wed 2026-09-09 22:43:25.441 [Thread-4] GameCharacter checkReachGameWall():99 - Character collided with left wall: x=0
[DEBUG] Wed 2026-09-09 22:43:25.459 [Thread-4] GameCharacter checkReachGameWall():99 - Character collided with left wall: x=0
[DEBUG] Wed 2026-09-09 22:43:25.476 [Thread-4] GameCharacter checkReachGameWall():99 - Character collided with left wall: x=0
[DEBUG] Wed 2026-09-09 22:43:25.496 [Thread-4] GameCharacter checkReachGameWall():99 - Character collided with left wall: x=0
[DEBUG] Wed 2026-09-09 22:43:25.517 [Thread-4] GameCharacter checkReachGameWall():99 - Character collided with left wall: x=0
[DEBUG] Wed 2026-09-09 22:43:25.534 [Thread-4] GameCharacter checkReachGameWall():99 - Character collided with left wall: x=0
[DEBUG] Wed 2026-09-09 22:43:25.554 [Thread-4] GameCharacter checkReachGameWall():99 - Character collided with left wall: x=0
[DEBUG] Wed 2026-09-09 22:43:25.572 [Thread-4] GameCharacter checkReachGameWall():99 - Character collided with left wall: x=0
[DEBUG] Wed 2026-09-09 22:43:25.592 [Thread-4] GameCharacter checkReachGameWall():99 - Character collided with left wall: x=0
[DEBUG] Wed 2026-09-09 22:43:25.610 [Thread-4] GameCharacter checkReachGameWall():99 - Character collided with left wall: x=0
[DEBUG] Wed 2026-09-09 22:43:25.630 [Thread-4] GameCharacter checkReachGameWall():99 - Character collided with left wall: x=0
[DEBUG] Wed 2026-09-09 22:43:25.647 [Thread-4] GameCharacter checkReachGameWall():99 - Character collided with left wall: x=0
[DEBUG] Wed 2026-09-09 22:43:25.667 [Thread-4] GameCharacter checkReachGameWall():99 - Character collided with left wall: x=0
[DEBUG] Wed 2026-09-09 22:43:25.685 [Thread-4] GameCharacter checkReachGameWall():99 - Character collided with left wall: x=0
[DEBUG] Wed 2026-09-09 22:43:25.705 [Thread-4] GameCharacter checkReachGameWall():99 - Character collided with left wall: x=0
[DEBUG] Wed 2026-09-09 22:43:25.725 [Thread-4] GameCharacter checkReachGameWall():99 - Character collided with left wall: x=0
[DEBUG] Wed 2026-09-09 22:43:25.746 [Thread-4] GameCharacter checkReachGameWall():99 - Character collided with left wall: x=0
[DEBUG] Wed 2026-09-09 22:43:25.766 [Thread-4] GameCharacter checkReachGameWall():99 - Character collided with left wall: x=0
[DEBUG] Wed 2026-09-09 22:43:25.786 [Thread-4] GameCharacter checkReachGameWall():99 - Character collided with left wall: x=0
[DEBUG] Wed 2026-09-09 22:43:25.804 [Thread-4] GameCharacter checkReachGameWall():99 - Character collided with left wall: x=0
[DEBUG] Wed 2026-09-09 22:43:25.821 [Thread-4] GameCharacter checkReachGameWall():99 - Character collided with left wall: x=0
[DEBUG] Wed 2026-09-09 22:43:25.841 [Thread-4] GameCharacter checkReachGameWall():99 - Character collided with left wall: x=0
[DEBUG] Wed 2026-09-09 22:43:25.860 [Thread-4] GameCharacter checkReachGameWall():99 - Character collided with left wall: x=0
[DEBUG] Wed 2026-09-09 22:43:25.880 [Thread-4] GameCharacter checkReachGameWall():99 - Character collided with left wall: x=0
[DEBUG] Wed 2026-09-09 22:43:25.900 [Thread-4] GameCharacter checkReachGameWall():99 - Character collided with left wall: x=0
[DEBUG] Wed 2026-09-09 22:43:25.917 [Thread-4] GameCharacter checkReachGameWall():99 - Character collided with left wall: x=0
[DEBUG] Wed 2026-09-09 22:43:25.934 [Thread-4] GameCharacter checkReachGameWall():99 - Character collided with left wall: x=0
[DEBUG] Wed 2026-09-09 22:43:25.954 [Thread-4] GameCharacter checkReachGameWall():99 - Character collided with left wall: x=0
[DEBUG] Wed 2026-09-09 22:43:25.973 [Thread-4] GameCharacter checkReachGameWall():99 - Character collided with left wall: x=0
[DEBUG] Wed 2026-09-09 22:43:25.991 [Thread-4] GameCharacter checkReachGameWall():99 - Character collided with left wall: x=0
[DEBUG] Wed 2026-09-09 22:43:26.010 [Thread-4] GameCharacter checkReachGameWall():99 - Character collided with left wall: x=0
[DEBUG] Wed 2026-09-09 22:43:26.031 [Thread-4] GameCharacter checkReachGameWall():99 - Character collided with left wall: x=0
[DEBUG] Wed 2026-09-09 22:43:26.049 [Thread-4] GameCharacter checkReachGameWall():99 - Character collided with left wall: x=0
[DEBUG] Wed 2026-09-09 22:43:26.068 [Thread-4] GameCharacter checkReachGameWall():99 - Character collided with left wall: x=0
[DEBUG] Wed 2026-09-09 22:43:26.088 [Thread-4] GameCharacter checkReachGameWall():99 - Character collided with left wall: x=0
[DEBUG] Wed 2026-09-09 22:43:26.107 [Thread-4] GameCharacter checkReachGameWall():99 - Character collided with left wall: x=0
[DEBUG] Wed 2026-09-09 22:43:26.127 [Thread-4] GameCharacter checkReachGameWall():99 - Character collided with left wall: x=0
[DEBUG] Wed 2026-09-09 22:43:26.147 [Thread-4] GameCharacter checkReachGameWall():99 - Character collided with left wall: x=0
[DEBUG] Wed 2026-09-09 22:43:26.167 [Thread-4] GameCharacter checkReachGameWall():99 - Character collided with left wall: x=0
[DEBUG] Wed 2026-09-09 22:43:26.187 [Thread-4] GameCharacter checkReachGameWall():99 - Character collided with left wall: x=0
[DEBUG] Wed 2026-09-09 22:43:26.205 [Thread-4] GameCharacter checkReachGameWall():99 - Character collided with left wall: x=0
[DEBUG] Wed 2026-09-09 22:43:26.225 [Thread-4] GameCharacter checkReachGameWall():99 - Character collided with left wall: x=0
[DEBUG] Wed 2026-09-09 22:43:26.245 [Thread-4] GameCharacter checkReachGameWall():99 - Character collided with left wall: x=0
[DEBUG] Wed 2026-09-09 22:43:26.263 [Thread-4] GameCharacter checkReachGameWall():99 - Character collided with left wall: x=0
[DEBUG] Wed 2026-09-09 22:43:26.280 [Thread-4] GameCharacter checkReachGameWall():99 - Character collided with left wall: x=0
[DEBUG] Wed 2026-09-09 22:43:26.300 [Thread-4] GameCharacter checkReachGameWall():99 - Character collided with left wall: x=0
[DEBUG] Wed 2026-09-09 22:43:26.321 [Thread-4] GameCharacter checkReachGameWall():99 - Character collided with left wall: x=0
[DEBUG] Wed 2026-09-09 22:43:26.339 [Thread-4] GameCharacter checkReachGameWall():99 - Character collided with left wall: x=0
[DEBUG] Wed 2026-09-09 22:43:26.360 [Thread-4] GameCharacter checkReachGameWall():99 - Character collided with left wall: x=0
[DEBUG] Wed 2026-09-09 22:43:26.380 [Thread-4] GameCharacter checkReachGameWall():99 - Character collided with left wall: x=0
[DEBUG] Wed 2026-09-09 22:43:26.400 [Thread-4] GameCharacter checkReachGameWall():99 - Character collided with left wall: x=0
[DEBUG] Wed 2026-09-09 22:43:26.420 [Thread-4] GameCharacter checkReachGameWall():99 - Character collided with left wall: x=0
[DEBUG] Wed 2026-09-09 22:43:26.440 [Thread-4] GameCharacter checkReachGameWall():99 - Character collided with left wall: x=0
[DEBUG] Wed 2026-09-09 22:43:26.459 [Thread-4] GameCharacter checkReachGameWall():99 - Character collided with left wall: x=0
[DEBUG] Wed 2026-09-09 22:43:26.477 [Thread-4] GameCharacter checkReachGameWall():99 - Character collided with left wall: x=0
[DEBUG] Wed 2026-09-09 22:43:26.498 [Thread-4] GameCharacter checkReachGameWall():99 - Character collided with left wall: x=0
[DEBUG] Wed 2026-09-09 22:43:26.514 [Thread-4] GameCharacter checkReachGameWall():99 - Character collided with left wall: x=0
[DEBUG] Wed 2026-09-09 22:43:26.531 [Thread-4] GameCharacter checkReachGameWall():99 - Character collided with left wall: x=0
[DEBUG] Wed 2026-09-09 22:43:26.551 [Thread-4] GameCharacter checkReachGameWall():99 - Character collided with left wall: x=0
[DEBUG] Wed 2026-09-09 22:43:26.571 [Thread-4] GameCharacter checkReachGameWall():99 - Character collided with left wall: x=0
[DEBUG] Wed 2026-09-09 22:43:26.589 [Thread-4] GameCharacter checkReachGameWall():99 - Character collided with left wall: x=0
[DEBUG] Wed 2026-09-09 22:43:26.609 [Thread-4] GameCharacter checkReachGameWall():99 - Character collided with left wall: x=0
[DEBUG] Wed 2026-09-09 22:43:26.628 [Thread-4] GameCharacter checkReachGameWall():99 - Character collided with left wall: x=0
[DEBUG] Wed 2026-09-09 22:43:26.645 [Thread-4] GameCharacter checkReachGameWall():99 - Character collided with left wall: x=0
[DEBUG] Wed 2026-09-09 22:43:26.665 [Thread-4] GameCharacter checkReachGameWall():99 - Character collided with left wall: x=0
[DEBUG] Wed 2026-09-09 22:43:26.684 [Thread-4] GameCharacter checkReachGameWall():99 - Character collided with left wall: x=0
[DEBUG] Wed 2026-09-09 22:43:26.702 [Thread-4] GameCharacter checkReachGameWall():99 - Character collided with left wall: x=0
[DEBUG] Wed 2026-09-09 22:43:26.722 [Thread-4] GameCharacter checkReachGameWall():99 - Character collided with left wall: x=0
[DEBUG] Wed 2026-09-09 22:43:26.740 [Thread-4] GameCharacter checkReachGameWall():99 - Character collided with left wall: x=0
[DEBUG] Wed 2026-09-09 22:43:26.760 [Thread-4] GameCharacter checkReachGameWall():99 - Character collided with left wall: x=0
[DEBUG] Wed 2026-09-09 22:43:26.781 [Thread-4] GameCharacter checkReachGameWall():99 - Character collided with left wall: x=0
[DEBUG] Wed 2026-09-09 22:43:26.801 [Thread-4] GameCharacter checkReachGameWall():99 - Character collided with left wall: x=0
[DEBUG] Wed 2026-09-09 22:43:26.821 [Thread-4] GameCharacter checkReachGameWall():99 - Character collided with left wall: x=0
[DEBUG] Wed 2026-09-09 22:43:26.838 [Thread-4] GameCharacter checkReachGameWall():99 - Character collided with left wall: x=0
[DEBUG] Wed 2026-09-09 22:43:26.856 [Thread-4] GameCharacter checkReachGameWall():99 - Character collided with left wall: x=0
[DEBUG] Wed 2026-09-09 22:43:26.876 [Thread-4] GameCharacter checkReachGameWall():99 - Character collided with left wall: x=0
[DEBUG] Wed 2026-09-09 22:43:26.897 [Thread-4] GameCharacter checkReachGameWall():99 - Character collided with left wall: x=0
[DEBUG] Wed 2026-09-09 22:43:26.916 [Thread-4] GameCharacter checkReachGameWall():99 - Character collided with left wall: x=0
[DEBUG] Wed 2026-09-09 22:43:26.936 [Thread-4] GameCharacter checkReachGameWall():99 - Character collided with left wall: x=0
[DEBUG] Wed 2026-09-09 22:43:26.956 [Thread-4] GameCharacter checkReachGameWall():99 - Character collided with left wall: x=0
[DEBUG] Wed 2026-09-09 22:43:26.974 [Thread-4] GameCharacter checkReachGameWall():99 - Character collided with left wall: x=0
[DEBUG] Wed 2026-09-09 22:43:26.994 [Thread-4] GameCharacter checkReachGameWall():99 - Character collided with left wall: x=0
[DEBUG] Wed 2026-09-09 22:43:27.014 [Thread-4] GameCharacter checkReachGameWall():99 - Character collided with left wall: x=0
[DEBUG] Wed 2026-09-09 22:43:27.035 [Thread-4] GameCharacter checkReachGameWall():99 - Character collided with left wall: x=0
[DEBUG] Wed 2026-09-09 22:43:27.055 [Thread-4] GameCharacter checkReachGameWall():99 - Character collided with left wall: x=0
[DEBUG] Wed 2026-09-09 22:43:27.073 [Thread-4] GameCharacter checkReachGameWall():99 - Character collided with left wall: x=0
[DEBUG] Wed 2026-09-09 22:43:27.091 [Thread-4] GameCharacter checkReachGameWall():99 - Character collided with left wall: x=0
[DEBUG] Wed 2026-09-09 22:43:27.110 [Thread-4] GameCharacter checkReachGameWall():99 - Character collided with left wall: x=0
[DEBUG] Wed 2026-09-09 22:43:27.130 [Thread-4] GameCharacter checkReachGameWall():99 - Character collided with left wall: x=0
[DEBUG] Wed 2026-09-09 22:43:27.149 [Thread-4] GameCharacter checkReachGameWall():99 - Character collided with left wall: x=0
[DEBUG] Wed 2026-09-09 22:43:27.166 [Thread-4] GameCharacter checkReachGameWall():99 - Character collided with left wall: x=0
[DEBUG] Wed 2026-09-09 22:43:27.185 [Thread-4] GameCharacter checkReachGameWall():99 - Character collided with left wall: x=0
[DEBUG] Wed 2026-09-09 22:43:27.205 [Thread-4] GameCharacter checkReachGameWall():99 - Character collided with left wall: x=0
[DEBUG] Wed 2026-09-09 22:43:27.226 [Thread-4] GameCharacter checkReachGameWall():99 - Character collided with left wall: x=0
[DEBUG] Wed 2026-09-09 22:43:27.246 [Thread-4] GameCharacter checkReachGameWall():99 - Character collided with left wall: x=0
[DEBUG] Wed 2026-09-09 22:43:27.262 [Thread-4] GameCharacter checkReachGameWall():99 - Character collided with left wall: x=0
[DEBUG] Wed 2026-09-09 22:43:27.279 [Thread-4] GameCharacter checkReachGameWall():99 - Character collided with left wall: x=0
[DEBUG] Wed 2026-09-09 22:43:27.299 [Thread-4] GameCharacter checkReachGameWall():99 - Character collided with left wall: x=0
[DEBUG] Wed 2026-09-09 22:43:27.317 [Thread-4] GameCharacter checkReachGameWall():99 - Character collided with left wall: x=0
[DEBUG] Wed 2026-09-09 22:43:27.335 [Thread-4] GameCharacter checkReachGameWall():99 - Character collided with left wall: x=0
[DEBUG] Wed 2026-09-09 22:43:27.352 [Thread-4] GameCharacter checkReachGameWall():99 - Character collided with left wall: x=0
[DEBUG] Wed 2026-09-09 22:43:27.372 [Thread-4] GameCharacter checkReachGameWall():99 - Character collided with left wall: x=0
[DEBUG] Wed 2026-09-09 22:43:27.390 [Thread-4] GameCharacter checkReachGameWall():99 - Character collided with left wall: x=0
[DEBUG] Wed 2026-09-09 22:43:27.408 [Thread-4] GameCharacter checkReachGameWall():99 - Character collided with left wall: x=0
[DEBUG] Wed 2026-09-09 22:43:27.425 [Thread-4] GameCharacter checkReachGameWall():99 - Character collided with left wall: x=0
[DEBUG] Wed 2026-09-09 22:43:27.445 [Thread-4] GameCharacter checkReachGameWall():99 - Character collided with left wall: x=0
[DEBUG] Wed 2026-09-09 22:43:27.463 [Thread-4] GameCharacter checkReachGameWall():99 - Character collided with left wall: x=0
[DEBUG] Wed 2026-09-09 22:43:27.481 [Thread-4] GameCharacter checkReachGameWall():99 - Character collided with left wall: x=0
[DEBUG] Wed 2026-09-09 22:43:27.502 [Thread-4] GameCharacter checkReachGameWall():99 - Character collided with left wall: x=0
[DEBUG] Wed 2026-09-09 22:43:27.521 [Thread-4] GameCharacter checkReachGameWall():99 - Character collided with left wall: x=0
[DEBUG] Wed 2026-09-09 22:43:27.539 [Thread-4] GameCharacter checkReachGameWall():99 - Character collided with left wall: x=0
[DEBUG] Wed 2026-09-09 22:43:27.559 [Thread-4] GameCharacter checkReachGameWall():99 - Character collided with left wall: x=0
[DEBUG] Wed 2026-09-09 22:43:27.579 [Thread-4] GameCharacter checkReachGameWall():99 - Character collided with left wall: x=0
[DEBUG] Wed 2026-09-09 22:43:27.599 [Thread-4] GameCharacter checkReachGameWall():99 - Character collided with left wall: x=0
[DEBUG] Wed 2026-09-09 22:43:27.620 [Thread-4] GameCharacter checkReachGameWall():99 - Character collided with left wall: x=0
[DEBUG] Wed 2026-09-09 22:43:27.640 [Thread-4] GameCharacter checkReachGameWall():99 - Character collided with left wall: x=0
[DEBUG] Wed 2026-09-09 22:43:27.660 [Thread-4] GameCharacter checkReachGameWall():99 - Character collided with left wall: x=0
[DEBUG] Wed 2026-09-09 22:43:27.681 [Thread-4] GameCharacter checkReachGameWall():99 - Character collided with left wall: x=0
[DEBUG] Wed 2026-09-09 22:43:27.701 [Thread-4] GameCharacter checkReachGameWall():99 - Character collided with left wall: x=0
[DEBUG] Wed 2026-09-09 22:43:27.721 [Thread-4] GameCharacter checkReachGameWall():99 - Character collided with left wall: x=0
[DEBUG] Wed 2026-09-09 22:43:27.739 [Thread-4] GameCharacter checkReachGameWall():99 - Character collided with left wall: x=0
[DEBUG] Wed 2026-09-09 22:43:27.759 [Thread-4] GameCharacter checkReachGameWall():99 - Character collided with left wall: x=0
[DEBUG] Wed 2026-09-09 22:43:27.778 [Thread-4] GameCharacter checkReachGameWall():99 - Character collided with left wall: x=0
[DEBUG] Wed 2026-09-09 22:43:27.797 [Thread-4] GameCharacter checkReachGameWall():99 - Character collided with left wall: x=0
[DEBUG] Wed 2026-09-09 22:43:27.816 [Thread-4] GameCharacter checkReachGameWall():99 - Character collided with left wall: x=0
[DEBUG] Wed 2026-09-09 22:43:27.835 [Thread-4] GameCharacter checkReachGameWall():99 - Character collided with left wall: x=0
[DEBUG] Wed 2026-09-09 22:43:27.855 [Thread-4] GameCharacter checkReachGameWall():99 - Character collided with left wall: x=0
[DEBUG] Wed 2026-09-09 22:43:27.875 [Thread-4] GameCharacter checkReachGameWall():99 - Character collided with left wall: x=0
[DEBUG] Wed 2026-09-09 22:43:27.895 [Thread-4] GameCharacter checkReachGameWall():99 - Character collided with left wall: x=0
[DEBUG] Wed 2026-09-09 22:43:27.914 [Thread-4] GameCharacter checkReachGameWall():99 - Character collided with left wall: x=0
[DEBUG] Wed 2026-09-09 22:43:27.932 [Thread-4] GameCharacter checkReachGameWall():99 - Character collided with left wall: x=0
[DEBUG] Wed 2026-09-09 22:43:27.952 [Thread-4] GameCharacter checkReachGameWall():99 - Character collided with left wall: x=0
[DEBUG] Wed 2026-09-09 22:43:27.971 [Thread-4] GameCharacter checkReachGameWall():99 - Character collided with left wall: x=0
[DEBUG] Wed 2026-09-09 22:43:27.988 [Thread-4] GameCharacter checkReachGameWall():99 - Character collided with left wall: x=0
[DEBUG] Wed 2026-09-09 22:43:28.005 [Thread-4] GameCharacter checkReachGameWall():99 - Character collided with left wall: x=0
[DEBUG] Wed 2026-09-09 22:43:28.025 [Thread-4] GameCharacter checkReachGameWall():99 - Character collided with left wall: x=0
[DEBUG] Wed 2026-09-09 22:43:28.042 [Thread-4] GameCharacter checkReachGameWall():99 - Character collided with left wall: x=0
[DEBUG] Wed 2026-09-09 22:43:28.062 [Thread-4] GameCharacter checkReachGameWall():99 - Character collided with left wall: x=0
[DEBUG] Wed 2026-09-09 22:43:28.082 [Thread-4] GameCharacter checkReachGameWall():99 - Character collided with left wall: x=0
[DEBUG] Wed 2026-09-09 22:43:28.102 [Thread-4] GameCharacter checkReachGameWall():99 - Character collided with left wall: x=0
[DEBUG] Wed 2026-09-09 22:43:28.122 [Thread-4] GameCharacter checkReachGameWall():99 - Character collided with left wall: x=0
[DEBUG] Wed 2026-09-09 22:43:28.142 [Thread-4] GameCharacter checkReachGameWall():99 - Character collided with left wall: x=0
[DEBUG] Wed 2026-09-09 22:43:28.161 [Thread-4] GameCharacter checkReachGameWall():99 - Character collided with left wall: x=0
[DEBUG] Wed 2026-09-09 22:43:28.180 [Thread-4] GameCharacter checkReachGameWall():99 - Character collided with left wall: x=0
[DEBUG] Wed 2026-09-09 22:43:28.200 [Thread-4] GameCharacter checkReachGameWall():99 - Character collided with left wall: x=0
[DEBUG] Wed 2026-09-09 22:43:28.220 [Thread-4] GameCharacter checkReachGameWall():99 - Character collided with left wall: x=0
[DEBUG] Wed 2026-09-09 22:43:28.239 [Thread-4] GameCharacter checkReachGameWall():99 - Character collided with left wall: x=0
[DEBUG] Wed 2026-09-09 22:43:28.258 [Thread-4] GameCharacter checkReachGameWall():99 - Character collided with left wall: x=0
[DEBUG] Wed 2026-09-09 22:43:28.275 [Thread-4] GameCharacter checkReachGameWall():99 - Character collided with left wall: x=0
[DEBUG] Wed 2026-09-09 22:43:28.294 [Thread-4] GameCharacter checkReachGameWall():99 - Character collided with left wall: x=0
[DEBUG] Wed 2026-09-09 22:43:28.314 [Thread-4] GameCharacter checkReachGameWall():99 - Character collided with left wall: x=0
[DEBUG] Wed 2026-09-09 22:43:28.334 [Thread-4] GameCharacter checkReachGameWall():99 - Character collided with left wall: x=0
[DEBUG] Wed 2026-09-09 22:43:28.354 [Thread-4] GameCharacter checkReachGameWall():99 - Character collided with left wall: x=0
[DEBUG] Wed 2026-09-09 22:43:28.373 [Thread-4] GameCharacter checkReachGameWall():99 - Character collided with left wall: x=0
[DEBUG] Wed 2026-09-09 22:43:28.390 [Thread-4] GameCharacter checkReachGameWall():99 - Character collided with left wall: x=0
[DEBUG] Wed 2026-09-09 22:43:28.409 [Thread-4] GameCharacter checkReachGameWall():99 - Character collided with left wall: x=0
[DEBUG] Wed 2026-09-09 22:43:28.429 [Thread-4] GameCharacter checkReachGameWall():99 - Character collided with left wall: x=0
[DEBUG] Wed 2026-09-09 22:43:28.449 [Thread-4] GameCharacter checkReachGameWall():99 - Character collided with left wall: x=0
[DEBUG] Wed 2026-09-09 22:43:28.467 [Thread-4] GameCharacter checkReachGameWall():99 - Character collided with left wall: x=0
[DEBUG] Wed 2026-09-09 22:43:28.483 [Thread-4] GameCharacter checkReachGameWall():99 - Character collided with left wall: x=0
[DEBUG] Wed 2026-09-09 22:43:28.502 [Thread-4] GameCharacter checkReachGameWall():99 - Character collided with left wall: x=0
[DEBUG] Wed 2026-09-09 22:43:28.522 [Thread-4] GameCharacter checkReachGameWall():99 - Character collided with left wall: x=0
[DEBUG] Wed 2026-09-09 22:43:28.542 [Thread-4] GameCharacter checkReachGameWall():99 - Character collided with left wall: x=0
[DEBUG] Wed 2026-09-09 22:43:28.561 [Thread-4] GameCharacter checkReachGameWall():99 - Character collided with left wall: x=0
[DEBUG] Wed 2026-09-09 22:43:28.578 [Thread-4] GameCharacter checkReachGameWall():99 - Character collided with left wall: x=0
[DEBUG] Wed 2026-09-09 22:43:28.598 [Thread-4] GameCharacter checkReachGameWall():99 - Character collided with left wall: x=0
[DEBUG] Wed 2026-09-09 22:43:28.619 [Thread-4] GameCharacter checkReachGameWall():99 - Character collided with left wall: x=0
[DEBUG] Wed 2026-09-09 22:43:28.636 [Thread-4] GameCharacter checkReachGameWall():99 - Character collided with left wall: x=0
[DEBUG] Wed 2026-09-09 22:43:28.656 [Thread-4] GameCharacter checkReachGameWall():99 - Character collided with left wall: x=0
[DEBUG] Wed 2026-09-09 22:43:28.676 [Thread-4] GameCharacter checkReachGameWall():99 - Character collided with left wall: x=0
[DEBUG] Wed 2026-09-09 22:43:28.697 [Thread-4] GameCharacter checkReachGameWall():99 - Character collided with left wall: x=0
[DEBUG] Wed 2026-09-09 22:43:28.715 [Thread-4] GameCharacter checkReachGameWall():99 - Character collided with left wall: x=0
[DEBUG] Wed 2026-09-09 22:43:28.731 [Thread-4] GameCharacter checkReachGameWall():99 - Character collided with left wall: x=0
[DEBUG] Wed 2026-09-09 22:43:28.750 [Thread-4] GameCharacter checkReachGameWall():99 - Character collided with left wall: x=0
[DEBUG] Wed 2026-09-09 22:43:28.769 [Thread-4] GameCharacter checkReachGameWall():99 - Character collided with left wall: x=0
[DEBUG] Wed 2026-09-09 22:43:28.787 [Thread-4] GameCharacter checkReachGameWall():99 - Character collided with left wall: x=0
[DEBUG] Wed 2026-09-09 22:43:28.804 [Thread-4] GameCharacter checkReachGameWall():99 - Character collided with left wall: x=0
[DEBUG] Wed 2026-09-09 22:43:28.825 [Thread-4] GameCharacter checkReachGameWall():99 - Character collided with left wall: x=0
[DEBUG] Wed 2026-09-09 22:43:28.845 [Thread-4] GameCharacter checkReachGameWall():99 - Character collided with left wall: x=0
[DEBUG] Wed 2026-09-09 22:43:28.866 [Thread-4] GameCharacter checkReachGameWall():99 - Character collided with left wall: x=0
[DEBUG] Wed 2026-09-09 22:43:28.883 [Thread-4] GameCharacter checkReachGameWall():99 - Character collided with left wall: x=0
[DEBUG] Wed 2026-09-09 22:43:28.900 [Thread-4] GameCharacter checkReachGameWall():99 - Character collided with left wall: x=0
[DEBUG] Wed 2026-09-09 22:43:28.919 [Thread-4] GameCharacter checkReachGameWall():99 - Character collided with left wall: x=0
[DEBUG] Wed 2026-09-09 22:43:28.939 [Thread-4] GameCharacter checkReachGameWall():99 - Character collided with left wall: x=0
[DEBUG] Wed 2026-09-09 22:43:28.958 [Thread-4] GameCharacter checkReachGameWall():99 - Character collided with left wall: x=0
[DEBUG] Wed 2026-09-09 22:43:28.978 [Thread-4] GameCharacter checkReachGameWall():99 - Character collided with left wall: x=0
[DEBUG] Wed 2026-09-09 22:43:28.998 [Thread-4] GameCharacter checkReachGameWall():99 - Character collided with left wall: x=0
[DEBUG] Wed 2026-09-09 22:43:29.016 [Thread-4] GameCharacter checkReachGameWall():99 - Character collided with left wall: x=0
[DEBUG] Wed 2026-09-09 22:43:29.033 [Thread-4] GameCharacter checkReachGameWall():99 - Character collided with left wall: x=0
[DEBUG] Wed 2026-09-09 22:43:29.050 [Thread-4] GameCharacter checkReachGameWall():99 - Character collided with left wall: x=0
[DEBUG] Wed 2026-09-09 22:43:29.069 [Thread-4] GameCharacter checkReachGameWall():99 - Character collided with left wall: x=0
[DEBUG] Wed 2026-09-09 22:43:29.087 [Thread-4] GameCharacter checkReachGameWall():99 - Character collided with left wall: x=0
[DEBUG] Wed 2026-09-09 22:43:29.105 [Thread-4] GameCharacter checkReachGameWall():99 - Character collided with left wall: x=0
[DEBUG] Wed 2026-09-09 22:43:29.123 [Thread-4] GameCharacter checkReachGameWall():99 - Character collided with left wall: x=0
[DEBUG] Wed 2026-09-09 22:43:29.143 [Thread-4] GameCharacter checkReachGameWall():99 - Character collided with left wall: x=0
[DEBUG] Wed 2026-09-09 22:43:29.163 [Thread-4] GameCharacter checkReachGameWall():99 - Character collided with left wall: x=0
[DEBUG] Wed 2026-09-09 22:43:29.183 [Thread-4] GameCharacter checkReachGameWall():99 - Character collided with left wall: x=0
[DEBUG] Wed 2026-09-09 22:43:29.203 [Thread-4] GameCharacter checkReachGameWall():99 - Character collided with left wall: x=0
[DEBUG] Wed 2026-09-09 22:43:29.224 [Thread-4] GameCharacter checkReachGameWall():99 - Character collided with left wall: x=0
[DEBUG] Wed 2026-09-09 22:43:29.243 [Thread-4] GameCharacter checkReachGameWall():99 - Character collided with left wall: x=0
[DEBUG] Wed 2026-09-09 22:43:29.263 [Thread-4] GameCharacter checkReachGameWall():99 - Character collided with left wall: x=0
[DEBUG] Wed 2026-09-09 22:43:29.280 [Thread-4] GameCharacter checkReachGameWall():99 - Character collided with left wall: x=0
[DEBUG] Wed 2026-09-09 22:43:29.299 [Thread-4] GameCharacter checkReachGameWall():99 - Character collided with left wall: x=0
[DEBUG] Wed 2026-09-09 22:43:29.319 [Thread-4] GameCharacter checkReachGameWall():99 - Character collided with left wall: x=0
[DEBUG] Wed 2026-09-09 22:43:29.340 [Thread-4] GameCharacter checkReachGameWall():99 - Character collided with left wall: x=0
[DEBUG] Wed 2026-09-09 22:43:29.360 [Thread-4] GameCharacter checkReachGameWall():99 - Character collided with left wall: x=0
[DEBUG] Wed 2026-09-09 22:43:29.380 [Thread-4] GameCharacter checkReachGameWall():99 - Character collided with left wall: x=0
[DEBUG] Wed 2026-09-09 22:43:29.400 [Thread-4] GameCharacter checkReachGameWall():99 - Character collided with left wall: x=0
[DEBUG] Wed 2026-09-09 22:43:29.418 [Thread-4] GameCharacter checkReachGameWall():99 - Character collided with left wall: x=0
[DEBUG] Wed 2026-09-09 22:43:29.435 [Thread-4] GameCharacter checkReachGameWall():99 - Character collided with left wall: x=0
[DEBUG] Wed 2026-09-09 22:43:29.456 [Thread-4] GameCharacter checkReachGameWall():99 - Character collided with left wall: x=0
[DEBUG] Wed 2026-09-09 22:43:29.476 [Thread-4] GameCharacter checkReachGameWall():99 - Character collided with left wall: x=0
[DEBUG] Wed 2026-09-09 22:43:29.493 [Thread-4] GameCharacter checkReachGameWall():99 - Character collided with left wall: x=0
[DEBUG] Wed 2026-09-09 22:43:29.509 [Thread-4] GameCharacter checkReachGameWall():99 - Character collided with left wall: x=0
[DEBUG] Wed 2026-09-09 22:43:29.528 [Thread-4] GameCharacter checkReachGameWall():99 - Character collided with left wall: x=0
[DEBUG] Wed 2026-09-09 22:43:29.548 [Thread-4] GameCharacter checkReachGameWall():99 - Character collided with left wall: x=0
[DEBUG] Wed 2026-09-09 22:43:29.568 [Thread-4] GameCharacter checkReachGameWall():99 - Character collided with left wall: x=0
[DEBUG] Wed 2026-09-09 22:43:29.588 [Thread-4] GameCharacter checkReachGameWall():99 - Character collided with left wall: x=0
[DEBUG] Wed 2026-09-09 22:43:29.608 [Thread-4] GameCharacter checkReachGameWall():99 - Character collided with left wall: x=0
[DEBUG] Wed 2026-09-09 22:43:29.627 [Thread-4] GameCharacter checkReachGameWall():99 - Character collided with left wall: x=0
[DEBUG] Wed 2026-09-09 22:43:29.644 [Thread-4] GameCharacter checkReachGameWall():99 - Character collided with left wall: x=0
[DEBUG] Wed 2026-09-09 22:43:29.664 [Thread-4] GameCharacter checkReachGameWall():99 - Character collided with left wall: x=0
[DEBUG] Wed 2026-09-09 22:43:29.683 [Thread-4] GameCharacter checkReachGameWall():99 - Character collided with left wall: x=0
[DEBUG] Wed 2026-09-09 22:43:29.703 [Thread-4] GameCharacter checkReachGameWall():99 - Character collided with left wall: x=0
[DEBUG] Wed 2026-09-09 22:43:29.722 [Thread-4] GameCharacter checkReachGameWall():99 - Character collided with left wall: x=0
[DEBUG] Wed 2026-09-09 22:43:29.742 [Thread-4] GameCharacter checkReachGameWall():99 - Character collided with left wall: x=0
[DEBUG] Wed 2026-09-09 22:43:29.762 [Thread-4] GameCharacter checkReachGameWall():99 - Character collided with left wall: x=0
[DEBUG] Wed 2026-09-09 22:43:29.782 [Thread-4] GameCharacter checkReachGameWall():99 - Character collided with left wall: x=0
[DEBUG] Wed 2026-09-09 22:43:29.799 [Thread-4] GameCharacter checkReachGameWall():99 - Character collided with left wall: x=0
[DEBUG] Wed 2026-09-09 22:43:29.819 [Thread-4] GameCharacter checkReachGameWall():99 - Character collided with left wall: x=0
[DEBUG] Wed 2026-09-09 22:43:29.838 [Thread-4] GameCharacter checkReachGameWall():99 - Character collided with left wall: x=0
[DEBUG] Wed 2026-09-09 22:43:29.857 [Thread-4] GameCharacter checkReachGameWall():99 - Character collided with left wall: x=0
[DEBUG] Wed 2026-09-09 22:43:29.875 [Thread-4] GameCharacter checkReachGameWall():99 - Character collided with left wall: x=0
[DEBUG] Wed 2026-09-09 22:43:29.892 [Thread-4] GameCharacter checkReachGameWall():99 - Character collided with left wall: x=0
[DEBUG] Wed 2026-09-09 22:43:29.910 [Thread-4] GameCharacter checkReachGameWall():99 - Character collided with left wall: x=0
[DEBUG] Wed 2026-09-09 22:43:29.928 [Thread-4] GameCharacter checkReachGameWall():99 - Character collided with left wall: x=0
[DEBUG] Wed 2026-09-09 22:43:29.949 [Thread-4] GameCharacter checkReachGameWall():99 - Character collided with left wall: x=0
[DEBUG] Wed 2026-09-09 22:43:29.966 [Thread-4] GameCharacter checkReachGameWall():99 - Character collided with left wall: x=0
[DEBUG] Wed 2026-09-09 22:43:29.987 [Thread-4] GameCharacter checkReachGameWall():99 - Character collided with left wall: x=0
[DEBUG] Wed 2026-09-09 22:43:30.006 [Thread-4] GameCharacter checkReachGameWall():99 - Character collided with left wall: x=0
[DEBUG] Wed 2026-09-09 22:43:30.026 [Thread-4] GameCharacter checkReachGameWall():99 - Character collided with left wall: x=0
[DEBUG] Wed 2026-09-09 22:43:30.047 [Thread-4] GameCharacter checkReachGameWall():99 - Character collided with left wall: x=0
[DEBUG] Wed 2026-09-09 22:43:30.065 [Thread-4] GameCharacter checkReachGameWall():99 - Character collided with left wall: x=0
[DEBUG] Wed 2026-09-09 22:43:30.082 [Thread-4] GameCharacter checkReachGameWall():99 - Character collided with left wall: x=0
[DEBUG] Wed 2026-09-09 22:43:30.099 [Thread-4] GameCharacter checkReachGameWall():99 - Character collided with left wall: x=0
[DEBUG] Wed 2026-09-09 22:43:30.120 [Thread-4] GameCharacter checkReachGameWall():99 - Character collided with left wall: x=0
[DEBUG] Wed 2026-09-09 22:43:30.139 [Thread-4] GameCharacter checkReachGameWall():99 - Character collided with left wall: x=0
[DEBUG] Wed 2026-09-09 22:43:30.159 [Thread-4] GameCharacter checkReachGameWall():99 - Character collided with left wall: x=0
[DEBUG] Wed 2026-09-09 22:43:30.179 [Thread-4] GameCharacter checkReachGameWall():99 - Character collided with left wall: x=0
[DEBUG] Wed 2026-09-09 22:43:30.199 [Thread-4] GameCharacter checkReachGameWall():99 - Character collided with left wall: x=0
[DEBUG] Wed 2026-09-09 22:43:30.220 [Thread-4] GameCharacter checkReachGameWall():99 - Character collided with left wall: x=0
[DEBUG] Wed 2026-09-09 22:43:30.237 [Thread-4] GameCharacter checkReachGameWall():99 - Character collided with left wall: x=0
[DEBUG] Wed 2026-09-09 22:43:30.254 [Thread-4] GameCharacter checkReachGameWall():99 - Character collided with left wall: x=0
[DEBUG] Wed 2026-09-09 22:43:30.272 [Thread-4] GameCharacter checkReachGameWall():99 - Character collided with left wall: x=0
[DEBUG] Wed 2026-09-09 22:43:30.293 [Thread-4] GameCharacter checkReachGameWall():99 - Character collided with left wall: x=0
[DEBUG] Wed 2026-09-09 22:43:30.313 [Thread-4] GameCharacter checkReachGameWall():99 - Character collided with left wall: x=0
[DEBUG] Wed 2026-09-09 22:43:30.333 [Thread-4] GameCharacter checkReachGameWall():99 - Character collided with left wall: x=0
[DEBUG] Wed 2026-09-09 22:43:30.354 [Thread-4] GameCharacter checkReachGameWall():99 - Character collided with left wall: x=0
[DEBUG] Wed 2026-09-09 22:43:30.374 [Thread-4] GameCharacter checkReachGameWall():99 - Character collided with left wall: x=0
[DEBUG] Wed 2026-09-09 22:43:30.391 [Thread-4] GameCharacter checkReachGameWall():99 - Character collided with left wall: x=0
[DEBUG] Wed 2026-09-09 22:43:30.411 [Thread-4] GameCharacter checkReachGameWall():99 - Character collided with left wall: x=0
[DEBUG] Wed 2026-09-09 22:43:30.430 [Thread-4] GameCharacter checkReachGameWall():99 - Character collided with left wall: x=0
[DEBUG] Wed 2026-09-09 22:43:30.449 [Thread-4] GameCharacter checkReachGameWall():99 - Character collided with left wall: x=0
[DEBUG] Wed 2026-09-09 22:43:30.470 [Thread-4] GameCharacter checkReachGameWall():99 - Character collided with left wall: x=0
[DEBUG] Wed 2026-09-09 22:43:30.490 [Thread-4] GameCharacter checkReachGameWall():99 - Character collided with left wall: x=0
[DEBUG] Wed 2026-09-09 22:43:30.510 [Thread-4] GameCharacter checkReachGameWall():99 - Character collided with left wall: x=0
[DEBUG] Wed 2026-09-09 22:43:30.529 [Thread-4] GameCharacter checkReachGameWall():99 - Character collided with left wall: x=0
[DEBUG] Wed 2026-09-09 22:43:30.550 [Thread-4] GameCharacter checkReachGameWall():99 - Character collided with left wall: x=0
[DEBUG] Wed 2026-09-09 22:43:30.568 [Thread-4] GameCharacter checkReachGameWall():99 - Character collided with left wall: x=0
[DEBUG] Wed 2026-09-09 22:43:30.588 [Thread-4] GameCharacter checkReachGameWall():99 - Character collided with left wall: x=0
[DEBUG] Wed 2026-09-09 22:43:30.608 [Thread-4] GameCharacter checkReachGameWall():99 - Character collided with left wall: x=0
[DEBUG] Wed 2026-09-09 22:43:30.629 [Thread-4] GameCharacter checkReachGameWall():99 - Character collided with left wall: x=0
[DEBUG] Wed 2026-09-09 22:43:30.648 [Thread-4] GameCharacter checkReachGameWall():99 - Character collided with left wall: x=0
[DEBUG] Wed 2026-09-09 22:43:30.667 [Thread-4] GameCharacter checkReachGameWall():99 - Character collided with left wall: x=0
[DEBUG] Wed 2026-09-09 22:43:30.688 [Thread-4] GameCharacter checkReachGameWall():99 - Character collided with left wall: x=0
[DEBUG] Wed 2026-09-09 22:43:30.705 [Thread-4] GameCharacter checkReachGameWall():99 - Character collided with left wall: x=0
[DEBUG] Wed 2026-09-09 22:43:30.723 [Thread-4] GameCharacter checkReachGameWall():99 - Character collided with left wall: x=0
[DEBUG] Wed 2026-09-09 22:43:30.740 [Thread-4] GameCharacter checkReachGameWall():99 - Character collided with left wall: x=0
[DEBUG] Wed 2026-09-09 22:43:30.760 [Thread-4] GameCharacter checkReachGameWall():99 - Character collided with left wall: x=0
[DEBUG] Wed 2026-09-09 22:43:30.780 [Thread-4] GameCharacter checkReachGameWall():99 - Character collided with left wall: x=0
[DEBUG] Wed 2026-09-09 22:43:30.800 [Thread-4] GameCharacter checkReachGameWall():99 - Character collided with left wall: x=0
[DEBUG] Wed 2026-09-09 22:43:30.820 [Thread-4] GameCharacter checkReachGameWall():99 - Character collided with left wall: x=0
[DEBUG] Wed 2026-09-09 22:43:30.840 [Thread-4] GameCharacter checkReachGameWall():99 - Character collided with left wall: x=0
[DEBUG] Wed 2026-09-09 22:43:30.860 [Thread-4] GameCharacter checkReachGameWall():99 - Character collided with left wall: x=0
[DEBUG] Wed 2026-09-09 22:43:30.877 [Thread-4] GameCharacter checkReachGameWall():99 - Character collided with left wall: x=0
[DEBUG] Wed 2026-09-09 22:43:30.897 [Thread-4] GameCharacter checkReachGameWall():99 - Character collided with left wall: x=0
[DEBUG] Wed 2026-09-09 22:43:30.918 [Thread-4] GameCharacter checkReachGameWall():99 - Character collided with left wall: x=0
[DEBUG] Wed 2026-09-09 22:43:30.936 [Thread-4] GameCharacter checkReachGameWall():99 - Character collided with left wall: x=0
[DEBUG] Wed 2026-09-09 22:43:30.957 [Thread-4] GameCharacter checkReachGameWall():99 - Character collided with left wall: x=0
[DEBUG] Wed 2026-09-09 22:43:30.977 [Thread-4] GameCharacter checkReachGameWall():99 - Character collided with left wall: x=0
[DEBUG] Wed 2026-09-09 22:43:30.995 [Thread-4] GameCharacter checkReachGameWall():99 - Character collided with left wall: x=0
[DEBUG] Wed 2026-09-09 22:43:31.015 [Thread-4] GameCharacter checkReachGameWall():99 - Character collided with left wall: x=0
[DEBUG] Wed 2026-09-09 22:43:31.034 [Thread-4] GameCharacter checkReachGameWall():99 - Character collided with left wall: x=0
[DEBUG] Wed 2026-09-09 22:43:31.055 [Thread-4] GameCharacter checkReachGameWall():99 - Character collided with left wall: x=0
[DEBUG] Wed 2026-09-09 22:43:31.075 [Thread-4] GameCharacter checkReachGameWall():99 - Character collided with left wall: x=0
[DEBUG] Wed 2026-09-09 22:43:31.095 [Thread-4] GameCharacter checkReachGameWall():99 - Character collided with left wall: x=0
[DEBUG] Wed 2026-09-09 22:43:31.115 [Thread-4] GameCharacter checkReachGameWall():99 - Character collided with left wall: x=0
[DEBUG] Wed 2026-09-09 22:43:31.132 [Thread-4] GameCharacter checkReachGameWall():99 - Character collided with left wall: x=0
[DEBUG] Wed 2026-09-09 22:43:31.153 [Thread-4] GameCharacter checkReachGameWall():99 - Character collided with left wall: x=0
[DEBUG] Wed 2026-09-09 22:43:31.171 [Thread-4] GameCharacter checkReachGameWall():99 - Character collided with left wall: x=0
[DEBUG] Wed 2026-09-09 22:43:31.191 [Thread-4] GameCharacter checkReachGameWall():99 - Character collided with left wall: x=0
[DEBUG] Wed 2026-09-09 22:43:31.209 [Thread-4] GameCharacter checkReachGameWall():99 - Character collided with left wall: x=0
[DEBUG] Wed 2026-09-09 22:43:31.227 [Thread-4] GameCharacter checkReachGameWall():99 - Character collided with left wall: x=0
[DEBUG] Wed 2026-09-09 22:43:31.247 [Thread-4] GameCharacter checkReachGameWall():99 - Character collided with left wall: x=0
[DEBUG] Wed 2026-09-09 22:43:31.266 [Thread-4] GameCharacter checkReachGameWall():99 - Character collided with left wall: x=0
[DEBUG] Wed 2026-09-09 22:43:31.283 [Thread-4] GameCharacter checkReachGameWall():99 - Character collided with left wall: x=0
[DEBUG] Wed 2026-09-09 22:43:31.303 [Thread-4] GameCharacter checkReachGameWall():99 - Character collided with left wall: x=0
[DEBUG] Wed 2026-09-09 22:43:31.321 [Thread-4] GameCharacter checkReachGameWall():99 - Character collided with left wall: x=0
[DEBUG] Wed 2026-09-09 22:43:31.341 [Thread-4] GameCharacter checkReachGameWall():99 - Character collided with left wall: x=0
[DEBUG] Wed 2026-09-09 22:43:31.357 [Thread-4] GameCharacter checkReachGameWall():99 - Character collided with left wall: x=0
[DEBUG] Wed 2026-09-09 22:43:31.378 [Thread-4] GameCharacter checkReachGameWall():99 - Character collided with left wall: x=0
[DEBUG] Wed 2026-09-09 22:43:31.397 [Thread-4] GameCharacter checkReachGameWall():99 - Character collided with left wall: x=0
[DEBUG] Wed 2026-09-09 22:43:31.415 [Thread-4] GameCharacter checkReachGameWall():99 - Character collided with left wall: x=0
[DEBUG] Wed 2026-09-09 22:43:31.432 [Thread-4] GameCharacter checkReachGameWall():99 - Character collided with left wall: x=0
[DEBUG] Wed 2026-09-09 22:43:31.453 [Thread-4] GameCharacter checkReachGameWall():99 - Character collided with left wall: x=0
[DEBUG] Wed 2026-09-09 22:43:31.470 [Thread-4] GameCharacter checkReachGameWall():99 - Character collided with left wall: x=0
[DEBUG] Wed 2026-09-09 22:43:31.491 [Thread-4] GameCharacter checkReachGameWall():99 - Character collided with left wall: x=0
[DEBUG] Wed 2026-09-09 22:43:31.507 [Thread-4] GameCharacter checkReachGameWall():99 - Character collided with left wall: x=0
[DEBUG] Wed 2026-09-09 22:43:31.527 [Thread-4] GameCharacter checkReachGameWall():99 - Character collided with left wall: x=0
[DEBUG] Wed 2026-09-09 22:43:31.547 [Thread-4] GameCharacter checkReachGameWall():99 - Character collided with left wall: x=0
[DEBUG] Wed 2026-09-09 22:43:31.567 [Thread-4] GameCharacter checkReachGameWall():99 - Character collided with left wall: x=0
[DEBUG] Wed 2026-09-09 22:43:31.587 [Thread-4] GameCharacter checkReachGameWall():99 - Character collided with left wall: x=0
[DEBUG] Wed 2026-09-09 22:43:31.605 [Thread-4] GameCharacter checkReachGameWall():99 - Character collided with left wall: x=0
[DEBUG] Wed 2026-09-09 22:43:31.625 [Thread-4] GameCharacter checkReachGameWall():99 - Character collided with left wall: x=0
[DEBUG] Wed 2026-09-09 22:43:31.646 [Thread-4] GameCharacter checkReachGameWall():99 - Character collided with left wall: x=0
[DEBUG] Wed 2026-09-09 22:43:31.666 [Thread-4] GameCharacter checkReachGameWall():99 - Character collided with left wall: x=0
[DEBUG] Wed 2026-09-09 22:43:31.686 [Thread-4] GameCharacter checkReachGameWall():99 - Character collided with left wall: x=0
[DEBUG] Wed 2026-09-09 22:43:31.703 [Thread-4] GameCharacter checkReachGameWall():99 - Character collided with left wall: x=0
[DEBUG] Wed 2026-09-09 22:43:31.723 [Thread-4] GameCharacter checkReachGameWall():99 - Character collided with left wall: x=0
[DEBUG] Wed 2026-09-09 22:43:31.739 [Thread-4] GameCharacter checkReachGameWall():99 - Character collided with left wall: x=0
[DEBUG] Wed 2026-09-09 22:43:31.759 [Thread-4] GameCharacter checkReachGameWall():99 - Character collided with left wall: x=0
[DEBUG] Wed 2026-09-09 22:43:31.777 [Thread-4] GameCharacter checkReachGameWall():99 - Character collided with left wall: x=0
[DEBUG] Wed 2026-09-09 22:43:31.796 [Thread-4] GameCharacter checkReachGameWall():99 - Character collided with left wall: x=0
[DEBUG] Wed 2026-09-09 22:43:31.813 [Thread-4] GameCharacter checkReachGameWall():99 - Character collided with left wall: x=0
[DEBUG] Wed 2026-09-09 22:43:31.832 [Thread-4] GameCharacter checkReachGameWall():99 - Character collided with left wall: x=0
[DEBUG] Wed 2026-09-09 22:43:31.850 [Thread-4] GameCharacter checkReachGameWall():99 - Character collided with left wall: x=0
[DEBUG] Wed 2026-09-09 22:43:31.870 [Thread-4] GameCharacter checkReachGameWall():99 - Character collided with left wall: x=0
[DEBUG] Wed 2026-09-09 22:43:31.891 [Thread-4] GameCharacter checkReachGameWall():99 - Character collided with left wall: x=0
[DEBUG] Wed 2026-09-09 22:43:31.911 [Thread-4] GameCharacter checkReachGameWall():99 - Character collided with left wall: x=0
[DEBUG] Wed 2026-09-09 22:43:31.931 [Thread-4] GameCharacter checkReachGameWall():99 - Character collided with left wall: x=0
[DEBUG] Wed 2026-09-09 22:43:31.949 [Thread-4] GameCharacter checkReachGameWall():99 - Character collided with left wall: x=0
[DEBUG] Wed 2026-09-09 22:43:31.969 [Thread-4] GameCharacter checkReachGameWall():99 - Character collided with left wall: x=0
[DEBUG] Wed 2026-09-09 22:43:31.989 [Thread-4] GameCharacter checkReachGameWall():99 - Character collided with left wall: x=0
[DEBUG] Wed 2026-09-09 22:43:32.007 [Thread-4] GameCharacter checkReachGameWall():99 - Character collided with left wall: x=0
[DEBUG] Wed 2026-09-09 22:43:32.024 [Thread-4] GameCharacter checkReachGameWall():99 - Character collided with left wall: x=0
[DEBUG] Wed 2026-09-09 22:43:32.042 [Thread-4] GameCharacter checkReachGameWall():99 - Character collided with left wall: x=0
[DEBUG] Wed 2026-09-09 22:43:32.060 [Thread-4] GameCharacter checkReachGameWall():99 - Character collided with left wall: x=0
[DEBUG] Wed 2026-09-09 22:43:32.079 [Thread-4] GameCharacter checkReachGameWall():99 - Character collided with left wall: x=0
[DEBUG] Wed 2026-09-09 22:43:32.099 [Thread-4] GameCharacter checkReachGameWall():99 - Character collided with left wall: x=0
[DEBUG] Wed 2026-09-09 22:43:32.117 [Thread-4] GameCharacter checkReachGameWall():99 - Character collided with left wall: x=0
[DEBUG] Wed 2026-09-09 22:43:32.137 [Thread-4] GameCharacter checkReachGameWall():99 - Character collided with left wall: x=0
[DEBUG] Wed 2026-09-09 22:43:32.157 [Thread-4] GameCharacter checkReachGameWall():99 - Character collided with left wall: x=0
[DEBUG] Wed 2026-09-09 22:43:32.177 [Thread-4] GameCharacter checkReachGameWall():99 - Character collided with left wall: x=0
[DEBUG] Wed 2026-09-09 22:43:32.194 [Thread-4] GameCharacter checkReachGameWall():99 - Character collided with left wall: x=0
[DEBUG] Wed 2026-09-09 22:43:32.215 [Thread-4] GameCharacter checkReachGameWall():99 - Character collided with left wall: x=0
[DEBUG] Wed 2026-09-09 22:43:32.232 [Thread-4] GameCharacter checkReachGameWall():99 - Character collided with left wall: x=0
[DEBUG] Wed 2026-09-09 22:43:32.250 [Thread-4] GameCharacter checkReachGameWall():99 - Character collided with left wall: x=0
[DEBUG] Wed 2026-09-09 22:43:32.270 [Thread-4] GameCharacter checkReachGameWall():99 - Character collided with left wall: x=0
[DEBUG] Wed 2026-09-09 22:43:32.290 [Thread-4] GameCharacter checkReachGameWall():99 - Character collided with left wall: x=0
[DEBUG] Wed 2026-09-09 22:43:32.310 [Thread-4] GameCharacter checkReachGameWall():99 - Character collided with left wall: x=0
[DEBUG] Wed 2026-09-09 22:43:32.328 [Thread-4] GameCharacter checkReachGameWall():99 - Character collided with left wall: x=0
[DEBUG] Wed 2026-09-09 22:43:32.349 [Thread-4] GameCharacter checkReachGameWall():99 - Character collided with left wall: x=0
[DEBUG] Wed 2026-09-09 22:43:32.365 [Thread-4] GameCharacter checkReachGameWall():99 - Character collided with left wall: x=0
[DEBUG] Wed 2026-09-09 22:43:32.385 [Thread-4] GameCharacter checkReachGameWall():99 - Character collided with left wall: x=0
[DEBUG] Wed 2026-09-09 22:43:32.405 [Thread-4] GameCharacter checkReachGameWall():99 - Character collided with left wall: x=0
[DEBUG] Wed 2026-09-09 22:43:32.426 [Thread-4] GameCharacter checkReachGameWall():99 - Character collided with left wall: x=0
[DEBUG] Wed 2026-09-09 22:43:32.446 [Thread-4] GameCharacter checkReachGameWall():99 - Character collided with left wall: x=0
[DEBUG] Wed 2026-09-09 22:43:32.466 [Thread-4] GameCharacter checkReachGameWall():99 - Character collided with left wall: x=0
[DEBUG] Wed 2026-09-09 22:43:32.486 [Thread-4] GameCharacter checkReachGameWall():99 - Character collided with left wall: x=0
[DEBUG] Wed 2026-09-09 22:43:32.506 [Thread-4] GameCharacter checkReachGameWall():99 - Character collided with left wall: x=0
[DEBUG] Wed 2026-09-09 22:43:32.523 [Thread-4] GameCharacter checkReachGameWall():99 - Character collided with left wall: x=0
[DEBUG] Wed 2026-09-09 22:43:32.540 [Thread-4] GameCharacter checkReachGameWall():99 - Character collided with left wall: x=0
[DEBUG] Wed 2026-09-09 22:43:32.557 [Thread-4] GameCharacter checkReachGameWall():99 - Character collided with left wall: x=0
[DEBUG] Wed 2026-09-09 22:43:32.575 [Thread-4] GameCharacter checkReachGameWall():99 - Character collided with left wall: x=0
[DEBUG] Wed 2026-09-09 22:43:32.593 [Thread-4] GameCharacter checkReachGameWall():99 - Character collided with left wall: x=0
[DEBUG] Wed 2026-09-09 22:43:32.614 [Thread-4] GameCharacter checkReachGameWall():99 - Character collided with left wall: x=0
[DEBUG] Wed 2026-09-09 22:43:32.633 [Thread-4] GameCharacter checkReachGameWall():99 - Character collided with left wall: x=0
[DEBUG] Wed 2026-09-09 22:43:32.649 [Thread-4] GameCharacter checkReachGameWall():99 - Character collided with left wall: x=0
[DEBUG] Wed 2026-09-09 22:43:32.666 [Thread-4] GameCharacter checkReachGameWall():99 - Character collided with left wall: x=0
[DEBUG] Wed 2026-09-09 22:43:32.686 [Thread-4] GameCharacter checkReachGameWall():99 - Character collided with left wall: x=0
[DEBUG] Wed 2026-09-09 22:43:32.705 [Thread-4] GameCharacter checkReachGameWall():99 - Character collided with left wall: x=0
[DEBUG] Wed 2026-09-09 22:43:32.723 [Thread-4] GameCharacter checkReachGameWall():99 - Character collided with left wall: x=0
[DEBUG] Wed 2026-09-09 22:43:32.742 [Thread-4] GameCharacter checkReachGameWall():99 - Character collided with left wall: x=0
[DEBUG] Wed 2026-09-09 22:43:32.760 [Thread-4] GameCharacter checkReachGameWall():99 - Character collided with left wall: x=0
[DEBUG] Wed 2026-09-09 22:43:32.779 [Thread-4] GameCharacter checkReachGameWall():99 - Character collided with left wall: x=0
[DEBUG] Wed 2026-09-09 22:43:32.800 [Thread-4] GameCharacter checkReachGameWall():99 - Character collided with left wall: x=0
[DEBUG] Wed 2026-09-09 22:43:32.820 [Thread-4] GameCharacter checkReachGameWall():99 - Character collided with left wall: x=0
[DEBUG] Wed 2026-09-09 22:43:32.837 [Thread-4] GameCharacter checkReachGameWall():99 - Character collided with left wall: x=0
[DEBUG] Wed 2026-09-09 22:43:32.855 [Thread-4] GameCharacter checkReachGameWall():99 - Character collided with left wall: x=0
[DEBUG] Wed 2026-09-09 22:43:32.875 [Thread-4] GameCharacter checkReachGameWall():99 - Character collided with left wall: x=0
[DEBUG] Wed 2026-09-09 22:43:32.894 [Thread-4] GameCharacter checkReachGameWall():99 - Character collided with left wall: x=0
[DEBUG] Wed 2026-09-09 22:43:32.910 [Thread-4] GameCharacter checkReachGameWall():99 - Character collided with left wall: x=0
[DEBUG] Wed 2026-09-09 22:43:32.930 [Thread-4] GameCharacter checkReachGameWall():99 - Character collided with left wall: x=0
[DEBUG] Wed 2026-09-09 22:43:32.951 [Thread-4] GameCharacter checkReachGameWall():99 - Character collided with left wall: x=0
[DEBUG] Wed 2026-09-09 22:43:32.968 [Thread-4] GameCharacter checkReachGameWall():99 - Character collided with left wall: x=0
[DEBUG] Wed 2026-09-09 22:43:32.987 [Thread-4] GameCharacter checkReachGameWall():99 - Character collided with left wall: x=0
[DEBUG] Wed 2026-09-09 22:43:33.003 [Thread-4] GameCharacter checkReachGameWall():99 - Character collided with left wall: x=0
[DEBUG] Wed 2026-09-09 22:43:33.022 [Thread-4] GameCharacter checkReachGameWall():99 - Character collided with left wall: x=0
[DEBUG] Wed 2026-09-09 22:43:33.040 [Thread-4] GameCharacter checkReachGameWall():99 - Character collided with left wall: x=0
[DEBUG] Wed 2026-09-09 22:43:33.060 [Thread-4] GameCharacter checkReachGameWall():99 - Character collided with left wall: x=0
[DEBUG] Wed 2026-09-09 22:43:33.080 [Thread-4] GameCharacter checkReachGameWall():99 - Character collided with left wall: x=0
[DEBUG] Wed 2026-09-09 22:43:33.099 [Thread-4] GameCharacter checkReachGameWall():99 - Character collided with left wall: x=0
[DEBUG] Wed 2026-09-09 22:43:33.120 [Thread-4] GameCharacter checkReachGameWall():99 - Character collided with left wall: x=0
[DEBUG] Wed 2026-09-09 22:43:33.136 [Thread-4] GameCharacter checkReachGameWall():99 - Character collided with left wall: x=0
[DEBUG] Wed 2026-09-09 22:43:33.155 [Thread-4] GameCharacter checkReachGameWall():99 - Character collided with left wall: x=0
[DEBUG] Wed 2026-09-09 22:43:33.176 [Thread-4] GameCharacter checkReachGameWall():99 - Character collided with left wall: x=0
[DEBUG] Wed 2026-09-09 22:43:33.195 [Thread-4] GameCharacter checkReachGameWall():99 - Character collided with left wall: x=0
[DEBUG] Wed 2026-09-09 22:43:33.214 [Thread-4] GameCharacter checkReachGameWall():99 - Character collided with left wall: x=0
[DEBUG] Wed 2026-09-09 22:43:33.232 [Thread-4] GameCharacter checkReachGameWall():99 - Character collided with left wall: x=0
[DEBUG] Wed 2026-09-09 22:43:33.252 [Thread-4] GameCharacter checkReachGameWall():99 - Character collided with left wall: x=0
[DEBUG] Wed 2026-09-09 22:43:33.272 [Thread-4] GameCharacter checkReachGameWall():99 - Character collided with left wall: x=0
[DEBUG] Wed 2026-09-09 22:43:33.292 [Thread-4] GameCharacter checkReachGameWall():99 - Character collided with left wall: x=0
[DEBUG] Wed 2026-09-09 22:43:33.312 [Thread-4] GameCharacter checkReachGameWall():99 - Character collided with left wall: x=0
[DEBUG] Wed 2026-09-09 22:43:33.331 [Thread-4] GameCharacter checkReachGameWall():99 - Character collided with left wall: x=0
[DEBUG] Wed 2026-09-09 22:43:33.351 [Thread-4] GameCharacter checkReachGameWall():99 - Character collided with left wall: x=0
[DEBUG] Wed 2026-09-09 22:43:33.371 [Thread-4] GameCharacter checkReachGameWall():99 - Character collided with left wall: x=0
[DEBUG] Wed 2026-09-09 22:43:33.389 [Thread-4] GameCharacter checkReachGameWall():99 - Character collided with left wall: x=0
[DEBUG] Wed 2026-09-09 22:43:33.409 [Thread-4] GameCharacter checkReachGameWall():99 - Character collided with left wall: x=0
[DEBUG] Wed 2026-09-09 22:43:33.429 [Thread-4] GameCharacter checkReachGameWall():99 - Character collided with left wall: x=0
[DEBUG] Wed 2026-09-09 22:43:33.448 [Thread-4] GameCharacter checkReachGameWall():99 - Character collided with left wall: x=0
[DEBUG] Wed 2026-09-09 22:43:33.466 [Thread-4] GameCharacter checkReachGameWall():99 - Character collided with left wall: x=0
[DEBUG] Wed 2026-09-09 22:43:33.486 [Thread-4] GameCharacter checkReachGameWall():99 - Character collided with left wall: x=0
[DEBUG] Wed 2026-09-09 22:43:33.507 [Thread-4] GameCharacter checkReachGameWall():99 - Character collided with left wall: x=0
[DEBUG] Wed 2026-09-09 22:43:33.527 [Thread-4] GameCharacter checkReachGameWall():99 - Character collided with left wall: x=0
[DEBUG] Wed 2026-09-09 22:43:33.546 [Thread-4] GameCharacter checkReachGameWall():99 - Character collided with left wall: x=0
[DEBUG] Wed 2026-09-09 22:43:33.566 [Thread-4] GameCharacter checkReachGameWall():99 - Character collided with left wall: x=0
[DEBUG] Wed 2026-09-09 22:43:33.586 [Thread-4] GameCharacter checkReachGameWall():99 - Character collided with left wall: x=0
[DEBUG] Wed 2026-09-09 22:43:33.604 [Thread-4] GameCharacter checkReachGameWall():99 - Character collided with left wall: x=0
[DEBUG] Wed 2026-09-09 22:43:33.633 [Thread-4] GameCharacter checkReachGameWall():99 - Character collided with left wall: x=0
[DEBUG] Wed 2026-09-09 22:43:33.651 [Thread-4] GameCharacter checkReachGameWall():99 - Character collided with left wall: x=0
[DEBUG] Wed 2026-09-09 22:43:33.670 [Thread-4] GameCharacter checkReachGameWall():99 - Character collided with left wall: x=0
[DEBUG] Wed 2026-09-09 22:43:33.687 [Thread-4] GameCharacter checkReachGameWall():99 - Character collided with left wall: x=0
[DEBUG] Wed 2026-09-09 22:43:33.705 [Thread-4] GameCharacter checkReachGameWall():99 - Character collided with left wall: x=0
[DEBUG] Wed 2026-09-09 22:43:33.725 [Thread-4] GameCharacter checkReachGameWall():99 - Character collided with left wall: x=0
[DEBUG] Wed 2026-09-09 22:43:33.746 [Thread-4] GameCharacter checkReachGameWall():99 - Character collided with left wall: x=0
[DEBUG] Wed 2026-09-09 22:43:33.766 [Thread-4] GameCharacter checkReachGameWall():99 - Character collided with left wall: x=0
[DEBUG] Wed 2026-09-09 22:43:33.785 [Thread-4] GameCharacter checkReachGameWall():99 - Character collided with left wall: x=0
[DEBUG] Wed 2026-09-09 22:43:33.803 [Thread-4] GameCharacter checkReachGameWall():99 - Character collided with left wall: x=0
[DEBUG] Wed 2026-09-09 22:43:33.822 [Thread-4] GameCharacter checkReachGameWall():99 - Character collided with left wall: x=0
[DEBUG] Wed 2026-09-09 22:43:33.841 [Thread-4] GameCharacter checkReachGameWall():99 - Character collided with left wall: x=0
[DEBUG] Wed 2026-09-09 22:43:33.860 [Thread-4] GameCharacter checkReachGameWall():99 - Character collided with left wall: x=0
[DEBUG] Wed 2026-09-09 22:43:33.880 [Thread-4] GameCharacter checkReachGameWall():99 - Character collided with left wall: x=0
[DEBUG] Wed 2026-09-09 22:43:33.899 [Thread-4] GameCharacter checkReachGameWall():99 - Character collided with left wall: x=0
[DEBUG] Wed 2026-09-09 22:43:33.918 [Thread-4] GameCharacter checkReachGameWall():99 - Character collided with left wall: x=0
[DEBUG] Wed 2026-09-09 22:43:33.938 [Thread-4] GameCharacter checkReachGameWall():99 - Character collided with left wall: x=0
[DEBUG] Wed 2026-09-09 22:43:33.954 [Thread-4] GameCharacter checkReachGameWall():99 - Character collided with left wall: x=0
[DEBUG] Wed 2026-09-09 22:43:33.975 [Thread-4] GameCharacter checkReachGameWall():99 - Character collided with left wall: x=0
[DEBUG] Wed 2026-09-09 22:43:33.995 [Thread-4] GameCharacter checkReachGameWall():99 - Character collided with left wall: x=0
[DEBUG] Wed 2026-09-09 22:43:34.015 [Thread-4] GameCharacter checkReachGameWall():99 - Character collided with left wall: x=0
[DEBUG] Wed 2026-09-09 22:43:34.036 [Thread-4] GameCharacter checkReachGameWall():99 - Character collided with left wall: x=0
[DEBUG] Wed 2026-09-09 22:43:34.053 [Thread-4] GameCharacter checkReachGameWall():99 - Character collided with left wall: x=0
[DEBUG] Wed 2026-09-09 22:43:34.073 [Thread-4] GameCharacter checkReachGameWall():99 - Character collided with left wall: x=0
[DEBUG] Wed 2026-09-09 22:43:34.093 [Thread-4] GameCharacter checkReachGameWall():99 - Character collided with left wall: x=0
[DEBUG] Wed 2026-09-09 22:43:34.113 [Thread-4] GameCharacter checkReachGameWall():99 - Character collided with left wall: x=0
[DEBUG] Wed 2026-09-09 22:43:34.130 [Thread-4] GameCharacter checkReachGameWall():99 - Character collided with left wall: x=0
[DEBUG] Wed 2026-09-09 22:43:34.149 [Thread-4] GameCharacter checkReachGameWall():99 - Character collided with left wall: x=0
[DEBUG] Wed 2026-09-09 22:43:34.167 [Thread-4] GameCharacter checkReachGameWall():99 - Character collided with left wall: x=0
[DEBUG] Wed 2026-09-09 22:43:34.187 [Thread-4] GameCharacter checkReachGameWall():99 - Character collided with left wall: x=0
[DEBUG] Wed 2026-09-09 22:43:34.204 [Thread-4] GameCharacter checkReachGameWall():99 - Character collided with left wall: x=0
[DEBUG] Wed 2026-09-09 22:43:34.224 [Thread-4] GameCharacter checkReachGameWall():99 - Character collided with left wall: x=0
[DEBUG] Wed 2026-09-09 22:43:34.245 [Thread-4] GameCharacter checkReachGameWall():99 - Character collided with left wall: x=0
[DEBUG] Wed 2026-09-09 22:43:34.262 [Thread-4] GameCharacter checkReachGameWall():99 - Character collided with left wall: x=0
[DEBUG] Wed 2026-09-09 22:43:34.282 [Thread-4] GameCharacter checkReachGameWall():99 - Character collided with left wall: x=0
[DEBUG] Wed 2026-09-09 22:43:34.302 [Thread-4] GameCharacter checkReachGameWall():99 - Character collided with left wall: x=0
[DEBUG] Wed 2026-09-09 22:43:34.321 [Thread-4] GameCharacter checkReachGameWall():99 - Character collided with left wall: x=0
[DEBUG] Wed 2026-09-09 22:43:34.339 [Thread-4] GameCharacter checkReachGameWall():99 - Character collided with left wall: x=0
[DEBUG] Wed 2026-09-09 22:43:34.358 [Thread-4] GameCharacter checkReachGameWall():99 - Character collided with left wall: x=0
[DEBUG] Wed 2026-09-09 22:43:34.376 [Thread-4] GameCharacter checkReachGameWall():99 - Character collided with left wall: x=0
[DEBUG] Wed 2026-09-09 22:43:34.392 [Thread-4] GameCharacter checkReachGameWall():99 - Character collided with left wall: x=0
[DEBUG] Wed 2026-09-09 22:43:34.412 [Thread-4] GameCharacter checkReachGameWall():99 - Character collided with left wall: x=0
[DEBUG] Wed 2026-09-09 22:43:34.430 [Thread-4] GameCharacter checkReachGameWall():99 - Character collided with left wall: x=0
[DEBUG] Wed 2026-09-09 22:43:34.450 [Thread-4] GameCharacter checkReachGameWall():99 - Character collided with left wall: x=0
[DEBUG] Wed 2026-09-09 22:43:34.470 [Thread-4] GameCharacter checkReachGameWall():99 - Character collided with left wall: x=0
[DEBUG] Wed 2026-09-09 22:43:34.489 [Thread-4] GameCharacter checkReachGameWall():99 - Character collided with left wall: x=0
[DEBUG] Wed 2026-09-09 22:43:34.506 [Thread-4] GameCharacter checkReachGameWall():99 - Character collided with left wall: x=0
[DEBUG] Wed 2026-09-09 22:43:34.526 [Thread-4] GameCharacter checkReachGameWall():99 - Character collided with left wall: x=0
[DEBUG] Wed 2026-09-09 22:43:34.543 [Thread-4] GameCharacter checkReachGameWall():99 - Character collided with left wall: x=0
[DEBUG] Wed 2026-09-09 22:43:34.560 [Thread-4] GameCharacter checkReachGameWall():99 - Character collided with left wall: x=0
[DEBUG] Wed 2026-09-09 22:43:34.580 [Thread-4] GameCharacter checkReachGameWall():99 - Character collided with left wall: x=0
[DEBUG] Wed 2026-09-09 22:43:34.601 [Thread-4] GameCharacter checkReachGameWall():99 - Character collided with left wall: x=0
[DEBUG] Wed 2026-09-09 22:43:34.621 [Thread-4] GameCharacter checkReachGameWall():99 - Character collided with left wall: x=0
[DEBUG] Wed 2026-09-09 22:43:34.638 [Thread-4] GameCharacter checkReachGameWall():99 - Character collided with left wall: x=0
[DEBUG] Wed 2026-09-09 22:43:34.654 [Thread-4] GameCharacter checkReachGameWall():99 - Character collided with left wall: x=0
[DEBUG] Wed 2026-09-09 22:43:34.671 [Thread-4] GameCharacter checkReachGameWall():99 - Character collided with left wall: x=0
[DEBUG] Wed 2026-09-09 22:43:34.690 [Thread-4] GameCharacter checkReachGameWall():99 - Character collided with left wall: x=0
[DEBUG] Wed 2026-09-09 22:43:34.710 [Thread-4] GameCharacter checkReachGameWall():99 - Character collided with left wall: x=0
[DEBUG] Wed 2026-09-09 22:43:34.729 [Thread-4] GameCharacter checkReachGameWall():99 - Character collided with left wall: x=0
[DEBUG] Wed 2026-09-09 22:43:34.749 [Thread-4] GameCharacter checkReachGameWall():99 - Character collided with left wall: x=0
[DEBUG] Wed 2026-09-09 22:43:34.769 [Thread-4] GameCharacter checkReachGameWall():99 - Character collided with left wall: x=0
[DEBUG] Wed 2026-09-09 22:43:34.788 [Thread-4] GameCharacter checkReachGameWall():99 - Character collided with left wall: x=0
[DEBUG] Wed 2026-09-09 22:43:34.806 [Thread-4] GameCharacter checkReachGameWall():99 - Character collided with left wall: x=0
[DEBUG] Wed 2026-09-09 22:43:34.826 [Thread-4] GameCharacter checkReachGameWall():99 - Character collided with left wall: x=0
[DEBUG] Wed 2026-09-09 22:43:34.844 [Thread-4] GameCharacter checkReachGameWall():99 - Character collided with left wall: x=0
[DEBUG] Wed 2026-09-09 22:43:34.863 [Thread-4] GameCharacter checkReachGameWall():99 - Character collided with left wall: x=0
[DEBUG] Wed 2026-09-09 22:43:34.880 [Thread-4] GameCharacter checkReachGameWall():99 - Character collided with left wall: x=0
[DEBUG] Wed 2026-09-09 22:43:34.899 [Thread-4] GameCharacter checkReachGameWall():99 - Character collided with left wall: x=0
[DEBUG] Wed 2026-09-09 22:43:34.919 [Thread-4] GameCharacter checkReachGameWall():99 - Character collided with left wall: x=0
[DEBUG] Wed 2026-09-09 22:43:34.938 [Thread-4] GameCharacter checkReachGameWall():99 - Character collided with left wall: x=0
[DEBUG] Wed 2026-09-09 22:43:34.955 [Thread-4] GameCharacter checkReachGameWall():99 - Character collided with left wall: x=0
[DEBUG] Wed 2026-09-09 22:43:34.976 [Thread-4] GameCharacter checkReachGameWall():99 - Character collided with left wall: x=0
[DEBUG] Wed 2026-09-09 22:43:34.995 [Thread-4] GameCharacter checkReachGameWall():99 - Character collided with left wall: x=0
[DEBUG] Wed 2026-09-09 22:43:35.015 [Thread-4] GameCharacter checkReachGameWall():99 - Character collided with left wall: x=0
[DEBUG] Wed 2026-09-09 22:43:35.035 [Thread-4] GameCharacter checkReachGameWall():99 - Character collided with left wall: x=0
[DEBUG] Wed 2026-09-09 22:43:35.055 [Thread-4] GameCharacter checkReachGameWall():99 - Character collided with left wall: x=0
[DEBUG] Wed 2026-09-09 22:43:35.076 [Thread-4] GameCharacter checkReachGameWall():99 - Character collided with left wall: x=0
[DEBUG] Wed 2026-09-09 22:43:35.096 [Thread-4] GameCharacter checkReachGameWall():99 - Character collided with left wall: x=0
[DEBUG] Wed 2026-09-09 22:43:35.116 [Thread-4] GameCharacter checkReachGameWall():99 - Character collided with left wall: x=0
[DEBUG] Wed 2026-09-09 22:43:35.137 [Thread-4] GameCharacter checkReachGameWall():99 - Character collided with left wall: x=0
[DEBUG] Wed 2026-09-09 22:43:35.155 [Thread-4] GameCharacter checkReachGameWall():99 - Character collided with left wall: x=0
[DEBUG] Wed 2026-09-09 22:43:35.175 [Thread-4] GameCharacter checkReachGameWall():99 - Character collided with left wall: x=0
[DEBUG] Wed 2026-09-09 22:43:35.193 [Thread-4] GameCharacter checkReachGameWall():99 - Character collided with left wall: x=0
[DEBUG] Wed 2026-09-09 22:43:35.213 [Thread-4] GameCharacter checkReachGameWall():99 - Character collided with left wall: x=0
[DEBUG] Wed 2026-09-09 22:43:35.232 [Thread-4] GameCharacter checkReachGameWall():99 - Character collided with left wall: x=0
[DEBUG] Wed 2026-09-09 22:43:35.252 [Thread-4] GameCharacter checkReachGameWall():99 - Character collided with left wall: x=0
[DEBUG] Wed 2026-09-09 22:43:35.271 [Thread-4] GameCharacter checkReachGameWall():99 - Character collided with left wall: x=0
[DEBUG] Wed 2026-09-09 22:43:35.288 [Thread-4] GameCharacter checkReachGameWall():99 - Character collided with left wall: x=0
[DEBUG] Wed 2026-09-09 22:43:35.308 [Thread-4] GameCharacter checkReachGameWall():99 - Character collided with left wall: x=0
[DEBUG] Wed 2026-09-09 22:43:35.327 [Thread-4] GameCharacter checkReachGameWall():99 - Character collided with left wall: x=0
[DEBUG] Wed 2026-09-09 22:43:35.348 [Thread-4] GameCharacter checkReachGameWall():99 - Character collided with left wall: x=0
[DEBUG] Wed 2026-09-09 22:43:35.368 [Thread-4] GameCharacter checkReachGameWall():99 - Character collided with left wall: x=0
[DEBUG] Wed 2026-09-09 22:43:35.388 [Thread-4] GameCharacter checkReachGameWall():99 - Character collided with left wall: x=0
[DEBUG] Wed 2026-09-09 22:43:35.407 [Thread-4] GameCharacter checkReachGameWall():99 - Character collided with left wall: x=0
[DEBUG] Wed 2026-09-09 22:43:35.427 [Thread-4] GameCharacter checkReachGameWall():99 - Character collided with left wall: x=0
[DEBUG] Wed 2026-09-09 22:43:35.443 [Thread-4] GameCharacter checkReachGameWall():99 - Character collided with left wall: x=0
[DEBUG] Wed 2026-09-09 22:43:35.464 [Thread-4] GameCharacter checkReachGameWall():99 - Character collided with left wall: x=0
[DEBUG] Wed 2026-09-09 22:43:35.484 [Thread-4] GameCharacter checkReachGameWall():99 - Character collided with left wall: x=0
[DEBUG] Wed 2026-09-09 22:43:35.503 [Thread-4] GameCharacter checkReachGameWall():99 - Character collided with left wall: x=0
[DEBUG] Wed 2026-09-09 22:43:35.522 [Thread-4] GameCharacter checkReachGameWall():99 - Character collided with left wall: x=0
[DEBUG] Wed 2026-09-09 22:43:35.539 [Thread-4] GameCharacter checkReachGameWall():99 - Character collided with left wall: x=0
[DEBUG] Wed 2026-09-09 22:43:35.558 [Thread-4] GameCharacter checkReachGameWall():99 - Character collided with left wall: x=0
[DEBUG] Wed 2026-09-09 22:43:35.575 [Thread-4] GameCharacter checkReachGameWall():99 - Character collided with left wall: x=0
[DEBUG] Wed 2026-09-09 22:43:35.595 [Thread-4] GameCharacter checkReachGameWall():99 - Character collided with left wall: x=0
[DEBUG] Wed 2026-09-09 22:43:35.615 [Thread-4] GameCharacter checkReachGameWall():99 - Character collided with left wall: x=0
[DEBUG] Wed 2026-09-09 22:43:35.633 [Thread-4] GameCharacter checkReachGameWall():99 - Character collided with left wall: x=0
[DEBUG] Wed 2026-09-09 22:43:35.651 [Thread-4] GameCharacter checkReachGameWall():99 - Character collided with left wall: x=0
[DEBUG] Wed 2026-09-09 22:43:35.671 [Thread-4] GameCharacter checkReachGameWall():99 - Character collided with left wall: x=0
[DEBUG] Wed 2026-09-09 22:43:35.692 [Thread-4] GameCharacter checkReachGameWall():99 - Character collided with left wall: x=0
[DEBUG] Wed 2026-09-09 22:43:35.712 [Thread-4] GameCharacter checkReachGameWall():99 - Character collided with left wall: x=0
[DEBUG] Wed 2026-09-09 22:43:35.730 [Thread-4] GameCharacter checkReachGameWall():99 - Character collided with left wall: x=0
[DEBUG] Wed 2026-09-09 22:43:35.749 [Thread-4] GameCharacter checkReachGameWall():99 - Character collided with left wall: x=0
[DEBUG] Wed 2026-09-09 22:43:35.767 [Thread-4] GameCharacter checkReachGameWall():99 - Character collided with left wall: x=0
[DEBUG] Wed 2026-09-09 22:43:35.787 [Thread-4] GameCharacter checkReachGameWall():99 - Character collided with left wall: x=0
[DEBUG] Wed 2026-09-09 22:43:35.806 [Thread-4] GameCharacter checkReachGameWall():99 - Character collided with left wall: x=0
[DEBUG] Wed 2026-09-09 22:43:35.825 [Thread-4] GameCharacter checkReachGameWall():99 - Character collided with left wall: x=0
[DEBUG] Wed 2026-09-09 22:43:35.845 [Thread-4] GameCharacter checkReachGameWall():99 - Character collided with left wall: x=0
[DEBUG] Wed 2026-09-09 22:43:35.865 [Thread-4] GameCharacter checkReachGameWall():99 - Character collided with left wall: x=0
[DEBUG] Wed 2026-09-09 22:43:35.886 [Thread-4] GameCharacter checkReachGameWall():99 - Character collided with left wall: x=0
[DEBUG] Wed 2026-09-09 22:43:35.906 [Thread-4] GameCharacter checkReachGameWall():99 - Character collided with left wall: x=0
[DEBUG] Wed 2026-09-09 22:43:35.926 [Thread-4] GameCharacter checkReachGameWall():99 - Character collided with left wall: x=0
[DEBUG] Wed 2026-09-09 22:43:35.946 [Thread-4] GameCharacter checkReachGameWall():99 - Character collided with left wall: x=0
[DEBUG] Wed 2026-09-09 22:43:35.966 [Thread-4] GameCharacter checkReachGameWall():99 - Character collided with left wall: x=0
[DEBUG] Wed 2026-09-09 22:43:35.986 [Thread-4] GameCharacter checkReachGameWall():99 - Character collided with left wall: x=0
[DEBUG] Wed 2026-09-09 22:43:36.004 [Thread-4] GameCharacter checkReachGameWall():99 - Character collided with left wall: x=0
[DEBUG] Wed 2026-09-09 22:43:36.021 [Thread-4] GameCharacter checkReachGameWall():99 - Character collided with left wall: x=0
[DEBUG] Wed 2026-09-09 22:43:36.039 [Thread-4] GameCharacter checkReachGameWall():99 - Character collided with left wall: x=0
[DEBUG] Wed 2026-09-09 22:43:36.060 [Thread-4] GameCharacter checkReachGameWall():99 - Character collided with left wall: x=0
[DEBUG] Wed 2026-09-09 22:43:36.079 [Thread-4] GameCharacter checkReachGameWall():99 - Character collided with left wall: x=0
[DEBUG] Wed 2026-09-09 22:43:36.098 [Thread-4] GameCharacter checkReachGameWall():99 - Character collided with left wall: x=0
[DEBUG] Wed 2026-09-09 22:43:36.116 [Thread-4] GameCharacter checkReachGameWall():99 - Character collided with left wall: x=0
[DEBUG] Wed 2026-09-09 22:43:36.136 [Thread-4] GameCharacter checkReachGameWall():99 - Character collided with left wall: x=0
[DEBUG] Wed 2026-09-09 22:43:36.157 [Thread-4] GameCharacter checkReachGameWall():99 - Character collided with left wall: x=0
[DEBUG] Wed 2026-09-09 22:43:36.177 [Thread-4] GameCharacter checkReachGameWall():99 - Character collided with left wall: x=0
[DEBUG] Wed 2026-09-09 22:43:36.197 [Thread-4] GameCharacter checkReachGameWall():99 - Character collided with left wall: x=0
[DEBUG] Wed 2026-09-09 22:43:36.218 [Thread-4] GameCharacter checkReachGameWall():99 - Character collided with left wall: x=0
[DEBUG] Wed 2026-09-09 22:43:36.234 [Thread-4] GameCharacter checkReachGameWall():99 - Character collided with left wall: x=0
[DEBUG] Wed 2026-09-09 22:43:36.253 [Thread-4] GameCharacter checkReachGameWall():99 - Character collided with left wall: x=0
[DEBUG] Wed 2026-09-09 22:43:36.271 [Thread-4] GameCharacter checkReachGameWall():99 - Character collided with left wall: x=0
[DEBUG] Wed 2026-09-09 22:43:36.291 [Thread-4] GameCharacter checkReachGameWall():99 - Character collided with left wall: x=0
[DEBUG] Wed 2026-09-09 22:43:36.312 [Thread-4] GameCharacter checkReachGameWall():99 - Character collided with left wall: x=0
[DEBUG] Wed 2026-09-09 22:43:36.332 [Thread-4] GameCharacter checkReachGameWall():99 - Character collided with left wall: x=0
[DEBUG] Wed 2026-09-09 22:43:36.348 [Thread-4] GameCharacter checkReachGameWall():99 - Character collided with left wall: x=0
[DEBUG] Wed 2026-09-09 22:43:36.369 [Thread-4] GameCharacter checkReachGameWall():99 - Character collided with left wall: x=0
[DEBUG] Wed 2026-09-09 22:43:36.387 [Thread-4] GameCharacter checkReachGameWall():99 - Character collided with left wall: x=0
[DEBUG] Wed 2026-09-09 22:43:36.405 [Thread-4] GameCharacter checkReachGameWall():99 - Character collided with left wall: x=0
[DEBUG] Wed 2026-09-09 22:43:36.425 [Thread-4] GameCharacter checkReachGameWall():99 - Character collided with left wall: x=0
[DEBUG] Wed 2026-09-09 22:43:36.446 [Thread-4] GameCharacter checkReachGameWall():99 - Character collided with left wall: x=0
[DEBUG] Wed 2026-09-09 22:43:36.466 [Thread-4] GameCharacter checkReachGameWall():99 - Character collided with left wall: x=0
[DEBUG] Wed 2026-09-09 22:43:36.486 [Thread-4] GameCharacter checkReachGameWall():99 - Character collided with left wall: x=0
[DEBUG] Wed 2026-09-09 22:43:36.505 [Thread-4] GameCharacter checkReachGameWall():99 - Character collided with left wall: x=0
[DEBUG] Wed 2026-09-09 22:43:36.526 [Thread-4] GameCharacter checkReachGameWall():99 - Character collided with left wall: x=0
[DEBUG] Wed 2026-09-09 22:43:36.546 [Thread-4] GameCharacter checkReachGameWall():99 - Character collided with left wall: x=0
[DEBUG] Wed 2026-09-09 22:43:36.566 [Thread-4] GameCharacter checkReachGameWall():99 - Character collided with left wall: x=0
[DEBUG] Wed 2026-09-09 22:43:36.584 [Thread-4] GameCharacter checkReachGameWall():99 - Character collided with left wall: x=0
[DEBUG] Wed 2026-09-09 22:43:36.604 [Thread-4] GameCharacter checkReachGameWall():99 - Character collided with left wall: x=0
[DEBUG] Wed 2026-09-09 22:43:36.622 [Thread-4] GameCharacter checkReachGameWall():99 - Character collided with left wall: x=0
[DEBUG] Wed 2026-09-09 22:43:36.642 [Thread-4] GameCharacter checkReachGameWall():99 - Character collided with left wall: x=0
[DEBUG] Wed 2026-09-09 22:43:36.659 [Thread-4] GameCharacter checkReachGameWall():99 - Character collided with left wall: x=0
[DEBUG] Wed 2026-09-09 22:43:36.679 [Thread-4] GameCharacter checkReachGameWall():99 - Character collided with left wall: x=0
[DEBUG] Wed 2026-09-09 22:43:36.699 [Thread-4] GameCharacter checkReachGameWall():99 - Character collided with left wall: x=0
[DEBUG] Wed 2026-09-09 22:43:36.720 [Thread-4] GameCharacter checkReachGameWall():99 - Character collided with left wall: x=0
[DEBUG] Wed 2026-09-09 22:43:36.740 [Thread-4] GameCharacter checkReachGameWall():99 - Character collided with left wall: x=0
[DEBUG] Wed 2026-09-09 22:43:36.757 [Thread-4] GameCharacter checkReachGameWall():99 - Character collided with left wall: x=0
[DEBUG] Wed 2026-09-09 22:43:36.777 [Thread-4] GameCharacter checkReachGameWall():99 - Character collided with left wall: x=0
[DEBUG] Wed 2026-09-09 22:43:36.794 [Thread-4] GameCharacter checkReachGameWall():99 - Character collided with left wall: x=0
[DEBUG] Wed 2026-09-09 22:43:36.812 [Thread-4] GameCharacter checkReachGameWall():99 - Character collided with left wall: x=0
[DEBUG] Wed 2026-09-09 22:43:36.830 [Thread-4] GameCharacter checkReachGameWall():99 - Character collided with left wall: x=0
[DEBUG] Wed 2026-09-09 22:43:36.849 [Thread-4] GameCharacter checkReachGameWall():99 - Character collided with left wall: x=0
[DEBUG] Wed 2026-09-09 22:43:36.868 [Thread-4] GameCharacter checkReachGameWall():99 - Character collided with left wall: x=0
[DEBUG] Wed 2026-09-09 22:43:36.887 [Thread-4] GameCharacter checkReachGameWall():99 - Character collided with left wall: x=0
[DEBUG] Wed 2026-09-09 22:43:36.908 [Thread-4] GameCharacter checkReachGameWall():99 - Character collided with left wall: x=0
[DEBUG] Wed 2026-09-09 22:43:36.928 [Thread-4] GameCharacter checkReachGameWall():99 - Character collided with left wall: x=0
[DEBUG] Wed 2026-09-09 22:43:36.948 [Thread-4] GameCharacter checkReachGameWall():99 - Character collided with left wall: x=0
[DEBUG] Wed 2026-09-09 22:43:36.966 [Thread-4] GameCharacter checkReachGameWall():99 - Character collided with left wall: x=0
[DEBUG] Wed 2026-09-09 22:43:36.984 [Thread-4] GameCharacter checkReachGameWall():99 - Character collided with left wall: x=0
[DEBUG] Wed 2026-09-09 22:43:37.000 [Thread-4] GameCharacter checkReachGameWall():99 - Character collided with left wall: x=0
[DEBUG] Wed 2026-09-09 22:43:37.018 [Thread-4] GameCharacter checkReachGameWall():99 - Character collided with left wall: x=0
[DEBUG] Wed 2026-09-09 22:43:37.038 [Thread-4] GameCharacter checkReachGameWall():99 - Character collided with left wall: x=0
[DEBUG] Wed 2026-09-09 22:43:37.058 [Thread-4] GameCharacter checkReachGameWall():99 - Character collided with left wall: x=0
[DEBUG] Wed 2026-09-09 22:43:37.079 [Thread-4] GameCharacter checkReachGameWall():99 - Character collided with left wall: x=0
[DEBUG] Wed 2026-09-09 22:43:37.099 [Thread-4] GameCharacter checkReachGameWall():99 - Character collided with left wall: x=0
[DEBUG] Wed 2026-09-09 22:43:37.116 [Thread-4] GameCharacter checkReachGameWall():99 - Character collided with left wall: x=0
[DEBUG] Wed 2026-09-09 22:43:37.136 [Thread-4] GameCharacter checkReachGameWall():99 - Character collided with left wall: x=0
[DEBUG] Wed 2026-09-09 22:43:37.157 [Thread-4] GameCharacter checkReachGameWall():99 - Character collided with left wall: x=0
[DEBUG] Wed 2026-09-09 22:43:37.177 [Thread-4] GameCharacter checkReachGameWall():99 - Character collided with left wall: x=0
[DEBUG] Wed 2026-09-09 22:43:37.197 [Thread-4] GameCharacter checkReachGameWall():99 - Character collided with left wall: x=0
[DEBUG] Wed 2026-09-09 22:43:37.217 [Thread-4] GameCharacter checkReachGameWall():99 - Character collided with left wall: x=0
[DEBUG] Wed 2026-09-09 22:43:37.235 [Thread-4] GameCharacter checkReachGameWall():99 - Character collided with left wall: x=0
[DEBUG] Wed 2026-09-09 22:43:37.256 [Thread-4] GameCharacter checkReachGameWall():99 - Character collided with left wall: x=0
[DEBUG] Wed 2026-09-09 22:43:37.276 [Thread-4] GameCharacter checkReachGameWall():99 - Character collided with left wall: x=0
[DEBUG] Wed 2026-09-09 22:43:37.294 [Thread-4] GameCharacter checkReachGameWall():99 - Character collided with left wall: x=0
[DEBUG] Wed 2026-09-09 22:43:37.312 [Thread-4] GameCharacter checkReachGameWall():99 - Character collided with left wall: x=0
[DEBUG] Wed 2026-09-09 22:43:37.332 [Thread-4] GameCharacter checkReachGameWall():99 - Character collided with left wall: x=0
[DEBUG] Wed 2026-09-09 22:43:37.352 [Thread-4] GameCharacter checkReachGameWall():99 - Character collided with left wall: x=0
[DEBUG] Wed 2026-09-09 22:43:37.373 [Thread-4] GameCharacter checkReachGameWall():99 - Character collided with left wall: x=0
[DEBUG] Wed 2026-09-09 22:43:37.393 [Thread-4] GameCharacter checkReachGameWall():99 - Character collided with left wall: x=0
[DEBUG] Wed 2026-09-09 22:43:37.413 [Thread-4] GameCharacter checkReachGameWall():99 - Character collided with left wall: x=0
[DEBUG] Wed 2026-09-09 22:43:37.433 [Thread-4] GameCharacter checkReachGameWall():99 - Character collided with left wall: x=0
[DEBUG] Wed 2026-09-09 22:43:37.454 [Thread-4] GameCharacter checkReachGameWall():99 - Character collided with left wall: x=0
[DEBUG] Wed 2026-09-09 22:43:37.474 [Thread-4] GameCharacter checkReachGameWall():99 - Character collided with left wall: x=0
[DEBUG] Wed 2026-09-09 22:43:37.492 [Thread-4] GameCharacter checkReachGameWall():99 - Character collided with left wall: x=0
[DEBUG] Wed 2026-09-09 22:43:37.511 [Thread-4] GameCharacter checkReachGameWall():99 - Character collided with left wall: x=0
[DEBUG] Wed 2026-09-09 22:43:37.530 [Thread-4] GameCharacter checkReachGameWall():99 - Character collided with left wall: x=0
[DEBUG] Wed 2026-09-09 22:43:37.550 [Thread-4] GameCharacter checkReachGameWall():99 - Character collided with left wall: x=0
[DEBUG] Wed 2026-09-09 22:43:37.568 [Thread-4] GameCharacter checkReachGameWall():99 - Character collided with left wall: x=0
[DEBUG] Wed 2026-09-09 22:43:37.588 [Thread-4] GameCharacter checkReachGameWall():99 - Character collided with left wall: x=0
[DEBUG] Wed 2026-09-09 22:43:37.609 [Thread-4] GameCharacter checkReachGameWall():99 - Character collided with left wall: x=0
[DEBUG] Wed 2026-09-09 22:43:37.629 [Thread-4] GameCharacter checkReachGameWall():99 - Character collided with left wall: x=0
[DEBUG] Wed 2026-09-09 22:43:37.649 [Thread-4] GameCharacter checkReachGameWall():99 - Character collided with left wall: x=0
[DEBUG] Wed 2026-09-09 22:43:37.666 [Thread-4] GameCharacter checkReachGameWall():99 - Character collided with left wall: x=0
[DEBUG] Wed 2026-09-09 22:43:37.686 [Thread-4] GameCharacter checkReachGameWall():99 - Character collided with left wall: x=0
[DEBUG] Wed 2026-09-09 22:43:37.705 [Thread-4] GameCharacter checkReachGameWall():99 - Character collided with left wall: x=0
[DEBUG] Wed 2026-09-09 22:43:37.722 [Thread-4] GameCharacter checkReachGameWall():99 - Character collided with left wall: x=0
[DEBUG] Wed 2026-09-09 22:43:37.742 [Thread-4] GameCharacter checkReachGameWall():99 - Character collided with left wall: x=0
[DEBUG] Wed 2026-09-09 22:43:37.762 [Thread-4] GameCharacter checkReachGameWall():99 - Character collided with left wall: x=0
[DEBUG] Wed 2026-09-09 22:43:37.782 [Thread-4] GameCharacter checkReachGameWall():99 - Character collided with left wall: x=0
[DEBUG] Wed 2026-09-09 22:43:37.803 [Thread-4] GameCharacter checkReachGameWall():99 - Character collided with left wall: x=0
[DEBUG] Wed 2026-09-09 22:43:37.822 [Thread-4] GameCharacter checkReachGameWall():99 - Character collided with left wall: x=0
[DEBUG] Wed 2026-09-09 22:43:37.842 [Thread-4] GameCharacter checkReachGameWall():99 - Character collided with left wall: x=0
[DEBUG] Wed 2026-09-09 22:43:37.863 [Thread-4] GameCharacter checkReachGameWall():99 - Character collided with left wall: x=0
[DEBUG] Wed 2026-09-09 22:43:37.883 [Thread-4] GameCharacter checkReachGameWall():99 - Character collided with left wall: x=0
[DEBUG] Wed 2026-09-09 22:43:37.903 [Thread-4] GameCharacter checkReachGameWall():99 - Character collided with left wall: x=0
[DEBUG] Wed 2026-09-09 22:43:37.920 [Thread-4] GameCharacter checkReachGameWall():99 - Character collided with left wall: x=0
[DEBUG] Wed 2026-09-09 22:43:37.937 [Thread-4] GameCharacter checkReachGameWall():99 - Character collided with left wall: x=0
[DEBUG] Wed 2026-09-09 22:43:37.955 [Thread-4] GameCharacter checkReachGameWall():99 - Character collided with left wall: x=0
[DEBUG] Wed 2026-09-09 22:43:37.973 [Thread-4] GameCharacter checkReachGameWall():99 - Character collided with left wall: x=0
[DEBUG] Wed 2026-09-09 22:43:37.993 [Thread-4] GameCharacter checkReachGameWall():99 - Character collided with left wall: x=0
[DEBUG] Wed 2026-09-09 22:43:38.014 [Thread-4] GameCharacter checkReachGameWall():99 - Character collided with left wall: x=0
[DEBUG] Wed 2026-09-09 22:43:38.034 [Thread-4] GameCharacter checkReachGameWall():99 - Character collided with left wall: x=0
[DEBUG] Wed 2026-09-09 22:43:38.054 [Thread-4] GameCharacter checkReachGameWall():99 - Character collided with left wall: x=0
[DEBUG] Wed 2026-09-09 22:43:38.074 [Thread-4] GameCharacter checkReachGameWall():99 - Character collided with left wall: x=0
[DEBUG] Wed 2026-09-09 22:43:38.094 [Thread-4] GameCharacter checkReachGameWall():99 - Character collided with left wall: x=0
[DEBUG] Wed 2026-09-09 22:43:38.114 [Thread-4] GameCharacter checkReachGameWall():99 - Character collided with left wall: x=0
[DEBUG] Wed 2026-09-09 22:43:38.134 [Thread-4] GameCharacter checkReachGameWall():99 - Character collided with left wall: x=0
[DEBUG] Wed 2026-09-09 22:43:38.154 [Thread-4] GameCharacter checkReachGameWall():99 - Character collided with left wall: x=0
[DEBUG] Wed 2026-09-09 22:43:38.172 [Thread-4] GameCharacter checkReachGameWall():99 - Character collided with left wall: x=0
[DEBUG] Wed 2026-09-09 22:43:38.193 [Thread-4] GameCharacter checkReachGameWall():99 - Character collided with left wall: x=0
[DEBUG] Wed 2026-09-09 22:43:38.210 [Thread-4] GameCharacter checkReachGameWall():99 - Character collided with left wall: x=0
[DEBUG] Wed 2026-09-09 22:43:38.230 [Thread-4] GameCharacter checkReachGameWall():99 - Character collided with left wall: x=0
[DEBUG] Wed 2026-09-09 22:43:38.250 [Thread-4] GameCharacter checkReachGameWall():99 - Character collided with left wall: x=0
[DEBUG] Wed 2026-09-09 22:43:38.270 [Thread-4] GameCharacter checkReachGameWall():99 - Character collided with left wall: x=0
[DEBUG] Wed 2026-09-09 22:43:38.288 [Thread-4] GameCharacter checkReachGameWall():99 - Character collided with left wall: x=0
[DEBUG] Wed 2026-09-09 22:43:38.307 [Thread-4] GameCharacter checkReachGameWall():99 - Character collided with left wall: x=0
[DEBUG] Wed 2026-09-09 22:43:38.328 [Thread-4] GameCharacter checkReachGameWall():99 - Character collided with left wall: x=0
[DEBUG] Wed 2026-09-09 22:43:38.348 [Thread-4] GameCharacter checkReachGameWall():99 - Character collided with left wall: x=0
[DEBUG] Wed 2026-09-09 22:43:38.366 [Thread-4] GameCharacter checkReachGameWall():99 - Character collided with left wall: x=0
[DEBUG] Wed 2026-09-09 22:43:38.385 [Thread-4] GameCharacter checkReachGameWall():99 - Character collided with left wall: x=0
[DEBUG] Wed 2026-09-09 22:43:38.402 [Thread-4] GameCharacter checkReachGameWall():99 - Character collided with left wall: x=0
[DEBUG] Wed 2026-09-09 22:43:38.420 [Thread-4] GameCharacter checkReachGameWall():99 - Character collided with left wall: x=0
[DEBUG] Wed 2026-09-09 22:43:38.440 [Thread-4] GameCharacter checkReachGameWall():99 - Character collided with left wall: x=0
[DEBUG] Wed 2026-09-09 22:43:38.461 [Thread-4] GameCharacter checkReachGameWall():99 - Character collided with left wall: x=0
[DEBUG] Wed 2026-09-09 22:43:38.481 [Thread-4] GameCharacter checkReachGameWall():99 - Character collided with left wall: x=0
[DEBUG] Wed 2026-09-09 22:43:38.501 [Thread-4] GameCharacter checkReachGameWall():99 - Character collided with left wall: x=0
[DEBUG] Wed 2026-09-09 22:43:38.520 [Thread-4] GameCharacter checkReachGameWall():99 - Character collided with left wall: x=0
[DEBUG] Wed 2026-09-09 22:43:38.541 [Thread-4] GameCharacter checkReachGameWall():99 - Character collided with left wall: x=0
[DEBUG] Wed 2026-09-09 22:43:38.560 [Thread-4] GameCharacter checkReachGameWall():99 - Character collided with left wall: x=0
[DEBUG] Wed 2026-09-09 22:43:38.579 [Thread-4] GameCharacter checkReachGameWall():99 - Character collided with left wall: x=0
[DEBUG] Wed 2026-09-09 22:43:38.599 [Thread-4] GameCharacter checkReachGameWall():99 - Character collided with left wall: x=0
[DEBUG] Wed 2026-09-09 22:43:38.619 [Thread-4] GameCharacter checkReachGameWall():99 - Character collided with left wall: x=0
[DEBUG] Wed 2026-09-09 22:43:38.636 [Thread-4] GameCharacter checkReachGameWall():99 - Character collided with left wall: x=0
[DEBUG] Wed 2026-09-09 22:43:38.655 [Thread-4] GameCharacter checkReachGameWall():99 - Character collided with left wall: x=0
[DEBUG] Wed 2026-09-09 22:43:38.675 [Thread-4] GameCharacter checkReachGameWall():99 - Character collided with left wall: x=0
[DEBUG] Wed 2026-09-09 22:43:38.695 [Thread-4] GameCharacter checkReachGameWall():99 - Character collided with left wall: x=0
[DEBUG] Wed 2026-09-09 22:43:38.715 [Thread-4] GameCharacter checkReachGameWall():99 - Character collided with left wall: x=0
[DEBUG] Wed 2026-09-09 22:43:38.732 [Thread-4] GameCharacter checkReachGameWall():99 - Character collided with left wall: x=0
[DEBUG] Wed 2026-09-09 22:43:38.751 [Thread-4] GameCharacter checkReachGameWall():99 - Character collided with left wall: x=0
[DEBUG] Wed 2026-09-09 22:43:38.771 [Thread-4] GameCharacter checkReachGameWall():99 - Character collided with left wall: x=0
[DEBUG] Wed 2026-09-09 22:43:38.789 [Thread-4] GameCharacter checkReachGameWall():99 - Character collided with left wall: x=0
[DEBUG] Wed 2026-09-09 22:43:38.806 [Thread-4] GameCharacter checkReachGameWall():99 - Character collided with left wall: x=0
[DEBUG] Wed 2026-09-09 22:43:38.826 [Thread-4] GameCharacter checkReachGameWall():99 - Character collided with left wall: x=0
[DEBUG] Wed 2026-09-09 22:43:38.846 [Thread-4] GameCharacter checkReachGameWall():99 - Character collided with left wall: x=0
[DEBUG] Wed 2026-09-09 22:43:38.866 [Thread-4] GameCharacter checkReachGameWall():99 - Character collided with left wall: x=0
[DEBUG] Wed 2026-09-09 22:43:38.883 [Thread-4] GameCharacter checkReachGameWall():99 - Character collided with left wall: x=0
[DEBUG] Wed 2026-09-09 22:43:38.903 [Thread-4] GameCharacter checkReachGameWall():99 - Character collided with left wall: x=0
[DEBUG] Wed 2026-09-09 22:43:38.924 [Thread-4] GameCharacter checkReachGameWall():99 - Character collided with left wall: x=0
[DEBUG] Wed 2026-09-09 22:43:38.941 [Thread-4] GameCharacter checkReachGameWall():99 - Character collided with left wall: x=0
[DEBUG] Wed 2026-09-09 22:43:38.962 [Thread-4] GameCharacter checkReachGameWall():99 - Character collided with left wall: x=0
[DEBUG] Wed 2026-09-09 22:43:38.979 [Thread-4] GameCharacter checkReachGameWall():99 - Character collided with left wall: x=0
[DEBUG] Wed 2026-09-09 22:43:38.999 [Thread-4] GameCharacter checkReachGameWall():99 - Character collided with left wall: x=0
[DEBUG] Wed 2026-09-09 22:43:39.018 [Thread-4] GameCharacter checkReachGameWall():99 - Character collided with left wall: x=0
[DEBUG] Wed 2026-09-09 22:43:39.037 [Thread-4] GameCharacter checkReachGameWall():99 - Character collided with left wall: x=0
[DEBUG] Wed 2026-09-09 22:43:39.058 [Thread-4] GameCharacter checkReachGameWall():99 - Character collided with left wall: x=0
[DEBUG] Wed 2026-09-09 22:43:39.078 [Thread-4] GameCharacter checkReachGameWall():99 - Character collided with left wall: x=0
[DEBUG] Wed 2026-09-09 22:43:39.098 [Thread-4] GameCharacter checkReachGameWall():99 - Character collided with left wall: x=0
[DEBUG] Wed 2026-09-09 22:43:39.117 [Thread-4] GameCharacter checkReachGameWall():99 - Character collided with left wall: x=0
[DEBUG] Wed 2026-09-09 22:43:39.137 [Thread-4] GameCharacter checkReachGameWall():99 - Character collided with left wall: x=0
[DEBUG] Wed 2026-09-09 22:43:39.156 [Thread-4] GameCharacter checkReachGameWall():99 - Character collided with left wall: x=0
[DEBUG] Wed 2026-09-09 22:43:39.174 [Thread-4] GameCharacter checkReachGameWall():99 - Character collided with left wall: x=0
[DEBUG] Wed 2026-09-09 22:43:39.192 [Thread-4] GameCharacter checkReachGameWall():99 - Character collided with left wall: x=0
[DEBUG] Wed 2026-09-09 22:43:39.210 [Thread-4] GameCharacter checkReachGameWall():99 - Character collided with left wall: x=0
[DEBUG] Wed 2026-09-09 22:43:39.231 [Thread-4] GameCharacter checkReachGameWall():99 - Character collided with left wall: x=0
[DEBUG] Wed 2026-09-09 22:43:39.247 [Thread-4] GameCharacter checkReachGameWall():99 - Character collided with left wall: x=0
[DEBUG] Wed 2026-09-09 22:43:39.264 [Thread-4] GameCharacter checkReachGameWall():99 - Character collided with left wall: x=0
[DEBUG] Wed 2026-09-09 22:43:39.284 [Thread-4] GameCharacter checkReachGameWall():99 - Character collided with left wall: x=0
[DEBUG] Wed 2026-09-09 22:43:39.304 [Thread-4] GameCharacter checkReachGameWall():99 - Character collided with left wall: x=0
[DEBUG] Wed 2026-09-09 22:43:39.325 [Thread-4] GameCharacter checkReachGameWall():99 - Character collided with left wall: x=0
[DEBUG] Wed 2026-09-09 22:43:39.344 [Thread-4] GameCharacter checkReachGameWall():99 - Character collided with left wall: x=0
[DEBUG] Wed 2026-09-09 22:43:39.363 [Thread-4] GameCharacter checkReachGameWall():99 - Character collided with left wall: x=0
[DEBUG] Wed 2026-09-09 22:43:39.382 [Thread-4] GameCharacter checkReachGameWall():99 - Character collided with left wall: x=0
[DEBUG] Wed 2026-09-09 22:43:39.400 [Thread-4] GameCharacter checkReachGameWall():99 - Character collided with left wall: x=0
[DEBUG] Wed 2026-09-09 22:43:39.421 [Thread-4] GameCharacter checkReachGameWall():99 - Character collided with left wall: x=0
[DEBUG] Wed 2026-09-09 22:43:39.438 [Thread-4] GameCharacter checkReachGameWall():99 - Character collided with left wall: x=0
[DEBUG] Wed 2026-09-09 22:43:39.458 [Thread-4] GameCharacter checkReachGameWall():99 - Character collided with left wall: x=0
[DEBUG] Wed 2026-09-09 22:43:39.475 [Thread-4] GameCharacter checkReachGameWall():99 - Character collided with left wall: x=0
[DEBUG] Wed 2026-09-09 22:43:39.495 [Thread-4] GameCharacter checkReachGameWall():99 - Character collided with left wall: x=0
[DEBUG] Wed 2026-09-09 22:43:39.512 [Thread-4] GameCharacter checkReachGameWall():99 - Character collided with left wall: x=0
[DEBUG] Wed 2026-09-09 22:43:39.533 [Thread-4] GameCharacter checkReachGameWall():99 - Character collided with left wall: x=0
[DEBUG] Wed 2026-09-09 22:43:39.553 [Thread-4] GameCharacter checkReachGameWall():99 - Character collided with left wall: x=0
[DEBUG] Wed 2026-09-09 22:43:39.571 [Thread-4] GameCharacter checkReachGameWall():99 - Character collided with left wall: x=0
[DEBUG] Wed 2026-09-09 22:43:39.588 [Thread-4] GameCharacter checkReachGameWall():99 - Character collided with left wall: x=0
[DEBUG] Wed 2026-09-09 22:43:39.607 [Thread-4] GameCharacter checkReachGameWall():99 - Character collided with left wall: x=0
[DEBUG] Wed 2026-09-09 22:43:39.623 [Thread-4] GameCharacter checkReachGameWall():99 - Character collided with left wall: x=0
[DEBUG] Wed 2026-09-09 22:43:39.643 [Thread-4] GameCharacter checkReachGameWall():99 - Character collided with left wall: x=0
[DEBUG] Wed 2026-09-09 22:43:39.659 [Thread-4] GameCharacter checkReachGameWall():99 - Character collided with left wall: x=0
[DEBUG] Wed 2026-09-09 22:43:39.679 [Thread-4] GameCharacter checkReachGameWall():99 - Character collided with left wall: x=0
[DEBUG] Wed 2026-09-09 22:43:39.700 [Thread-4] GameCharacter checkReachGameWall():99 - Character collided with left wall: x=0
[DEBUG] Wed 2026-09-09 22:43:39.720 [Thread-4] GameCharacter checkReachGameWall():99 - Character collided with left wall: x=0
[DEBUG] Wed 2026-09-09 22:43:39.738 [Thread-4] GameCharacter checkReachGameWall():99 - Character collided with left wall: x=0
[DEBUG] Wed 2026-09-09 22:43:39.756 [Thread-4] GameCharacter checkReachGameWall():99 - Character collided with left wall: x=0
[DEBUG] Wed 2026-09-09 22:43:39.776 [Thread-4] GameCharacter checkReachGameWall():99 - Character collided with left wall: x=0
[DEBUG] Wed 2026-09-09 22:43:39.795 [Thread-4] GameCharacter checkReachGameWall():99 - Character collided with left wall: x=0
[DEBUG] Wed 2026-09-09 22:43:39.812 [Thread-4] GameCharacter checkReachGameWall():99 - Character collided with left wall: x=0
[DEBUG] Wed 2026-09-09 22:43:39.829 [Thread-4] GameCharacter checkReachGameWall():99 - Character collided with left wall: x=0
[DEBUG] Wed 2026-09-09 22:43:39.848 [Thread-4] GameCharacter checkReachGameWall():99 - Character collided with left wall: x=0
[DEBUG] Wed 2026-09-09 22:43:39.867 [Thread-4] GameCharacter checkReachGameWall():99 - Character collided with left wall: x=0
[DEBUG] Wed 2026-09-09 22:43:39.884 [Thread-4] GameCharacter checkReachGameWall():99 - Character collided with left wall: x=0
[DEBUG] Wed 2026-09-09 22:43:39.902 [Thread-4] GameCharacter checkReachGameWall():99 - Character collided with left wall: x=0
[DEBUG] Wed 2026-09-09 22:43:39.922 [Thread-4] GameCharacter checkReachGameWall():99 - Character collided with left wall: x=0
[DEBUG] Wed 2026-09-09 22:43:39.943 [Thread-4] GameCharacter checkReachGameWall():99 - Character collided with left wall: x=0
[DEBUG] Wed 2026-09-09 22:43:39.963 [Thread-4] GameCharacter checkReachGameWall():99 - Character collided with left wall: x=0
[DEBUG] Wed 2026-09-09 22:43:39.980 [Thread-4] GameCharacter checkReachGameWall():99 - Character collided with left wall: x=0
[DEBUG] Wed 2026-09-09 22:43:40.004 [Thread-4] GameCharacter checkReachGameWall():99 - Character collided with left wall: x=0
[DEBUG] Wed 2026-09-09 22:43:40.024 [Thread-4] GameCharacter checkReachGameWall():99 - Character collided with left wall: x=0
[DEBUG] Wed 2026-09-09 22:43:40.042 [Thread-4] GameCharacter checkReachGameWall():99 - Character collided with left wall: x=0
[DEBUG] Wed 2026-09-09 22:43:40.063 [Thread-4] GameCharacter checkReachGameWall():99 - Character collided with left wall: x=0
[DEBUG] Wed 2026-09-09 22:43:40.083 [Thread-4] GameCharacter checkReachGameWall():99 - Character collided with left wall: x=0
[DEBUG] Wed 2026-09-09 22:43:40.103 [Thread-4] GameCharacter checkReachGameWall():99 - Character collided with left wall: x=0
[DEBUG] Wed 2026-09-09 22:43:40.124 [Thread-4] GameCharacter checkReachGameWall():99 - Character collided with left wall: x=0
[DEBUG] Wed 2026-09-09 22:43:40.144 [Thread-4] GameCharacter checkReachGameWall():99 - Character collided with left wall: x=0
[DEBUG] Wed 2026-09-09 22:43:40.164 [Thread-4] GameCharacter checkReachGameWall():99 - Character collided with left wall: x=0
[DEBUG] Wed 2026-09-09 22:43:40.185 [Thread-4] GameCharacter checkReachGameWall():99 - Character collided with left wall: x=0
[DEBUG] Wed 2026-09-09 22:43:40.205 [Thread-4] GameCharacter checkReachGameWall():99 - Character collided with left wall: x=0
[DEBUG] Wed 2026-09-09 22:43:40.223 [Thread-4] GameCharacter checkReachGameWall():99 - Character collided with left wall: x=0
[DEBUG] Wed 2026-09-09 22:43:40.240 [Thread-4] GameCharacter checkReachGameWall():99 - Character collided with left wall: x=0
[DEBUG] Wed 2026-09-09 22:43:40.258 [Thread-4] GameCharacter checkReachGameWall():99 - Character collided with left wall: x=0
[DEBUG] Wed 2026-09-09 22:43:40.279 [Thread-4] GameCharacter checkReachGameWall():99 - Character collided with left wall: x=0
[DEBUG] Wed 2026-09-09 22:43:40.299 [Thread-4] GameCharacter checkReachGameWall():99 - Character collided with left wall: x=0
[DEBUG] Wed 2026-09-09 22:43:40.317 [Thread-4] GameCharacter checkReachGameWall():99 - Character collided with left wall: x=0
[DEBUG] Wed 2026-09-09 22:43:40.337 [Thread-4] GameCharacter checkReachGameWall():99 - Character collided with left wall: x=0
[DEBUG] Wed 2026-09-09 22:43:40.358 [Thread-4] GameCharacter checkReachGameWall():99 - Character collided with left wall: x=0
[DEBUG] Wed 2026-09-09 22:43:40.378 [Thread-4] GameCharacter checkReachGameWall():99 - Character collided with left wall: x=0
[DEBUG] Wed 2026-09-09 22:43:40.398 [Thread-4] GameCharacter checkReachGameWall():99 - Character collided with left wall: x=0
[DEBUG] Wed 2026-09-09 22:43:40.416 [Thread-4] GameCharacter checkReachGameWall():99 - Character collided with left wall: x=0
[DEBUG] Wed 2026-09-09 22:43:40.437 [Thread-4] GameCharacter checkReachGameWall():99 - Character collided with left wall: x=0
[DEBUG] Wed 2026-09-09 22:43:40.454 [Thread-4] GameCharacter checkReachGameWall():99 - Character collided with left wall: x=0
[DEBUG] Wed 2026-09-09 22:43:40.472 [Thread-4] GameCharacter checkReachGameWall():99 - Character collided with left wall: x=0
[DEBUG] Wed 2026-09-09 22:43:40.489 [Thread-4] GameCharacter checkReachGameWall():99 - Character collided with left wall: x=0
[DEBUG] Wed 2026-09-09 22:43:40.510 [Thread-4] GameCharacter checkReachGameWall():99 - Character collided with left wall: x=0
[DEBUG] Wed 2026-09-09 22:43:40.527 [Thread-4] GameCharacter checkReachGameWall():99 - Character collided with left wall: x=0
[DEBUG] Wed 2026-09-09 22:43:40.548 [Thread-4] GameCharacter checkReachGameWall():99 - Character collided with left wall: x=0
[DEBUG] Wed 2026-09-09 22:43:40.567 [Thread-4] GameCharacter checkReachGameWall():99 - Character collided with left wall: x=0
[DEBUG] Wed 2026-09-09 22:43:40.587 [Thread-4] GameCharacter checkReachGameWall():99 - Character collided with left wall: x=0
[DEBUG] Wed 2026-09-09 22:43:40.608 [Thread-4] GameCharacter checkReachGameWall():99 - Character collided with left wall: x=0
[DEBUG] Wed 2026-09-09 22:43:40.624 [Thread-4] GameCharacter checkReachGameWall():99 - Character collided with left wall: x=0
[DEBUG] Wed 2026-09-09 22:43:40.645 [Thread-4] GameCharacter checkReachGameWall():99 - Character collided with left wall: x=0
[DEBUG] Wed 2026-09-09 22:43:40.663 [Thread-4] GameCharacter checkReachGameWall():99 - Character collided with left wall: x=0
[DEBUG] Wed 2026-09-09 22:43:40.683 [Thread-4] GameCharacter checkReachGameWall():99 - Character collided with left wall: x=0
[DEBUG] Wed 2026-09-09 22:43:40.701 [Thread-4] GameCharacter checkReachGameWall():99 - Character collided with left wall: x=0
[DEBUG] Wed 2026-09-09 22:43:40.722 [Thread-4] GameCharacter checkReachGameWall():99 - Character collided with left wall: x=0
[DEBUG] Wed 2026-09-09 22:43:40.742 [Thread-4] GameCharacter checkReachGameWall():99 - Character collided with left wall: x=0
[DEBUG] Wed 2026-09-09 22:43:40.763 [Thread-4] GameCharacter checkReachGameWall():99 - Character collided with left wall: x=0
[DEBUG] Wed 2026-09-09 22:43:40.782 [Thread-4] GameCharacter checkReachGameWall():99 - Character collided with left wall: x=0
[DEBUG] Wed 2026-09-09 22:43:40.802 [Thread-4] GameCharacter checkReachGameWall():99 - Character collided with left wall: x=0
[DEBUG] Wed 2026-09-09 22:43:40.823 [Thread-4] GameCharacter checkReachGameWall():99 - Character collided with left wall: x=0
[DEBUG] Wed 2026-09-09 22:43:40.840 [Thread-4] GameCharacter checkReachGameWall():99 - Character collided with left wall: x=0
[DEBUG] Wed 2026-09-09 22:43:40.860 [Thread-4] GameCharacter checkReachGameWall():99 - Character collided with left wall: x=0
[DEBUG] Wed 2026-09-09 22:43:40.877 [Thread-4] GameCharacter checkReachGameWall():99 - Character collided with left wall: x=0
[DEBUG] Wed 2026-09-09 22:43:40.898 [Thread-4] GameCharacter checkReachGameWall():99 - Character collided with left wall: x=0
[DEBUG] Wed 2026-09-09 22:43:40.915 [Thread-4] GameCharacter checkReachGameWall():99 - Character collided with left wall: x=0
[DEBUG] Wed 2026-09-09 22:43:40.935 [Thread-4] GameCharacter checkReachGameWall():99 - Character collided with left wall: x=0
[DEBUG] Wed 2026-09-09 22:43:40.956 [Thread-4] GameCharacter checkReachGameWall():99 - Character collided with left wall: x=0
[DEBUG] Wed 2026-09-09 22:43:40.973 [Thread-4] GameCharacter checkReachGameWall():99 - Character collided with left wall: x=0
[DEBUG] Wed 2026-09-09 22:43:40.991 [Thread-4] GameCharacter checkReachGameWall():99 - Character collided with left wall: x=0
[DEBUG] Wed 2026-09-09 22:43:41.008 [Thread-4] GameCharacter checkReachGameWall():99 - Character collided with left wall: x=0
[DEBUG] Wed 2026-09-09 22:43:41.028 [Thread-4] GameCharacter checkReachGameWall():99 - Character collided with left wall: x=0
[DEBUG] Wed 2026-09-09 22:43:41.046 [Thread-4] GameCharacter checkReachGameWall():99 - Character collided with left wall: x=0
[DEBUG] Wed 2026-09-09 22:43:41.066 [Thread-4] GameCharacter checkReachGameWall():99 - Character collided with left wall: x=0
[DEBUG] Wed 2026-09-09 22:43:41.086 [Thread-4] GameCharacter checkReachGameWall():99 - Character collided with left wall: x=0
[DEBUG] Wed 2026-09-09 22:43:41.106 [Thread-4] GameCharacter checkReachGameWall():99 - Character collided with left wall: x=0
[DEBUG] Wed 2026-09-09 22:43:41.125 [Thread-4] GameCharacter checkReachGameWall():99 - Character collided with left wall: x=0
[DEBUG] Wed 2026-09-09 22:43:41.145 [Thread-4] GameCharacter checkReachGameWall():99 - Character collided with left wall: x=0
[DEBUG] Wed 2026-09-09 22:43:41.165 [Thread-4] GameCharacter checkReachGameWall():99 - Character collided with left wall: x=0
[DEBUG] Wed 2026-09-09 22:43:41.186 [Thread-4] GameCharacter checkReachGameWall():99 - Character collided with left wall: x=0
[DEBUG] Wed 2026-09-09 22:43:41.203 [Thread-4] GameCharacter checkReachGameWall():99 - Character collided with left wall: x=0
[DEBUG] Wed 2026-09-09 22:43:41.223 [Thread-4] GameCharacter checkReachGameWall():99 - Character collided with left wall: x=0
[DEBUG] Wed 2026-09-09 22:43:41.243 [Thread-4] GameCharacter checkReachGameWall():99 - Character collided with left wall: x=0
[DEBUG] Wed 2026-09-09 22:43:41.263 [Thread-4] GameCharacter checkReachGameWall():99 - Character collided with left wall: x=0
[DEBUG] Wed 2026-09-09 22:43:41.280 [Thread-4] GameCharacter checkReachGameWall():99 - Character collided with left wall: x=0
[DEBUG] Wed 2026-09-09 22:43:41.300 [Thread-4] GameCharacter checkReachGameWall():99 - Character collided with left wall: x=0
[DEBUG] Wed 2026-09-09 22:43:41.320 [Thread-4] GameCharacter checkReachGameWall():99 - Character collided with left wall: x=0
[DEBUG] Wed 2026-09-09 22:43:41.340 [Thread-4] GameCharacter checkReachGameWall():99 - Character collided with left wall: x=0
[DEBUG] Wed 2026-09-09 22:43:41.361 [Thread-4] GameCharacter checkReachGameWall():99 - Character collided with left wall: x=0
[DEBUG] Wed 2026-09-09 22:43:41.381 [Thread-4] GameCharacter checkReachGameWall():99 - Character collided with left wall: x=0
[DEBUG] Wed 2026-09-09 22:43:41.398 [Thread-4] GameCharacter checkReachGameWall():99 - Character collided with left wall: x=0
[DEBUG] Wed 2026-09-09 22:43:41.418 [Thread-4] GameCharacter checkReachGameWall():99 - Character collided with left wall: x=0
[DEBUG] Wed 2026-09-09 22:43:41.438 [Thread-4] GameCharacter checkReachGameWall():99 - Character collided with left wall: x=0
[DEBUG] Wed 2026-09-09 22:43:41.457 [Thread-4] GameCharacter checkReachGameWall():99 - Character collided with left wall: x=0
[DEBUG] Wed 2026-09-09 22:43:41.475 [Thread-4] GameCharacter checkReachGameWall():99 - Character collided with left wall: x=0
[DEBUG] Wed 2026-09-09 22:43:41.494 [Thread-4] GameCharacter checkReachGameWall():99 - Character collided with left wall: x=0
[DEBUG] Wed 2026-09-09 22:43:41.515 [Thread-4] GameCharacter checkReachGameWall():99 - Character collided with left wall: x=0
[DEBUG] Wed 2026-09-09 22:43:41.531 [Thread-4] GameCharacter checkReachGameWall():99 - Character collided with left wall: x=0
[DEBUG] Wed 2026-09-09 22:43:41.549 [Thread-4] GameCharacter checkReachGameWall():99 - Character collided with left wall: x=0
[DEBUG] Wed 2026-09-09 22:43:41.569 [Thread-4] GameCharacter checkReachGameWall():99 - Character collided with left wall: x=0
[DEBUG] Wed 2026-09-09 22:43:41.588 [Thread-4] GameCharacter checkReachGameWall():99 - Character collided with left wall: x=0
[DEBUG] Wed 2026-09-09 22:43:41.608 [Thread-4] GameCharacter checkReachGameWall():99 - Character collided with left wall: x=0
[DEBUG] Wed 2026-09-09 22:43:41.629 [Thread-4] GameCharacter checkReachGameWall():99 - Character collided with left wall: x=0
[DEBUG] Wed 2026-09-09 22:43:41.649 [Thread-4] GameCharacter checkReachGameWall():99 - Character collided with left wall: x=0
[DEBUG] Wed 2026-09-09 22:43:41.670 [Thread-4] GameCharacter checkReachGameWall():99 - Character collided with left wall: x=0
[DEBUG] Wed 2026-09-09 22:43:41.688 [Thread-4] GameCharacter checkReachGameWall():99 - Character collided with left wall: x=0
[DEBUG] Wed 2026-09-09 22:43:41.705 [Thread-4] GameCharacter checkReachGameWall():99 - Character collided with left wall: x=0
[DEBUG] Wed 2026-09-09 22:43:41.726 [Thread-4] GameCharacter checkReachGameWall():99 - Character collided with left wall: x=0
[DEBUG] Wed 2026-09-09 22:43:41.746 [Thread-4] GameCharacter checkReachGameWall():99 - Character collided with left wall: x=0
[DEBUG] Wed 2026-09-09 22:43:41.767 [Thread-4] GameCharacter checkReachGameWall():99 - Character collided with left wall: x=0
[DEBUG] Wed 2026-09-09 22:43:41.784 [Thread-4] GameCharacter checkReachGameWall():99 - Character collided with left wall: x=0
[DEBUG] Wed 2026-09-09 22:43:41.804 [Thread-4] GameCharacter checkReachGameWall():99 - Character collided with left wall: x=0
[DEBUG] Wed 2026-09-09 22:43:41.825 [Thread-4] GameCharacter checkReachGameWall():99 - Character collided with left wall: x=0
[DEBUG] Wed 2026-09-09 22:43:41.845 [Thread-4] GameCharacter checkReachGameWall():99 - Character collided with left wall: x=0
[DEBUG] Wed 2026-09-09 22:43:41.863 [Thread-4] GameCharacter checkReachGameWall():99 - Character collided with left wall: x=0
[DEBUG] Wed 2026-09-09 22:43:41.882 [Thread-4] GameCharacter checkReachGameWall():99 - Character collided with left wall: x=0
[DEBUG] Wed 2026-09-09 22:43:41.899 [Thread-4] GameCharacter checkReachGameWall():99 - Character collided with left wall: x=0
[DEBUG] Wed 2026-09-09 22:43:41.918 [Thread-4] GameCharacter checkReachGameWall():99 - Character collided with left wall: x=0
[DEBUG] Wed 2026-09-09 22:43:41.935 [Thread-4] GameCharacter checkReachGameWall():99 - Character collided with left wall: x=0
[DEBUG] Wed 2026-09-09 22:43:41.956 [Thread-4] GameCharacter checkReachGameWall():99 - Character collided with left wall: x=0
[DEBUG] Wed 2026-09-09 22:43:41.976 [Thread-4] GameCharacter checkReachGameWall():99 - Character collided with left wall: x=0
[DEBUG] Wed 2026-09-09 22:43:41.996 [Thread-4] GameCharacter checkReachGameWall():99 - Character collided with left wall: x=0
[DEBUG] Wed 2026-09-09 22:43:42.017 [Thread-4] GameCharacter checkReachGameWall():99 - Character collided with left wall: x=0
[DEBUG] Wed 2026-09-09 22:43:42.035 [Thread-4] GameCharacter checkReachGameWall():99 - Character collided with left wall: x=0
[DEBUG] Wed 2026-09-09 22:43:42.055 [Thread-4] GameCharacter checkReachGameWall():99 - Character collided with left wall: x=0
[DEBUG] Wed 2026-09-09 22:43:42.072 [Thread-4] GameCharacter checkReachGameWall():99 - Character collided with left wall: x=0
[DEBUG] Wed 2026-09-09 22:43:42.090 [Thread-4] GameCharacter checkReachGameWall():99 - Character collided with left wall: x=0
[DEBUG] Wed 2026-09-09 22:43:42.108 [Thread-4] GameCharacter checkReachGameWall():99 - Character collided with left wall: x=0
[DEBUG] Wed 2026-09-09 22:43:42.128 [Thread-4] GameCharacter checkReachGameWall():99 - Character collided with left wall: x=0
[DEBUG] Wed 2026-09-09 22:43:42.147 [Thread-4] GameCharacter checkReachGameWall():99 - Character collided with left wall: x=0
[DEBUG] Wed 2026-09-09 22:43:42.167 [Thread-4] GameCharacter checkReachGameWall():99 - Character collided with left wall: x=0
[DEBUG] Wed 2026-09-09 22:43:42.184 [Thread-4] GameCharacter checkReachGameWall():99 - Character collided with left wall: x=0
[DEBUG] Wed 2026-09-09 22:43:42.204 [Thread-4] GameCharacter checkReachGameWall():99 - Character collided with left wall: x=0
[DEBUG] Wed 2026-09-09 22:43:42.225 [Thread-4] GameCharacter checkReachGameWall():99 - Character collided with left wall: x=0
[DEBUG] Wed 2026-09-09 22:43:42.245 [Thread-4] GameCharacter checkReachGameWall():99 - Character collided with left wall: x=0
[DEBUG] Wed 2026-09-09 22:43:42.265 [Thread-4] GameCharacter checkReachGameWall():99 - Character collided with left wall: x=0
[DEBUG] Wed 2026-09-09 22:43:42.282 [Thread-4] GameCharacter checkReachGameWall():99 - Character collided with left wall: x=0
[DEBUG] Wed 2026-09-09 22:43:42.302 [Thread-4] GameCharacter checkReachGameWall():99 - Character collided with left wall: x=0
[DEBUG] Wed 2026-09-09 22:43:42.319 [Thread-4] GameCharacter checkReachGameWall():99 - Character collided with left wall: x=0
[DEBUG] Wed 2026-09-09 22:43:42.339 [Thread-4] GameCharacter checkReachGameWall():99 - Character collided with left wall: x=0
[DEBUG] Wed 2026-09-09 22:43:42.360 [Thread-4] GameCharacter checkReachGameWall():99 - Character collided with left wall: x=0
[DEBUG] Wed 2026-09-09 22:43:42.380 [Thread-4] GameCharacter checkReachGameWall():99 - Character collided with left wall: x=0
[DEBUG] Wed 2026-09-09 22:43:42.399 [Thread-4] GameCharacter checkReachGameWall():99 - Character collided with left wall: x=0
[DEBUG] Wed 2026-09-09 22:43:42.419 [Thread-4] GameCharacter checkReachGameWall():99 - Character collided with left wall: x=0
[DEBUG] Wed 2026-09-09 22:43:42.438 [Thread-4] GameCharacter checkReachGameWall():99 - Character collided with left wall: x=0
[DEBUG] Wed 2026-09-09 22:43:42.458 [Thread-4] GameCharacter checkReachGameWall():99 - Character collided with left wall: x=0
[DEBUG] Wed 2026-09-09 22:43:42.478 [Thread-4] GameCharacter checkReachGameWall():99 - Character collided with left wall: x=0
[DEBUG] Wed 2026-09-09 22:43:42.499 [Thread-4] GameCharacter checkReachGameWall():99 - Character collided with left wall: x=0
[DEBUG] Wed 2026-09-09 22:43:42.519 [Thread-4] GameCharacter checkReachGameWall():99 - Character collided with left wall: x=0
[DEBUG] Wed 2026-09-09 22:43:42.539 [Thread-4] GameCharacter checkReachGameWall():99 - Character collided with left wall: x=0
[DEBUG] Wed 2026-09-09 22:43:42.557 [Thread-4] GameCharacter checkReachGameWall():99 - Character collided with left wall: x=0
[DEBUG] Wed 2026-09-09 22:43:42.574 [Thread-4] GameCharacter checkReachGameWall():99 - Character collided with left wall: x=0
[DEBUG] Wed 2026-09-09 22:43:42.591 [Thread-4] GameCharacter checkReachGameWall():99 - Character collided with left wall: x=0
[DEBUG] Wed 2026-09-09 22:43:42.611 [Thread-4] GameCharacter checkReachGameWall():99 - Character collided with left wall: x=0
[DEBUG] Wed 2026-09-09 22:43:42.629 [Thread-4] GameCharacter checkReachGameWall():99 - Character collided with left wall: x=0
[DEBUG] Wed 2026-09-09 22:43:42.649 [Thread-4] GameCharacter checkReachGameWall():99 - Character collided with left wall: x=0
[DEBUG] Wed 2026-09-09 22:43:42.669 [Thread-4] GameCharacter checkReachGameWall():99 - Character collided with left wall: x=0
[DEBUG] Wed 2026-09-09 22:43:42.690 [Thread-4] GameCharacter checkReachGameWall():99 - Character collided with left wall: x=0
[DEBUG] Wed 2026-09-09 22:43:42.710 [Thread-4] GameCharacter checkReachGameWall():99 - Character collided with left wall: x=0
[DEBUG] Wed 2026-09-09 22:43:42.730 [Thread-4] GameCharacter checkReachGameWall():99 - Character collided with left wall: x=0
[DEBUG] Wed 2026-09-09 22:43:42.751 [Thread-4] GameCharacter checkReachGameWall():99 - Character collided with left wall: x=0
[DEBUG] Wed 2026-09-09 22:43:42.771 [Thread-4] GameCharacter checkReachGameWall():99 - Character collided with left wall: x=0
[DEBUG] Wed 2026-09-09 22:43:42.792 [Thread-4] GameCharacter checkReachGameWall():99 - Character collided with left wall: x=0
[DEBUG] Wed 2026-09-09 22:43:42.808 [Thread-4] GameCharacter checkReachGameWall():99 - Character collided with left wall: x=0
[DEBUG] Wed 2026-09-09 22:43:42.829 [Thread-4] GameCharacter checkReachGameWall():99 - Character collided with left wall: x=0
[DEBUG] Wed 2026-09-09 22:43:42.848 [Thread-4] GameCharacter checkReachGameWall():99 - Character collided with left wall: x=0
[DEBUG] Wed 2026-09-09 22:43:42.867 [Thread-4] GameCharacter checkReachGameWall():99 - Character collided with left wall: x=0
[DEBUG] Wed 2026-09-09 22:43:42.885 [Thread-4] GameCharacter checkReachGameWall():99 - Character collided with left wall: x=0
[DEBUG] Wed 2026-09-09 22:43:42.905 [Thread-4] GameCharacter checkReachGameWall():99 - Character collided with left wall: x=0
[DEBUG] Wed 2026-09-09 22:43:42.923 [Thread-4] GameCharacter checkReachGameWall():99 - Character collided with left wall: x=0
[DEBUG] Wed 2026-09-09 22:43:42.941 [Thread-4] GameCharacter checkReachGameWall():99 - Character collided with left wall: x=0
[DEBUG] Wed 2026-09-09 22:43:42.962 [Thread-4] GameCharacter checkReachGameWall():99 - Character collided with left wall: x=0
[DEBUG] Wed 2026-09-09 22:43:42.979 [Thread-4] GameCharacter checkReachGameWall():99 - Character collided with left wall: x=0
[DEBUG] Wed 2026-09-09 22:43:42.999 [Thread-4] GameCharacter checkReachGameWall():99 - Character collided with left wall: x=0
[DEBUG] Wed 2026-09-09 22:43:43.016 [Thread-4] GameCharacter checkReachGameWall():99 - Character collided with left wall: x=0
[DEBUG] Wed 2026-09-09 22:43:43.036 [Thread-4] GameCharacter checkReachGameWall():99 - Character collided with left wall: x=0
[DEBUG] Wed 2026-09-09 22:43:43.057 [Thread-4] GameCharacter checkReachGameWall():99 - Character collided with left wall: x=0
[DEBUG] Wed 2026-09-09 22:43:43.077 [Thread-4] GameCharacter checkReachGameWall():99 - Character collided with left wall: x=0
[DEBUG] Wed 2026-09-09 22:43:43.098 [Thread-4] GameCharacter checkReachGameWall():99 - Character collided with left wall: x=0
[DEBUG] Wed 2026-09-09 22:43:43.118 [Thread-4] GameCharacter checkReachGameWall():99 - Character collided with left wall: x=0
[DEBUG] Wed 2026-09-09 22:43:43.138 [Thread-4] GameCharacter checkReachGameWall():99 - Character collided with left wall: x=0
[DEBUG] Wed 2026-09-09 22:43:43.158 [Thread-4] GameCharacter checkReachGameWall():99 - Character collided with left wall: x=0
[DEBUG] Wed 2026-09-09 22:43:43.179 [Thread-4] GameCharacter checkReachGameWall():99 - Character collided with left wall: x=0
[DEBUG] Wed 2026-09-09 22:43:43.199 [Thread-4] GameCharacter checkReachGameWall():99 - Character collided with left wall: x=0
[DEBUG] Wed 2026-09-09 22:43:43.217 [Thread-4] GameCharacter checkReachGameWall():99 - Character collided with left wall: x=0
[DEBUG] Wed 2026-09-09 22:43:43.236 [Thread-4] GameCharacter checkReachGameWall():99 - Character collided with left wall: x=0
[DEBUG] Wed 2026-09-09 22:43:43.255 [Thread-4] GameCharacter checkReachGameWall():99 - Character collided with left wall: x=0
[DEBUG] Wed 2026-09-09 22:43:43.272 [Thread-4] GameCharacter checkReachGameWall():99 - Character collided with left wall: x=0
[DEBUG] Wed 2026-09-09 22:43:43.292 [Thread-4] GameCharacter checkReachGameWall():99 - Character collided with left wall: x=0
[DEBUG] Wed 2026-09-09 22:43:43.313 [Thread-4] GameCharacter checkReachGameWall():99 - Character collided with left wall: x=0
[DEBUG] Wed 2026-09-09 22:43:43.332 [Thread-4] GameCharacter checkReachGameWall():99 - Character collided with left wall: x=0
[DEBUG] Wed 2026-09-09 22:43:43.350 [Thread-4] GameCharacter checkReachGameWall():99 - Character collided with left wall: x=0
[DEBUG] Wed 2026-09-09 22:43:43.370 [Thread-4] GameCharacter checkReachGameWall():99 - Character collided with left wall: x=0
[DEBUG] Wed 2026-09-09 22:43:43.387 [Thread-4] GameCharacter checkReachGameWall():99 - Character collided with left wall: x=0
[DEBUG] Wed 2026-09-09 22:43:43.404 [Thread-4] GameCharacter checkReachGameWall():99 - Character collided with left wall: x=0
[DEBUG] Wed 2026-09-09 22:43:43.422 [Thread-4] GameCharacter checkReachGameWall():99 - Character collided with left wall: x=0
[DEBUG] Wed 2026-09-09 22:43:43.439 [Thread-4] GameCharacter checkReachGameWall():99 - Character collided with left wall: x=0
[DEBUG] Wed 2026-09-09 22:43:43.458 [Thread-4] GameCharacter checkReachGameWall():99 - Character collided with left wall: x=0
[DEBUG] Wed 2026-09-09 22:43:43.479 [Thread-4] GameCharacter checkReachGameWall():99 - Character collided with left wall: x=0
[DEBUG] Wed 2026-09-09 22:43:43.499 [Thread-4] GameCharacter checkReachGameWall():99 - Character collided with left wall: x=0
[DEBUG] Wed 2026-09-09 22:43:43.517 [Thread-4] GameCharacter checkReachGameWall():99 - Character collided with left wall: x=0
[DEBUG] Wed 2026-09-09 22:43:43.534 [Thread-4] GameCharacter checkReachGameWall():99 - Character collided with left wall: x=0
[DEBUG] Wed 2026-09-09 22:43:43.555 [Thread-4] GameCharacter checkReachGameWall():99 - Character collided with left wall: x=0
[DEBUG] Wed 2026-09-09 22:43:43.575 [Thread-4] GameCharacter checkReachGameWall():99 - Character collided with left wall: x=0
[DEBUG] Wed 2026-09-09 22:43:43.595 [Thread-4] GameCharacter checkReachGameWall():99 - Character collided with left wall: x=0
[DEBUG] Wed 2026-09-09 22:43:43.614 [Thread-4] GameCharacter checkReachGameWall():99 - Character collided with left wall: x=0
[DEBUG] Wed 2026-09-09 22:43:43.631 [Thread-4] GameCharacter checkReachGameWall():99 - Character collided with left wall: x=0
[DEBUG] Wed 2026-09-09 22:43:43.649 [Thread-4] GameCharacter checkReachGameWall():99 - Character collided with left wall: x=0
[DEBUG] Wed 2026-09-09 22:43:43.667 [Thread-4] GameCharacter checkReachGameWall():99 - Character collided with left wall: x=0
[DEBUG] Wed 2026-09-09 22:43:43.684 [Thread-4] GameCharacter checkReachGameWall():99 - Character collided with left wall: x=0
[DEBUG] Wed 2026-09-09 22:43:43.701 [Thread-4] GameCharacter checkReachGameWall():99 - Character collided with left wall: x=0
[DEBUG] Wed 2026-09-09 22:43:43.721 [Thread-4] GameCharacter checkReachGameWall():99 - Character collided with left wall: x=0
[DEBUG] Wed 2026-09-09 22:43:43.739 [Thread-4] GameCharacter checkReachGameWall():99 - Character collided with left wall: x=0
[DEBUG] Wed 2026-09-09 22:43:43.756 [Thread-4] GameCharacter checkReachGameWall():99 - Character collided with left wall: x=0
[DEBUG] Wed 2026-09-09 22:43:43.774 [Thread-4] GameCharacter checkReachGameWall():99 - Character collided with left wall: x=0
[DEBUG] Wed 2026-09-09 22:43:43.794 [Thread-4] GameCharacter checkReachGameWall():99 - Character collided with left wall: x=0
[DEBUG] Wed 2026-09-09 22:43:43.815 [Thread-4] GameCharacter checkReachGameWall():99 - Character collided with left wall: x=0
[DEBUG] Wed 2026-09-09 22:43:43.835 [Thread-4] GameCharacter checkReachGameWall():99 - Character collided with left wall: x=0
[DEBUG] Wed 2026-09-09 22:43:43.855 [Thread-4] GameCharacter checkReachGameWall():99 - Character collided with left wall: x=0
[DEBUG] Wed 2026-09-09 22:43:43.875 [Thread-4] GameCharacter checkReachGameWall():99 - Character collided with left wall: x=0
[DEBUG] Wed 2026-09-09 22:43:43.896 [Thread-4] GameCharacter checkReachGameWall():99 - Character collided with left wall: x=0
[DEBUG] Wed 2026-09-09 22:43:43.916 [Thread-4] GameCharacter checkReachGameWall():99 - Character collided with left wall: x=0
[DEBUG] Wed 2026-09-09 22:43:43.937 [Thread-4] GameCharacter checkReachGameWall():99 - Character collided with left wall: x=0
[DEBUG] Wed 2026-09-09 22:43:43.954 [Thread-4] GameCharacter checkReachGameWall():99 - Character collided with left wall: x=0
[DEBUG] Wed 2026-09-09 22:43:43.974 [Thread-4] GameCharacter checkReachGameWall():99 - Character collided with left wall: x=0
[DEBUG] Wed 2026-09-09 22:43:43.995 [Thread-4] GameCharacter checkReachGameWall():99 - Character collided with left wall: x=0
[DEBUG] Wed 2026-09-09 22:43:44.015 [Thread-4] GameCharacter checkReachGameWall():99 - Character collided with left wall: x=0
[DEBUG] Wed 2026-09-09 22:43:44.034 [Thread-4] GameCharacter checkReachGameWall():99 - Character collided with left wall: x=0
[DEBUG] Wed 2026-09-09 22:43:44.052 [Thread-4] GameCharacter checkReachGameWall():99 - Character collided with left wall: x=0
[DEBUG] Wed 2026-09-09 22:43:44.072 [Thread-4] GameCharacter checkReachGameWall():99 - Character collided with left wall: x=0
[DEBUG] Wed 2026-09-09 22:43:44.091 [Thread-4] GameCharacter checkReachGameWall():99 - Character collided with left wall: x=0
[DEBUG] Wed 2026-09-09 22:43:44.112 [Thread-4] GameCharacter checkReachGameWall():99 - Character collided with left wall: x=0
[DEBUG] Wed 2026-09-09 22:43:44.131 [Thread-4] GameCharacter checkReachGameWall():99 - Character collided with left wall: x=0
[DEBUG] Wed 2026-09-09 22:43:44.151 [Thread-4] GameCharacter checkReachGameWall():99 - Character collided with left wall: x=0
[DEBUG] Wed 2026-09-09 22:43:44.171 [Thread-4] GameCharacter checkReachGameWall():99 - Character collided with left wall: x=0
[DEBUG] Wed 2026-09-09 22:43:44.192 [Thread-4] GameCharacter checkReachGameWall():99 - Character collided with left wall: x=0
[DEBUG] Wed 2026-09-09 22:43:44.212 [Thread-4] GameCharacter checkReachGameWall():99 - Character collided with left wall: x=0
[DEBUG] Wed 2026-09-09 22:43:44.232 [Thread-4] GameCharacter checkReachGameWall():99 - Character collided with left wall: x=0
[DEBUG] Wed 2026-09-09 22:43:44.252 [Thread-4] GameCharacter checkReachGameWall():99 - Character collided with left wall: x=0
[DEBUG] Wed 2026-09-09 22:43:44.270 [Thread-4] GameCharacter checkReachGameWall():99 - Character collided with left wall: x=0
[DEBUG] Wed 2026-09-09 22:43:44.289 [Thread-4] GameCharacter checkReachGameWall():99 - Character collided with left wall: x=0
[DEBUG] Wed 2026-09-09 22:43:44.309 [Thread-4] GameCharacter checkReachGameWall():99 - Character collided with left wall: x=0
[DEBUG] Wed 2026-09-09 22:43:44.329 [Thread-4] GameCharacter checkReachGameWall():99 - Character collided with left wall: x=0
[DEBUG] Wed 2026-09-09 22:43:44.349 [Thread-4] GameCharacter checkReachGameWall():99 - Character collided with left wall: x=0
[DEBUG] Wed 2026-09-09 22:43:44.366 [Thread-4] GameCharacter checkReachGameWall():99 - Character collided with left wall: x=0
[DEBUG] Wed 2026-09-09 22:43:44.384 [Thread-4] GameCharacter checkReachGameWall():99 - Character collided with left wall: x=0
[DEBUG] Wed 2026-09-09 22:43:44.404 [Thread-4] GameCharacter checkReachGameWall():99 - Character collided with left wall: x=0
[DEBUG] Wed 2026-09-09 22:43:44.424 [Thread-4] GameCharacter checkReachGameWall():99 - Character collided with left wall: x=0
[DEBUG] Wed 2026-09-09 22:43:44.444 [Thread-4] GameCharacter checkReachGameWall():99 - Character collided with left wall: x=0
[DEBUG] Wed 2026-09-09 22:43:44.465 [Thread-4] GameCharacter checkReachGameWall():99 - Character collided with left wall: x=0
[DEBUG] Wed 2026-09-09 22:43:44.482 [Thread-4] GameCharacter checkReachGameWall():99 - Character collided with left wall: x=0
[DEBUG] Wed 2026-09-09 22:43:44.501 [Thread-4] GameCharacter checkReachGameWall():99 - Character collided with left wall: x=0
[DEBUG] Wed 2026-09-09 22:43:44.519 [Thread-4] GameCharacter checkReachGameWall():99 - Character collided with left wall: x=0
[DEBUG] Wed 2026-09-09 22:43:44.539 [Thread-4] GameCharacter checkReachGameWall():99 - Character collided with left wall: x=0
[DEBUG] Wed 2026-09-09 22:43:44.558 [Thread-4] GameCharacter checkReachGameWall():99 - Character collided with left wall: x=0
[DEBUG] Wed 2026-09-09 22:43:44.579 [Thread-4] GameCharacter checkReachGameWall():99 - Character collided with left wall: x=0
[DEBUG] Wed 2026-09-09 22:43:44.596 [Thread-4] GameCharacter checkReachGameWall():99 - Character collided with left wall: x=0
[DEBUG] Wed 2026-09-09 22:43:44.616 [Thread-4] GameCharacter checkReachGameWall():99 - Character collided with left wall: x=0
[DEBUG] Wed 2026-09-09 22:43:44.633 [Thread-4] GameCharacter checkReachGameWall():99 - Character collided with left wall: x=0
[DEBUG] Wed 2026-09-09 22:43:44.653 [Thread-4] GameCharacter checkReachGameWall():99 - Character collided with left wall: x=0
[DEBUG] Wed 2026-09-09 22:43:44.671 [Thread-4] GameCharacter checkReachGameWall():99 - Character collided with left wall: x=0
[DEBUG] Wed 2026-09-09 22:43:44.691 [Thread-4] GameCharacter checkReachGameWall():99 - Character collided with left wall: x=0
[DEBUG] Wed 2026-09-09 22:43:44.710 [Thread-4] GameCharacter checkReachGameWall():99 - Character collided with left wall: x=0
[DEBUG] Wed 2026-09-09 22:43:44.730 [Thread-4] GameCharacter checkReachGameWall():99 - Character collided with left wall: x=0
[DEBUG] Wed 2026-09-09 22:43:44.749 [Thread-4] GameCharacter checkReachGameWall():99 - Character collided with left wall: x=0
[DEBUG] Wed 2026-09-09 22:43:44.768 [Thread-4] GameCharacter checkReachGameWall():99 - Character collided with left wall: x=0
[DEBUG] Wed 2026-09-09 22:43:44.789 [Thread-4] GameCharacter checkReachGameWall():99 - Character collided with left wall: x=0
[DEBUG] Wed 2026-09-09 22:43:44.809 [Thread-4] GameCharacter checkReachGameWall():99 - Character collided with left wall: x=0
[DEBUG] Wed 2026-09-09 22:43:44.829 [Thread-4] GameCharacter checkReachGameWall():99 - Character collided with left wall: x=0
[DEBUG] Wed 2026-09-09 22:43:44.847 [Thread-4] GameCharacter checkReachGameWall():99 - Character collided with left wall: x=0
[DEBUG] Wed 2026-09-09 22:43:44.867 [Thread-4] GameCharacter checkReachGameWall():99 - Character collided with left wall: x=0
[DEBUG] Wed 2026-09-09 22:43:44.885 [Thread-4] GameCharacter checkReachGameWall():99 - Character collided with left wall: x=0
[DEBUG] Wed 2026-09-09 22:43:44.903 [Thread-4] GameCharacter checkReachGameWall():99 - Character collided with left wall: x=0
[DEBUG] Wed 2026-09-09 22:43:44.921 [Thread-4] GameCharacter checkReachGameWall():99 - Character collided with left wall: x=0
[DEBUG] Wed 2026-09-09 22:43:44.941 [Thread-4] GameCharacter checkReachGameWall():99 - Character collided with left wall: x=0
[DEBUG] Wed 2026-09-09 22:43:44.957 [Thread-4] GameCharacter checkReachGameWall():99 - Character collided with left wall: x=0
[DEBUG] Wed 2026-09-09 22:43:44.977 [Thread-4] GameCharacter checkReachGameWall():99 - Character collided with left wall: x=0
[DEBUG] Wed 2026-09-09 22:43:44.998 [Thread-4] GameCharacter checkReachGameWall():99 - Character collided with left wall: x=0
[DEBUG] Wed 2026-09-09 22:43:45.016 [Thread-4] GameCharacter checkReachGameWall():99 - Character collided with left wall: x=0
[DEBUG] Wed 2026-09-09 22:43:45.037 [Thread-4] GameCharacter checkReachGameWall():99 - Character collided with left wall: x=0
[DEBUG] Wed 2026-09-09 22:43:45.054 [Thread-4] GameCharacter checkReachGameWall():99 - Character collided with left wall: x=0
[DEBUG] Wed 2026-09-09 22:43:45.072 [Thread-4] GameCharacter checkReachGameWall():99 - Character collided with left wall: x=0
[DEBUG] Wed 2026-09-09 22:43:45.089 [Thread-4] GameCharacter checkReachGameWall():99 - Character collided with left wall: x=0
[DEBUG] Wed 2026-09-09 22:43:45.107 [Thread-4] GameCharacter checkReachGameWall():99 - Character collided with left wall: x=0
[DEBUG] Wed 2026-09-09 22:43:45.127 [Thread-4] GameCharacter checkReachGameWall():99 - Character collided with left wall: x=0
[DEBUG] Wed 2026-09-09 22:43:45.146 [Thread-4] GameCharacter checkReachGameWall():99 - Character collided with left wall: x=0
[DEBUG] Wed 2026-09-09 22:43:45.166 [Thread-4] GameCharacter checkReachGameWall():99 - Character collided with left wall: x=0
[DEBUG] Wed 2026-09-09 22:43:45.187 [Thread-4] GameCharacter checkReachGameWall():99 - Character collided with left wall: x=0
[DEBUG] Wed 2026-09-09 22:43:45.203 [Thread-4] GameCharacter checkReachGameWall():99 - Character collided with left wall: x=0
[DEBUG] Wed 2026-09-09 22:43:45.221 [Thread-4] GameCharacter checkReachGameWall():99 - Character collided with left wall: x=0
[DEBUG] Wed 2026-09-09 22:43:45.240 [Thread-4] GameCharacter checkReachGameWall():99 - Character collided with left wall: x=0
[DEBUG] Wed 2026-09-09 22:43:45.257 [Thread-4] GameCharacter checkReachGameWall():99 - Character collided with left wall: x=0
[DEBUG] Wed 2026-09-09 22:43:45.276 [Thread-4] GameCharacter checkReachGameWall():99 - Character collided with left wall: x=0
[DEBUG] Wed 2026-09-09 22:43:45.296 [Thread-4] GameCharacter checkReachGameWall():99 - Character collided with left wall: x=0
[DEBUG] Wed 2026-09-09 22:43:45.313 [Thread-4] GameCharacter checkReachGameWall():99 - Character collided with left wall: x=0
[DEBUG] Wed 2026-09-09 22:43:45.333 [Thread-4] GameCharacter checkReachGameWall():99 - Character collided with left wall: x=0
[DEBUG] Wed 2026-09-09 22:43:45.353 [Thread-4] GameCharacter checkReachGameWall():99 - Character collided with left wall: x=0
[DEBUG] Wed 2026-09-09 22:43:45.372 [Thread-4] GameCharacter checkReachGameWall():99 - Character collided with left wall: x=0
[DEBUG] Wed 2026-09-09 22:43:45.390 [Thread-4] GameCharacter checkReachGameWall():99 - Character collided with left wall: x=0
[DEBUG] Wed 2026-09-09 22:43:45.410 [Thread-4] GameCharacter checkReachGameWall():99 - Character collided with left wall: x=0
[DEBUG] Wed 2026-09-09 22:43:45.428 [Thread-4] GameCharacter checkReachGameWall():99 - Character collided with left wall: x=0
[DEBUG] Wed 2026-09-09 22:43:45.448 [Thread-4] GameCharacter checkReachGameWall():99 - Character collided with left wall: x=0
[DEBUG] Wed 2026-09-09 22:43:45.466 [Thread-4] GameCharacter checkReachGameWall():99 - Character collided with left wall: x=0
[DEBUG] Wed 2026-09-09 22:43:45.485 [Thread-4] GameCharacter checkReachGameWall():99 - Character collided with left wall: x=0
[DEBUG] Wed 2026-09-09 22:43:45.502 [Thread-4] GameCharacter checkReachGameWall():99 - Character collided with left wall: x=0
[DEBUG] Wed 2026-09-09 22:43:45.520 [Thread-4] GameCharacter checkReachGameWall():99 - Character collided with left wall: x=0
[DEBUG] Wed 2026-09-09 22:43:45.540 [Thread-4] GameCharacter checkReachGameWall():99 - Character collided with left wall: x=0
[DEBUG] Wed 2026-09-09 22:43:45.557 [Thread-4] GameCharacter checkReachGameWall():99 - Character collided with left wall: x=0
[DEBUG] Wed 2026-09-09 22:43:45.576 [Thread-4] GameCharacter checkReachGameWall():99 - Character collided with left wall: x=0
[DEBUG] Wed 2026-09-09 22:43:45.593 [Thread-4] GameCharacter checkReachGameWall():99 - Character collided with left wall: x=0
[DEBUG] Wed 2026-09-09 22:43:45.613 [Thread-4] GameCharacter checkReachGameWall():99 - Character collided with left wall: x=0
[DEBUG] Wed 2026-09-09 22:43:45.633 [Thread-4] GameCharacter checkReachGameWall():99 - Character collided with left wall: x=0
[DEBUG] Wed 2026-09-09 22:43:45.652 [Thread-4] GameCharacter checkReachGameWall():99 - Character collided with left wall: x=0
[DEBUG] Wed 2026-09-09 22:43:45.670 [Thread-4] GameCharacter checkReachGameWall():99 - Character collided with left wall: x=0
[DEBUG] Wed 2026-09-09 22:43:45.686 [Thread-4] GameCharacter checkReachGameWall():99 - Character collided with left wall: x=0
[DEBUG] Wed 2026-09-09 22:43:45.707 [Thread-4] GameCharacter checkReachGameWall():99 - Character collided with left wall: x=0
[DEBUG] Wed 2026-09-09 22:43:45.727 [Thread-4] GameCharacter checkReachGameWall():99 - Character collided with left wall: x=0
[DEBUG] Wed 2026-09-09 22:43:45.747 [Thread-4] GameCharacter checkReachGameWall():99 - Character collided with left wall: x=0
[DEBUG] Wed 2026-09-09 22:43:45.767 [Thread-4] GameCharacter checkReachGameWall():99 - Character collided with left wall: x=0
[DEBUG] Wed 2026-09-09 22:43:45.788 [Thread-4] GameCharacter checkReachGameWall():99 - Character collided with left wall: x=0
[DEBUG] Wed 2026-09-09 22:43:45.806 [Thread-4] GameCharacter checkReachGameWall():99 - Character collided with left wall: x=0
[DEBUG] Wed 2026-09-09 22:43:45.827 [Thread-4] GameCharacter checkReachGameWall():99 - Character collided with left wall: x=0
[DEBUG] Wed 2026-09-09 22:43:45.846 [Thread-4] GameCharacter checkReachGameWall():99 - Character collided with left wall: x=0
[DEBUG] Wed 2026-09-09 22:43:45.866 [Thread-4] GameCharacter checkReachGameWall():99 - Character collided with left wall: x=0
[DEBUG] Wed 2026-09-09 22:43:45.886 [Thread-4] GameCharacter checkReachGameWall():99 - Character collided with left wall: x=0
[DEBUG] Wed 2026-09-09 22:43:45.906 [Thread-4] GameCharacter checkReachGameWall():99 - Character collided with left wall: x=0
[DEBUG] Wed 2026-09-09 22:43:45.926 [Thread-4] GameCharacter checkReachGameWall():99 - Character collided with left wall: x=0
[DEBUG] Wed 2026-09-09 22:43:45.946 [Thread-4] GameCharacter checkReachGameWall():99 - Character collided with left wall: x=0
[DEBUG] Wed 2026-09-09 22:43:45.962 [Thread-4] GameCharacter checkReachGameWall():99 - Character collided with left wall: x=0
[DEBUG] Wed 2026-09-09 22:43:45.981 [Thread-4] GameCharacter checkReachGameWall():99 - Character collided with left wall: x=0
[DEBUG] Wed 2026-09-09 22:43:46.000 [Thread-4] GameCharacter checkReachGameWall():99 - Character collided with left wall: x=0
[DEBUG] Wed 2026-09-09 22:43:46.020 [Thread-4] GameCharacter checkReachGameWall():99 - Character collided with left wall: x=0
[DEBUG] Wed 2026-09-09 22:43:46.040 [Thread-4] GameCharacter checkReachGameWall():99 - Character collided with left wall: x=0
[DEBUG] Wed 2026-09-09 22:43:46.061 [Thread-4] GameCharacter checkReachGameWall():99 - Character collided with left wall: x=0
[DEBUG] Wed 2026-09-09 22:43:46.080 [Thread-4] GameCharacter checkReachGameWall():99 - Character collided with left wall: x=0
[DEBUG] Wed 2026-09-09 22:43:46.100 [Thread-4] GameCharacter checkReachGameWall():99 - Character collided with left wall: x=0
[DEBUG] Wed 2026-09-09 22:43:46.120 [Thread-4] GameCharacter checkReachGameWall():99 - Character collided with left wall: x=0
[DEBUG] Wed 2026-09-09 22:43:46.140 [Thread-4] GameCharacter checkReachGameWall():99 - Character collided with left wall: x=0
[DEBUG] Wed 2026-09-09 22:43:46.157 [Thread-4] GameCharacter checkReachGameWall():99 - Character collided with left wall: x=0
[DEBUG] Wed 2026-09-09 22:43:46.174 [Thread-4] GameCharacter checkReachGameWall():99 - Character collided with left wall: x=0
[DEBUG] Wed 2026-09-09 22:43:46.194 [Thread-4] GameCharacter checkReachGameWall():99 - Character collided with left wall: x=0
[DEBUG] Wed 2026-09-09 22:43:46.213 [Thread-4] GameCharacter checkReachGameWall():99 - Character collided with left wall: x=0
[DEBUG] Wed 2026-09-09 22:43:46.230 [Thread-4] GameCharacter checkReachGameWall():99 - Character collided with left wall: x=0
[DEBUG] Wed 2026-09-09 22:43:46.250 [Thread-4] GameCharacter checkReachGameWall():99 - Character collided with left wall: x=0
[DEBUG] Wed 2026-09-09 22:43:46.270 [Thread-4] GameCharacter checkReachGameWall():99 - Character collided with left wall: x=0
[DEBUG] Wed 2026-09-09 22:43:46.289 [Thread-4] GameCharacter checkReachGameWall():99 - Character collided with left wall: x=0
[DEBUG] Wed 2026-09-09 22:43:46.307 [Thread-4] GameCharacter checkReachGameWall():99 - Character collided with left wall: x=0
[DEBUG] Wed 2026-09-09 22:43:46.325 [Thread-4] GameCharacter checkReachGameWall():99 - Character collided with left wall: x=0
[DEBUG] Wed 2026-09-09 22:43:46.345 [Thread-4] GameCharacter checkReachGameWall():99 - Character collided with left wall: x=0
[DEBUG] Wed 2026-09-09 22:43:46.362 [Thread-4] GameCharacter checkReachGameWall():99 - Character collided with left wall: x=0
[DEBUG] Wed 2026-09-09 22:43:46.381 [Thread-4] GameCharacter checkReachGameWall():99 - Character collided with left wall: x=0
[DEBUG] Wed 2026-09-09 22:43:46.402 [Thread-4] GameCharacter checkReachGameWall():99 - Character collided with left wall: x=0
[DEBUG] Wed 2026-09-09 22:43:46.418 [Thread-4] GameCharacter checkReachGameWall():99 - Character collided with left wall: x=0
[DEBUG] Wed 2026-09-09 22:43:46.439 [Thread-4] GameCharacter checkReachGameWall():99 - Character collided with left wall: x=0
[DEBUG] Wed 2026-09-09 22:43:46.459 [Thread-4] GameCharacter checkReachGameWall():99 - Character collided with left wall: x=0
[DEBUG] Wed 2026-09-09 22:43:46.476 [Thread-4] GameCharacter checkReachGameWall():99 - Character collided with left wall: x=0
[DEBUG] Wed 2026-09-09 22:43:46.494 [Thread-4] GameCharacter checkReachGameWall():99 - Character collided with left wall: x=0
[DEBUG] Wed 2026-09-09 22:43:46.514 [Thread-4] GameCharacter checkReachGameWall():99 - Character collided with left wall: x=0
[DEBUG] Wed 2026-09-09 22:43:46.534 [Thread-4] GameCharacter checkReachGameWall():99 - Character collided with left wall: x=0
[DEBUG] Wed 2026-09-09 22:43:46.554 [Thread-4] GameCharacter checkReachGameWall():99 - Character collided with left wall: x=0
[DEBUG] Wed 2026-09-09 22:43:46.572 [Thread-4] GameCharacter checkReachGameWall():99 - Character collided with left wall: x=0
[DEBUG] Wed 2026-09-09 22:43:46.589 [Thread-4] GameCharacter checkReachGameWall():99 - Character collided with left wall: x=0
[DEBUG] Wed 2026-09-09 22:43:46.607 [Thread-4] GameCharacter checkReachGameWall():99 - Character collided with left wall: x=0
[DEBUG] Wed 2026-09-09 22:43:46.627 [Thread-4] GameCharacter checkReachGameWall():99 - Character collided with left wall: x=0
[DEBUG] Wed 2026-09-09 22:43:46.645 [Thread-4] GameCharacter checkReachGameWall():99 - Character collided with left wall: x=0
[DEBUG] Wed 2026-09-09 22:43:46.662 [Thread-4] GameCharacter checkReachGameWall():99 - Character collided with left wall: x=0
[DEBUG] Wed 2026-09-09 22:43:46.682 [Thread-4] GameCharacter checkReachGameWall():99 - Character collided with left wall: x=0
[DEBUG] Wed 2026-09-09 22:43:46.700 [Thread-4] GameCharacter checkReachGameWall():99 - Character collided with left wall: x=0
[DEBUG] Wed 2026-09-09 22:43:46.720 [Thread-4] GameCharacter checkReachGameWall():99 - Character collided with left wall: x=0
[DEBUG] Wed 2026-09-09 22:43:46.738 [Thread-4] GameCharacter checkReachGameWall():99 - Character collided with left wall: x=0
[DEBUG] Wed 2026-09-09 22:43:46.756 [Thread-4] GameCharacter checkReachGameWall():99 - Character collided with left wall: x=0
[DEBUG] Wed 2026-09-09 22:43:46.773 [Thread-4] GameCharacter checkReachGameWall():99 - Character collided with left wall: x=0
[DEBUG] Wed 2026-09-09 22:43:46.792 [Thread-4] GameCharacter checkReachGameWall():99 - Character collided with left wall: x=0
[DEBUG] Wed 2026-09-09 22:43:46.810 [Thread-4] GameCharacter checkReachGameWall():99 - Character collided with left wall: x=0
[DEBUG] Wed 2026-09-09 22:43:46.829 [Thread-4] GameCharacter checkReachGameWall():99 - Character collided with left wall: x=0
[DEBUG] Wed 2026-09-09 22:43:46.847 [Thread-4] GameCharacter checkReachGameWall():99 - Character collided with left wall: x=0
[DEBUG] Wed 2026-09-09 22:43:46.867 [Thread-4] GameCharacter checkReachGameWall():99 - Character collided with left wall: x=0
[DEBUG] Wed 2026-09-09 22:43:46.887 [Thread-4] GameCharacter checkReachGameWall():99 - Character collided with left wall: x=0
[DEBUG] Wed 2026-09-09 22:43:46.905 [Thread-4] GameCharacter checkReachGameWall():99 - Character collided with left wall: x=0
[DEBUG] Wed 2026-09-09 22:43:46.923 [Thread-4] GameCharacter checkReachGameWall():99 - Character collided with left wall: x=0
[DEBUG] Wed 2026-09-09 22:43:46.942 [Thread-4] GameCharacter checkReachGameWall():99 - Character collided with left wall: x=0
[DEBUG] Wed 2026-09-09 22:43:46.960 [Thread-4] GameCharacter checkReachGameWall():99 - Character collided with left wall: x=0
[DEBUG] Wed 2026-09-09 22:43:46.977 [Thread-4] GameCharacter checkReachGameWall():99 - Character collided with left wall: x=0
[DEBUG] Wed 2026-09-09 22:43:46.997 [Thread-4] GameCharacter checkReachGameWall():99 - Character collided with left wall: x=0
[DEBUG] Wed 2026-09-09 22:43:47.014 [Thread-4] GameCharacter checkReachGameWall():99 - Character collided with left wall: x=0
[DEBUG] Wed 2026-09-09 22:43:47.034 [Thread-4] GameCharacter checkReachGameWall():99 - Character collided with left wall: x=0
[DEBUG] Wed 2026-09-09 22:43:47.054 [Thread-4] GameCharacter checkReachGameWall():99 - Character collided with left wall: x=0
[DEBUG] Wed 2026-09-09 22:43:47.071 [Thread-4] GameCharacter checkReachGameWall():99 - Character collided with left wall: x=0
[DEBUG] Wed 2026-09-09 22:43:47.091 [Thread-4] GameCharacter checkReachGameWall():99 - Character collided with left wall: x=0
[DEBUG] Wed 2026-09-09 22:43:47.111 [Thread-4] GameCharacter checkReachGameWall():99 - Character collided with left wall: x=0
[DEBUG] Wed 2026-09-09 22:43:47.130 [Thread-4] GameCharacter checkReachGameWall():99 - Character collided with left wall: x=0
[DEBUG] Wed 2026-09-09 22:43:47.148 [Thread-4] GameCharacter checkReachGameWall():99 - Character collided with left wall: x=0
[DEBUG] Wed 2026-09-09 22:43:47.168 [Thread-4] GameCharacter checkReachGameWall():99 - Character collided with left wall: x=0
[DEBUG] Wed 2026-09-09 22:43:47.187 [Thread-4] GameCharacter checkReachGameWall():99 - Character collided with left wall: x=0
[DEBUG] Wed 2026-09-09 22:43:47.205 [Thread-4] GameCharacter checkReachGameWall():99 - Character collided with left wall: x=0
[DEBUG] Wed 2026-09-09 22:43:47.225 [Thread-4] GameCharacter checkReachGameWall():99 - Character collided with left wall: x=0
[DEBUG] Wed 2026-09-09 22:43:47.244 [Thread-4] GameCharacter checkReachGameWall():99 - Character collided with left wall: x=0
[DEBUG] Wed 2026-09-09 22:43:47.261 [Thread-4] GameCharacter checkReachGameWall():99 - Character collided with left wall: x=0
[DEBUG] Wed 2026-09-09 22:43:47.281 [Thread-4] GameCharacter checkReachGameWall():99 - Character collided with left wall: x=0
[DEBUG] Wed 2026-09-09 22:43:47.300 [Thread-4] GameCharacter checkReachGameWall():99 - Character collided with left wall: x=0
[DEBUG] Wed 2026-09-09 22:43:47.318 [Thread-4] GameCharacter checkReachGameWall():99 - Character collided with left wall: x=0
[DEBUG] Wed 2026-09-09 22:43:47.338 [Thread-4] GameCharacter checkReachGameWall():99 - Character collided with left wall: x=0
[DEBUG] Wed 2026-09-09 22:43:47.358 [Thread-4] GameCharacter checkReachGameWall():99 - Character collided with left wall: x=0
[DEBUG] Wed 2026-09-09 22:43:47.376 [Thread-4] GameCharacter checkReachGameWall():99 - Character collided with left wall: x=0
[DEBUG] Wed 2026-09-09 22:43:47.393 [Thread-4] GameCharacter checkReachGameWall():99 - Character collided with left wall: x=0
[DEBUG] Wed 2026-09-09 22:43:47.413 [Thread-4] GameCharacter checkReachGameWall():99 - Character collided with left wall: x=0
[DEBUG] Wed 2026-09-09 22:43:47.431 [Thread-4] GameCharacter checkReachGameWall():99 - Character collided with left wall: x=0
[DEBUG] Wed 2026-09-09 22:43:47.451 [Thread-4] GameCharacter checkReachGameWall():99 - Character collided with left wall: x=0
[DEBUG] Wed 2026-09-09 22:43:47.470 [Thread-4] GameCharacter checkReachGameWall():99 - Character collided with left wall: x=0
[DEBUG] Wed 2026-09-09 22:43:47.489 [Thread-4] GameCharacter checkReachGameWall():99 - Character collided with left wall: x=0
[DEBUG] Wed 2026-09-09 22:43:47.510 [Thread-4] GameCharacter checkReachGameWall():99 - Character collided with left wall: x=0
[DEBUG] Wed 2026-09-09 22:43:47.530 [Thread-4] GameCharacter checkReachGameWall():99 - Character collided with left wall: x=0
[DEBUG] Wed 2026-09-09 22:43:47.550 [Thread-4] GameCharacter checkReachGameWall():99 - Character collided with left wall: x=0
[DEBUG] Wed 2026-09-09 22:43:47.570 [Thread-4] GameCharacter checkReachGameWall():99 - Character collided with left wall: x=0
[DEBUG] Wed 2026-09-09 22:43:47.591 [Thread-4] GameCharacter checkReachGameWall():99 - Character collided with left wall: x=0
[DEBUG] Wed 2026-09-09 22:43:47.609 [Thread-4] GameCharacter checkReachGameWall():99 - Character collided with left wall: x=0
[DEBUG] Wed 2026-09-09 22:43:47.626 [Thread-4] GameCharacter checkReachGameWall():99 - Character collided with left wall: x=0
[DEBUG] Wed 2026-09-09 22:43:47.645 [Thread-4] GameCharacter checkReachGameWall():99 - Character collided with left wall: x=0
[DEBUG] Wed 2026-09-09 22:43:47.666 [Thread-4] GameCharacter checkReachGameWall():99 - Character collided with left wall: x=0
[DEBUG] Wed 2026-09-09 22:43:47.686 [Thread-4] GameCharacter checkReachGameWall():99 - Character collided with left wall: x=0
[DEBUG] Wed 2026-09-09 22:43:47.704 [Thread-4] GameCharacter checkReachGameWall():99 - Character collided with left wall: x=0
[DEBUG] Wed 2026-09-09 22:43:47.724 [Thread-4] GameCharacter checkReachGameWall():99 - Character collided with left wall: x=0
[DEBUG] Wed 2026-09-09 22:43:47.745 [Thread-4] GameCharacter checkReachGameWall():99 - Character collided with left wall: x=0
[DEBUG] Wed 2026-09-09 22:43:47.765 [Thread-4] GameCharacter checkReachGameWall():99 - Character collided with left wall: x=0
[DEBUG] Wed 2026-09-09 22:43:47.785 [Thread-4] GameCharacter checkReachGameWall():99 - Character collided with left wall: x=0
[DEBUG] Wed 2026-09-09 22:43:47.805 [Thread-4] GameCharacter checkReachGameWall():99 - Character collided with left wall: x=0
[DEBUG] Wed 2026-09-09 22:43:47.825 [Thread-4] GameCharacter checkReachGameWall():99 - Character collided with left wall: x=0
[DEBUG] Wed 2026-09-09 22:43:47.842 [Thread-4] GameCharacter checkReachGameWall():99 - Character collided with left wall: x=0
[DEBUG] Wed 2026-09-09 22:43:47.862 [Thread-4] GameCharacter checkReachGameWall():99 - Character collided with left wall: x=0
[DEBUG] Wed 2026-09-09 22:43:47.879 [Thread-4] GameCharacter checkReachGameWall():99 - Character collided with left wall: x=0
[DEBUG] Wed 2026-09-09 22:43:47.898 [Thread-4] GameCharacter checkReachGameWall():99 - Character collided with left wall: x=0
[DEBUG] Wed 2026-09-09 22:43:47.918 [Thread-4] GameCharacter checkReachGameWall():99 - Character collided with left wall: x=0
[DEBUG] Wed 2026-09-09 22:43:47.938 [Thread-4] GameCharacter checkReachGameWall():99 - Character collided with left wall: x=0
[DEBUG] Wed 2026-09-09 22:43:47.958 [Thread-4] GameCharacter checkReachGameWall():99 - Character collided with left wall: x=0
[DEBUG] Wed 2026-09-09 22:43:47.979 [Thread-4] GameCharacter checkReachGameWall():99 - Character collided with left wall: x=0
[DEBUG] Wed 2026-09-09 22:43:47.999 [Thread-4] GameCharacter checkReachGameWall():99 - Character collided with left wall: x=0
[DEBUG] Wed 2026-09-09 22:43:48.019 [Thread-4] GameCharacter checkReachGameWall():99 - Character collided with left wall: x=0
[DEBUG] Wed 2026-09-09 22:43:48.039 [Thread-4] GameCharacter checkReachGameWall():99 - Character collided with left wall: x=0
[DEBUG] Wed 2026-09-09 22:43:48.060 [Thread-4] GameCharacter checkReachGameWall():99 - Character collided with left wall: x=0
[DEBUG] Wed 2026-09-09 22:43:48.080 [Thread-4] GameCharacter checkReachGameWall():99 - Character collided with left wall: x=0
[DEBUG] Wed 2026-09-09 22:43:48.099 [Thread-4] GameCharacter checkReachGameWall():99 - Character collided with left wall: x=0
[DEBUG] Wed 2026-09-09 22:43:48.118 [Thread-4] GameCharacter checkReachGameWall():99 - Character collided with left wall: x=0
[DEBUG] Wed 2026-09-09 22:43:48.136 [Thread-4] GameCharacter checkReachGameWall():99 - Character collided with left wall: x=0
[DEBUG] Wed 2026-09-09 22:43:48.155 [Thread-4] GameCharacter checkReachGameWall():99 - Character collided with left wall: x=0
[DEBUG] Wed 2026-09-09 22:43:48.175 [Thread-4] GameCharacter checkReachGameWall():99 - Character collided with left wall: x=0
[DEBUG] Wed 2026-09-09 22:43:48.194 [Thread-4] GameCharacter checkReachGameWall():99 - Character collided with left wall: x=0
[DEBUG] Wed 2026-09-09 22:43:48.212 [Thread-4] GameCharacter checkReachGameWall():99 - Character collided with left wall: x=0
[DEBUG] Wed 2026-09-09 22:43:48.232 [Thread-4] GameCharacter checkReachGameWall():99 - Character collided with left wall: x=0
[DEBUG] Wed 2026-09-09 22:43:48.249 [Thread-4] GameCharacter checkReachGameWall():99 - Character collided with left wall: x=0
[DEBUG] Wed 2026-09-09 22:43:48.270 [Thread-4] GameCharacter checkReachGameWall():99 - Character collided with left wall: x=0
[DEBUG] Wed 2026-09-09 22:43:48.288 [Thread-4] GameCharacter checkReachGameWall():99 - Character collided with left wall: x=0
[DEBUG] Wed 2026-09-09 22:43:48.308 [Thread-4] GameCharacter checkReachGameWall():99 - Character collided with left wall: x=0
[DEBUG] Wed 2026-09-09 22:43:48.326 [Thread-4] GameCharacter checkReachGameWall():99 - Character collided with left wall: x=0
[DEBUG] Wed 2026-09-09 22:43:48.346 [Thread-4] GameCharacter checkReachGameWall():99 - Character collided with left wall: x=0
[DEBUG] Wed 2026-09-09 22:43:48.366 [Thread-4] GameCharacter checkReachGameWall():99 - Character collided with left wall: x=0
[DEBUG] Wed 2026-09-09 22:43:48.384 [Thread-4] GameCharacter checkReachGameWall():99 - Character collided with left wall: x=0
[DEBUG] Wed 2026-09-09 22:43:48.404 [Thread-4] GameCharacter checkReachGameWall():99 - Character collided with left wall: x=0
[DEBUG] Wed 2026-09-09 22:43:48.422 [Thread-4] GameCharacter checkReachGameWall():99 - Character collided with left wall: x=0
[DEBUG] Wed 2026-09-09 22:43:48.440 [Thread-4] GameCharacter checkReachGameWall():99 - Character collided with left wall: x=0
[DEBUG] Wed 2026-09-09 22:43:48.460 [Thread-4] GameCharacter checkReachGameWall():99 - Character collided with left wall: x=0
[DEBUG] Wed 2026-09-09 22:43:48.479 [Thread-4] GameCharacter checkReachGameWall():99 - Character collided with left wall: x=0
[DEBUG] Wed 2026-09-09 22:43:48.498 [Thread-4] GameCharacter checkReachGameWall():99 - Character collided with left wall: x=0
[DEBUG] Wed 2026-09-09 22:43:48.518 [Thread-4] GameCharacter checkReachGameWall():99 - Character collided with left wall: x=0
[DEBUG] Wed 2026-09-09 22:43:48.538 [Thread-4] GameCharacter checkReachGameWall():99 - Character collided with left wall: x=0
[DEBUG] Wed 2026-09-09 22:43:48.555 [Thread-4] GameCharacter checkReachGameWall():99 - Character collided with left wall: x=0
[DEBUG] Wed 2026-09-09 22:43:48.575 [Thread-4] GameCharacter checkReachGameWall():99 - Character collided with left wall: x=0
[DEBUG] Wed 2026-09-09 22:43:48.596 [Thread-4] GameCharacter checkReachGameWall():99 - Character collided with left wall: x=0
[DEBUG] Wed 2026-09-09 22:43:48.616 [Thread-4] GameCharacter checkReachGameWall():99 - Character collided with left wall: x=0
[DEBUG] Wed 2026-09-09 22:43:48.632 [Thread-4] GameCharacter checkReachGameWall():99 - Character collided with left wall: x=0
[DEBUG] Wed 2026-09-09 22:43:48.648 [Thread-4] GameCharacter checkReachGameWall():99 - Character collided with left wall: x=0
[DEBUG] Wed 2026-09-09 22:43:48.667 [Thread-4] GameCharacter checkReachGameWall():99 - Character collided with left wall: x=0
[DEBUG] Wed 2026-09-09 22:43:48.687 [Thread-4] GameCharacter checkReachGameWall():99 - Character collided with left wall: x=0
[DEBUG] Wed 2026-09-09 22:43:48.704 [Thread-4] GameCharacter checkReachGameWall():99 - Character collided with left wall: x=0
[DEBUG] Wed 2026-09-09 22:43:48.725 [Thread-4] GameCharacter checkReachGameWall():99 - Character collided with left wall: x=0
[DEBUG] Wed 2026-09-09 22:43:48.745 [Thread-4] GameCharacter checkReachGameWall():99 - Character collided with left wall: x=0
[DEBUG] Wed 2026-09-09 22:43:48.764 [Thread-4] GameCharacter checkReachGameWall():99 - Character collided with left wall: x=0
[DEBUG] Wed 2026-09-09 22:43:48.784 [Thread-4] GameCharacter checkReachGameWall():99 - Character collided with left wall: x=0
[DEBUG] Wed 2026-09-09 22:43:48.805 [Thread-4] GameCharacter checkReachGameWall():99 - Character collided with left wall: x=0
[DEBUG] Wed 2026-09-09 22:43:48.825 [Thread-4] GameCharacter checkReachGameWall():99 - Character collided with left wall: x=0
[DEBUG] Wed 2026-09-09 22:43:48.845 [Thread-4] GameCharacter checkReachGameWall():99 - Character collided with left wall: x=0
[DEBUG] Wed 2026-09-09 22:43:48.862 [Thread-4] GameCharacter checkReachGameWall():99 - Character collided with left wall: x=0
[DEBUG] Wed 2026-09-09 22:43:48.882 [Thread-4] GameCharacter checkReachGameWall():99 - Character collided with left wall: x=0
[DEBUG] Wed 2026-09-09 22:43:48.901 [Thread-4] GameCharacter checkReachGameWall():99 - Character collided with left wall: x=0
[DEBUG] Wed 2026-09-09 22:43:48.918 [Thread-4] GameCharacter checkReachGameWall():99 - Character collided with left wall: x=0
[DEBUG] Wed 2026-09-09 22:43:48.938 [Thread-4] GameCharacter checkReachGameWall():99 - Character collided with left wall: x=0
[DEBUG] Wed 2026-09-09 22:43:48.958 [Thread-4] GameCharacter checkReachGameWall():99 - Character collided with left wall: x=0
[DEBUG] Wed 2026-09-09 22:43:48.976 [Thread-4] GameCharacter checkReachGameWall():99 - Character collided with left wall: x=0
[DEBUG] Wed 2026-09-09 22:43:48.996 [Thread-4] GameCharacter checkReachGameWall():99 - Character collided with left wall: x=0
[DEBUG] Wed 2026-09-09 22:43:49.016 [Thread-4] GameCharacter checkReachGameWall():99 - Character collided with left wall: x=0
[DEBUG] Wed 2026-09-09 22:43:49.036 [Thread-4] GameCharacter checkReachGameWall():99 - Character collided with left wall: x=0
[DEBUG] Wed 2026-09-09 22:43:49.057 [Thread-4] GameCharacter checkReachGameWall():99 - Character collided with left wall: x=0
[DEBUG] Wed 2026-09-09 22:43:49.076 [Thread-4] GameCharacter checkReachGameWall():99 - Character collided with left wall: x=0
[DEBUG] Wed 2026-09-09 22:43:49.096 [Thread-4] GameCharacter checkReachGameWall():99 - Character collided with left wall: x=0
[DEBUG] Wed 2026-09-09 22:43:49.117 [Thread-4] GameCharacter checkReachGameWall():99 - Character collided with left wall: x=0
[DEBUG] Wed 2026-09-09 22:43:49.137 [Thread-4] GameCharacter checkReachGameWall():99 - Character collided with left wall: x=0
[DEBUG] Wed 2026-09-09 22:43:49.157 [Thread-4] GameCharacter checkReachGameWall():99 - Character collided with left wall: x=0
[DEBUG] Wed 2026-09-09 22:43:49.177 [Thread-4] GameCharacter checkReachGameWall():99 - Character collided with left wall: x=0
[DEBUG] Wed 2026-09-09 22:43:49.194 [Thread-4] GameCharacter checkReachGameWall():99 - Character collided with left wall: x=0
[DEBUG] Wed 2026-09-09 22:43:49.214 [Thread-4] GameCharacter checkReachGameWall():99 - Character collided with left wall: x=0
[DEBUG] Wed 2026-09-09 22:43:49.235 [Thread-4] GameCharacter checkReachGameWall():99 - Character collided with left wall: x=0
[DEBUG] Wed 2026-09-09 22:43:49.255 [Thread-4] GameCharacter checkReachGameWall():99 - Character collided with left wall: x=0
[DEBUG] Wed 2026-09-09 22:43:49.275 [Thread-4] GameCharacter checkReachGameWall():99 - Character collided with left wall: x=0
[DEBUG] Wed 2026-09-09 22:43:49.295 [Thread-4] GameCharacter checkReachGameWall():99 - Character collided with left wall: x=0
[DEBUG] Wed 2026-09-09 22:43:49.313 [Thread-4] GameCharacter checkReachGameWall():99 - Character collided with left wall: x=0
[DEBUG] Wed 2026-09-09 22:43:49.333 [Thread-4] GameCharacter checkReachGameWall():99 - Character collided with left wall: x=0
[DEBUG] Wed 2026-09-09 22:43:49.352 [Thread-4] GameCharacter checkReachGameWall():99 - Character collided with left wall: x=0
[DEBUG] Wed 2026-09-09 22:43:49.371 [Thread-4] GameCharacter checkReachGameWall():99 - Character collided with left wall: x=0
[DEBUG] Wed 2026-09-09 22:43:49.392 [Thread-4] GameCharacter checkReachGameWall():99 - Character collided with left wall: x=0
[DEBUG] Wed 2026-09-09 22:43:49.410 [Thread-4] GameCharacter checkReachGameWall():99 - Character collided with left wall: x=0
[DEBUG] Wed 2026-09-09 22:43:49.430 [Thread-4] GameCharacter checkReachGameWall():99 - Character collided with left wall: x=0
[DEBUG] Wed 2026-09-09 22:43:49.450 [Thread-4] GameCharacter checkReachGameWall():99 - Character collided with left wall: x=0
[DEBUG] Wed 2026-09-09 22:43:49.467 [Thread-4] GameCharacter checkReachGameWall():99 - Character collided with left wall: x=0
[DEBUG] Wed 2026-09-09 22:43:49.484 [Thread-4] GameCharacter checkReachGameWall():99 - Character collided with left wall: x=0
[DEBUG] Wed 2026-09-09 22:43:49.504 [Thread-4] GameCharacter checkReachGameWall():99 - Character collided with left wall: x=0
[DEBUG] Wed 2026-09-09 22:43:49.524 [Thread-4] GameCharacter checkReachGameWall():99 - Character collided with left wall: x=0
[DEBUG] Wed 2026-09-09 22:43:49.544 [Thread-4] GameCharacter checkReachGameWall():99 - Character collided with left wall: x=0
[DEBUG] Wed 2026-09-09 22:43:49.565 [Thread-4] GameCharacter checkReachGameWall():99 - Character collided with left wall: x=0
[DEBUG] Wed 2026-09-09 22:43:49.583 [Thread-4] GameCharacter checkReachGameWall():99 - Character collided with left wall: x=0
[DEBUG] Wed 2026-09-09 22:43:49.600 [Thread-4] GameCharacter checkReachGameWall():99 - Character collided with left wall: x=0
[DEBUG] Wed 2026-09-09 22:43:49.620 [Thread-4] GameCharacter checkReachGameWall():99 - Character collided with left wall: x=0
[DEBUG] Wed 2026-09-09 22:43:49.639 [Thread-4] GameCharacter checkReachGameWall():99 - Character collided with left wall: x=0
[DEBUG] Wed 2026-09-09 22:43:49.655 [Thread-4] GameCharacter checkReachGameWall():99 - Character collided with left wall: x=0
[DEBUG] Wed 2026-09-09 22:43:49.676 [Thread-4] GameCharacter checkReachGameWall():99 - Character collided with left wall: x=0
[DEBUG] Wed 2026-09-09 22:43:49.694 [Thread-4] GameCharacter checkReachGameWall():99 - Character collided with left wall: x=0
[DEBUG] Wed 2026-09-09 22:43:49.714 [Thread-4] GameCharacter checkReachGameWall():99 - Character collided with left wall: x=0
[DEBUG] Wed 2026-09-09 22:43:49.732 [Thread-4] GameCharacter checkReachGameWall():99 - Character collided with left wall: x=0
[DEBUG] Wed 2026-09-09 22:43:49.752 [Thread-4] GameCharacter checkReachGameWall():99 - Character collided with left wall: x=0
[DEBUG] Wed 2026-09-09 22:43:49.768 [Thread-4] GameCharacter checkReachGameWall():99 - Character collided with left wall: x=0
[DEBUG] Wed 2026-09-09 22:43:49.786 [Thread-4] GameCharacter checkReachGameWall():99 - Character collided with left wall: x=0
[DEBUG] Wed 2026-09-09 22:43:49.806 [Thread-4] GameCharacter checkReachGameWall():99 - Character collided with left wall: x=0
[DEBUG] Wed 2026-09-09 22:43:49.823 [Thread-4] GameCharacter checkReachGameWall():99 - Character collided with left wall: x=0
[DEBUG] Wed 2026-09-09 22:43:49.843 [Thread-4] GameCharacter checkReachGameWall():99 - Character collided with left wall: x=0
[DEBUG] Wed 2026-09-09 22:43:49.863 [Thread-4] GameCharacter checkReachGameWall():99 - Character collided with left wall: x=0
[DEBUG] Wed 2026-09-09 22:43:49.883 [Thread-4] GameCharacter checkReachGameWall():99 - Character collided with left wall: x=0
[DEBUG] Wed 2026-09-09 22:43:49.902 [Thread-4] GameCharacter checkReachGameWall():99 - Character collided with left wall: x=0
[DEBUG] Wed 2026-09-09 22:43:49.922 [Thread-4] GameCharacter checkReachGameWall():99 - Character collided with left wall: x=0
[DEBUG] Wed 2026-09-09 22:43:49.943 [Thread-4] GameCharacter checkReachGameWall():99 - Character collided with left wall: x=0
[DEBUG] Wed 2026-09-09 22:43:49.963 [Thread-4] GameCharacter checkReachGameWall():99 - Character collided with left wall: x=0
[DEBUG] Wed 2026-09-09 22:43:49.981 [Thread-4] GameCharacter checkReachGameWall():99 - Character collided with left wall: x=0
[DEBUG] Wed 2026-09-09 22:43:50.001 [Thread-4] GameCharacter checkReachGameWall():99 - Character collided with left wall: x=0
[DEBUG] Wed 2026-09-09 22:43:50.018 [Thread-4] GameCharacter checkReachGameWall():99 - Character collided with left wall: x=0
[DEBUG] Wed 2026-09-09 22:43:50.038 [Thread-4] GameCharacter checkReachGameWall():99 - Character collided with left wall: x=0
[DEBUG] Wed 2026-09-09 22:43:50.058 [Thread-4] GameCharacter checkReachGameWall():99 - Character collided with left wall: x=0
[DEBUG] Wed 2026-09-09 22:43:50.078 [Thread-4] GameCharacter checkReachGameWall():99 - Character collided with left wall: x=0
[DEBUG] Wed 2026-09-09 22:43:50.099 [Thread-4] GameCharacter checkReachGameWall():99 - Character collided with left wall: x=0
[DEBUG] Wed 2026-09-09 22:43:50.119 [Thread-4] GameCharacter checkReachGameWall():99 - Character collided with left wall: x=0
[DEBUG] Wed 2026-09-09 22:43:50.139 [Thread-4] GameCharacter checkReachGameWall():99 - Character collided with left wall: x=0
[DEBUG] Wed 2026-09-09 22:43:50.158 [Thread-4] GameCharacter checkReachGameWall():99 - Character collided with left wall: x=0
[DEBUG] Wed 2026-09-09 22:43:50.179 [Thread-4] GameCharacter checkReachGameWall():99 - Character collided with left wall: x=0
[DEBUG] Wed 2026-09-09 22:43:50.196 [Thread-4] GameCharacter checkReachGameWall():99 - Character collided with left wall: x=0
[DEBUG] Wed 2026-09-09 22:43:50.216 [Thread-4] GameCharacter checkReachGameWall():99 - Character collided with left wall: x=0
[DEBUG] Wed 2026-09-09 22:43:50.236 [Thread-4] GameCharacter checkReachGameWall():99 - Character collided with left wall: x=0
[DEBUG] Wed 2026-09-09 22:43:50.256 [Thread-4] GameCharacter checkReachGameWall():99 - Character collided with left wall: x=0
[DEBUG] Wed 2026-09-09 22:43:50.277 [Thread-4] GameCharacter checkReachGameWall():99 - Character collided with left wall: x=0
[DEBUG] Wed 2026-09-09 22:43:50.296 [Thread-4] GameCharacter checkReachGameWall():99 - Character collided with left wall: x=0
[DEBUG] Wed 2026-09-09 22:43:50.315 [Thread-4] GameCharacter checkReachGameWall():99 - Character collided with left wall: x=0
[DEBUG] Wed 2026-09-09 22:43:50.335 [Thread-4] GameCharacter checkReachGameWall():99 - Character collided with left wall: x=0
[DEBUG] Wed 2026-09-09 22:43:50.355 [Thread-4] GameCharacter checkReachGameWall():99 - Character collided with left wall: x=0
[DEBUG] Wed 2026-09-09 22:43:50.375 [Thread-4] GameCharacter checkReachGameWall():99 - Character collided with left wall: x=0
[DEBUG] Wed 2026-09-09 22:43:50.393 [Thread-4] GameCharacter checkReachGameWall():99 - Character collided with left wall: x=0
[DEBUG] Wed 2026-09-09 22:43:50.410 [Thread-4] GameCharacter checkReachGameWall():99 - Character collided with left wall: x=0
[DEBUG] Wed 2026-09-09 22:43:50.430 [Thread-4] GameCharacter checkReachGameWall():99 - Character collided with left wall: x=0
[DEBUG] Wed 2026-09-09 22:43:50.449 [Thread-4] GameCharacter checkReachGameWall():99 - Character collided with left wall: x=0
[DEBUG] Wed 2026-09-09 22:43:50.468 [Thread-4] GameCharacter checkReachGameWall():99 - Character collided with left wall: x=0
[DEBUG] Wed 2026-09-09 22:43:50.489 [Thread-4] GameCharacter checkReachGameWall():99 - Character collided with left wall: x=0
[DEBUG] Wed 2026-09-09 22:43:50.506 [Thread-4] GameCharacter checkReachGameWall():99 - Character collided with left wall: x=0
[DEBUG] Wed 2026-09-09 22:43:50.524 [Thread-4] GameCharacter checkReachGameWall():99 - Character collided with left wall: x=0
[DEBUG] Wed 2026-09-09 22:43:50.544 [Thread-4] GameCharacter checkReachGameWall():99 - Character collided with left wall: x=0
[DEBUG] Wed 2026-09-09 22:43:50.561 [Thread-4] GameCharacter checkReachGameWall():99 - Character collided with left wall: x=0
[DEBUG] Wed 2026-09-09 22:43:50.581 [Thread-4] GameCharacter checkReachGameWall():99 - Character collided with left wall: x=0
[DEBUG] Wed 2026-09-09 22:43:50.601 [Thread-4] GameCharacter checkReachGameWall():99 - Character collided with left wall: x=0
[DEBUG] Wed 2026-09-09 22:43:50.619 [Thread-4] GameCharacter checkReachGameWall():99 - Character collided with left wall: x=0
[DEBUG] Wed 2026-09-09 22:43:50.640 [Thread-4] GameCharacter checkReachGameWall():99 - Character collided with left wall: x=0
[DEBUG] Wed 2026-09-09 22:43:50.659 [Thread-4] GameCharacter checkReachGameWall():99 - Character collided with left wall: x=0
[DEBUG] Wed 2026-09-09 22:43:50.677 [Thread-4] GameCharacter checkReachGameWall():99 - Character collided with left wall: x=0
[DEBUG] Wed 2026-09-09 22:43:50.697 [Thread-4] GameCharacter checkReachGameWall():99 - Character collided with left wall: x=0
[DEBUG] Wed 2026-09-09 22:43:50.717 [Thread-4] GameCharacter checkReachGameWall():99 - Character collided with left wall: x=0
[DEBUG] Wed 2026-09-09 22:43:50.735 [Thread-4] GameCharacter checkReachGameWall():99 - Character collided with left wall: x=0
[DEBUG] Wed 2026-09-09 22:43:50.753 [Thread-4] GameCharacter checkReachGameWall():99 - Character collided with left wall: x=0
[DEBUG] Wed 2026-09-09 22:43:50.771 [Thread-4] GameCharacter checkReachGameWall():99 - Character collided with left wall: x=0
[DEBUG] Wed 2026-09-09 22:43:50.789 [Thread-4] GameCharacter checkReachGameWall():99 - Character collided with left wall: x=0
[DEBUG] Wed 2026-09-09 22:43:50.809 [Thread-4] GameCharacter checkReachGameWall():99 - Character collided with left wall: x=0
[DEBUG] Wed 2026-09-09 22:43:50.827 [Thread-4] GameCharacter checkReachGameWall():99 - Character collided with left wall: x=0
[DEBUG] Wed 2026-09-09 22:43:50.844 [Thread-4] GameCharacter checkReachGameWall():99 - Character collided with left wall: x=0
[DEBUG] Wed 2026-09-09 22:43:50.863 [Thread-4] GameCharacter checkReachGameWall():99 - Character collided with left wall: x=0
[DEBUG] Wed 2026-09-09 22:43:50.880 [Thread-4] GameCharacter checkReachGameWall():99 - Character collided with left wall: x=0
[DEBUG] Wed 2026-09-09 22:43:50.899 [Thread-4] GameCharacter checkReachGameWall():99 - Character collided with left wall: x=0
[DEBUG] Wed 2026-09-09 22:43:50.920 [Thread-4] GameCharacter checkReachGameWall():99 - Character collided with left wall: x=0
[DEBUG] Wed 2026-09-09 22:43:50.939 [Thread-4] GameCharacter checkReachGameWall():99 - Character collided with left wall: x=0
[DEBUG] Wed 2026-09-09 22:43:50.959 [Thread-4] GameCharacter checkReachGameWall():99 - Character collided with left wall: x=0
[DEBUG] Wed 2026-09-09 22:43:50.979 [Thread-4] GameCharacter checkReachGameWall():99 - Character collided with left wall: x=0
[DEBUG] Wed 2026-09-09 22:43:51.001 [Thread-4] GameCharacter checkReachGameWall():99 - Character collided with left wall: x=0
[DEBUG] Wed 2026-09-09 22:43:51.024 [Thread-4] GameCharacter checkReachGameWall():99 - Character collided with left wall: x=0
[DEBUG] Wed 2026-09-09 22:43:51.043 [Thread-4] GameCharacter checkReachGameWall():99 - Character collided with left wall: x=0
[DEBUG] Wed 2026-09-09 22:43:51.059 [Thread-4] GameCharacter checkReachGameWall():99 - Character collided with left wall: x=0
[DEBUG] Wed 2026-09-09 22:43:51.080 [Thread-4] GameCharacter checkReachGameWall():99 - Character collided with left wall: x=0
[DEBUG] Wed 2026-09-09 22:43:51.096 [Thread-4] GameCharacter checkReachGameWall():99 - Character collided with left wall: x=0
[DEBUG] Wed 2026-09-09 22:43:51.116 [Thread-4] GameCharacter checkReachGameWall():99 - Character collided with left wall: x=0
[DEBUG] Wed 2026-09-09 22:43:51.136 [Thread-4] GameCharacter checkReachGameWall():99 - Character collided with left wall: x=0
[DEBUG] Wed 2026-09-09 22:43:51.155 [Thread-4] GameCharacter checkReachGameWall():99 - Character collided with left wall: x=0
[DEBUG] Wed 2026-09-09 22:43:51.172 [Thread-4] GameCharacter checkReachGameWall():99 - Character collided with left wall: x=0
[DEBUG] Wed 2026-09-09 22:43:51.192 [Thread-4] GameCharacter checkReachGameWall():99 - Character collided with left wall: x=0
[DEBUG] Wed 2026-09-09 22:43:51.208 [Thread-4] GameCharacter checkReachGameWall():99 - Character collided with left wall: x=0
[DEBUG] Wed 2026-09-09 22:43:51.227 [Thread-4] GameCharacter checkReachGameWall():99 - Character collided with left wall: x=0
[DEBUG] Wed 2026-09-09 22:43:51.244 [Thread-4] GameCharacter checkReachGameWall():99 - Character collided with left wall: x=0
[DEBUG] Wed 2026-09-09 22:43:51.264 [Thread-4] GameCharacter checkReachGameWall():99 - Character collided with left wall: x=0
[DEBUG] Wed 2026-09-09 22:43:51.285 [Thread-4] GameCharacter checkReachGameWall():99 - Character collided with left wall: x=0
[DEBUG] Wed 2026-09-09 22:43:51.304 [Thread-4] GameCharacter checkReachGameWall():99 - Character collided with left wall: x=0
[DEBUG] Wed 2026-09-09 22:43:51.324 [Thread-4] GameCharacter checkReachGameWall():99 - Character collided with left wall: x=0
[DEBUG] Wed 2026-09-09 22:43:51.345 [Thread-4] GameCharacter checkReachGameWall():99 - Character collided with left wall: x=0
[DEBUG] Wed 2026-09-09 22:43:51.365 [Thread-4] GameCharacter checkReachGameWall():99 - Character collided with left wall: x=0
[DEBUG] Wed 2026-09-09 22:43:51.383 [Thread-4] GameCharacter checkReachGameWall():99 - Character collided with left wall: x=0
[DEBUG] Wed 2026-09-09 22:43:51.403 [Thread-4] GameCharacter checkReachGameWall():99 - Character collided with left wall: x=0
[DEBUG] Wed 2026-09-09 22:43:51.421 [Thread-4] GameCharacter checkReachGameWall():99 - Character collided with left wall: x=0
[DEBUG] Wed 2026-09-09 22:43:51.440 [Thread-4] GameCharacter checkReachGameWall():99 - Character collided with left wall: x=0
[DEBUG] Wed 2026-09-09 22:43:51.461 [Thread-4] GameCharacter checkReachGameWall():99 - Character collided with left wall: x=0
[DEBUG] Wed 2026-09-09 22:43:51.478 [Thread-4] GameCharacter checkReachGameWall():99 - Character collided with left wall: x=0
[DEBUG] Wed 2026-09-09 22:43:51.498 [Thread-4] GameCharacter checkReachGameWall():99 - Character collided with left wall: x=0
[DEBUG] Wed 2026-09-09 22:43:51.514 [Thread-4] GameCharacter checkReachGameWall():99 - Character collided with left wall: x=0
[DEBUG] Wed 2026-09-09 22:43:51.532 [Thread-4] GameCharacter checkReachGameWall():99 - Character collided with left wall: x=0
[DEBUG] Wed 2026-09-09 22:43:51.552 [Thread-4] GameCharacter checkReachGameWall():99 - Character collided with left wall: x=0
[DEBUG] Wed 2026-09-09 22:43:51.571 [Thread-4] GameCharacter checkReachGameWall():99 - Character collided with left wall: x=0
[DEBUG] Wed 2026-09-09 22:43:51.589 [Thread-4] GameCharacter checkReachGameWall():99 - Character collided with left wall: x=0
[DEBUG] Wed 2026-09-09 22:43:51.605 [Thread-4] GameCharacter checkReachGameWall():99 - Character collided with left wall: x=0
[DEBUG] Wed 2026-09-09 22:43:51.624 [Thread-4] GameCharacter checkReachGameWall():99 - Character collided with left wall: x=0
[DEBUG] Wed 2026-09-09 22:43:51.644 [Thread-4] GameCharacter checkReachGameWall():99 - Character collided with left wall: x=0
[DEBUG] Wed 2026-09-09 22:43:51.664 [Thread-4] GameCharacter checkReachGameWall():99 - Character collided with left wall: x=0
[DEBUG] Wed 2026-09-09 22:43:51.684 [Thread-4] GameCharacter checkReachGameWall():99 - Character collided with left wall: x=0
[DEBUG] Wed 2026-09-09 22:43:51.701 [Thread-4] GameCharacter checkReachGameWall():99 - Character collided with left wall: x=0
[DEBUG] Wed 2026-09-09 22:43:51.721 [Thread-4] GameCharacter checkReachGameWall():99 - Character collided with left wall: x=0
[DEBUG] Wed 2026-09-09 22:43:51.738 [Thread-4] GameCharacter checkReachGameWall():99 - Character collided with left wall: x=0
[DEBUG] Wed 2026-09-09 22:43:51.757 [Thread-4] GameCharacter checkReachGameWall():99 - Character collided with left wall: x=0
[DEBUG] Wed 2026-09-09 22:43:51.777 [Thread-4] GameCharacter checkReachGameWall():99 - Character collided with left wall: x=0
[DEBUG] Wed 2026-09-09 22:43:51.797 [Thread-4] GameCharacter checkReachGameWall():99 - Character collided with left wall: x=0
[DEBUG] Wed 2026-09-09 22:43:51.817 [Thread-4] GameCharacter checkReachGameWall():99 - Character collided with left wall: x=0
[DEBUG] Wed 2026-09-09 22:43:51.836 [Thread-4] GameCharacter checkReachGameWall():99 - Character collided with left wall: x=0
[DEBUG] Wed 2026-09-09 22:43:51.852 [Thread-4] GameCharacter checkReachGameWall():99 - Character collided with left wall: x=0
[DEBUG] Wed 2026-09-09 22:43:51.871 [Thread-4] GameCharacter checkReachGameWall():99 - Character collided with left wall: x=0
[DEBUG] Wed 2026-09-09 22:43:51.891 [Thread-4] GameCharacter checkReachGameWall():99 - Character collided with left wall: x=0
[DEBUG] Wed 2026-09-09 22:43:51.909 [Thread-4] GameCharacter checkReachGameWall():99 - Character collided with left wall: x=0
[DEBUG] Wed 2026-09-09 22:43:51.925 [Thread-4] GameCharacter checkReachGameWall():99 - Character collided with left wall: x=0
[DEBUG] Wed 2026-09-09 22:43:51.943 [Thread-4] GameCharacter checkReachGameWall():99 - Character collided with left wall: x=0
[DEBUG] Wed 2026-09-09 22:43:51.963 [Thread-4] GameCharacter checkReachGameWall():99 - Character collided with left wall: x=0
[DEBUG] Wed 2026-09-09 22:43:51.983 [Thread-4] GameCharacter checkReachGameWall():99 - Character collided with left wall: x=0
[DEBUG] Wed 2026-09-09 22:43:52.000 [Thread-4] GameCharacter checkReachGameWall():99 - Character collided with left wall: x=0
[DEBUG] Wed 2026-09-09 22:43:52.018 [Thread-4] GameCharacter checkReachGameWall():99 - Character collided with left wall: x=0
[DEBUG] Wed 2026-09-09 22:43:52.037 [Thread-4] GameCharacter checkReachGameWall():99 - Character collided with left wall: x=0
[DEBUG] Wed 2026-09-09 22:43:52.054 [Thread-4] GameCharacter checkReachGameWall():99 - Character collided with left wall: x=0
[DEBUG] Wed 2026-09-09 22:43:52.073 [Thread-4] GameCharacter checkReachGameWall():99 - Character collided with left wall: x=0
[DEBUG] Wed 2026-09-09 22:43:52.094 [Thread-4] GameCharacter checkReachGameWall():99 - Character collided with left wall: x=0
[DEBUG] Wed 2026-09-09 22:43:52.113 [Thread-4] GameCharacter checkReachGameWall():99 - Character collided with left wall: x=0
[DEBUG] Wed 2026-09-09 22:43:52.132 [Thread-4] GameCharacter checkReachGameWall():99 - Character collided with left wall: x=0
[DEBUG] Wed 2026-09-09 22:43:52.149 [Thread-4] GameCharacter checkReachGameWall():99 - Character collided with left wall: x=0
[DEBUG] Wed 2026-09-09 22:43:52.166 [Thread-4] GameCharacter checkReachGameWall():99 - Character collided with left wall: x=0
[DEBUG] Wed 2026-09-09 22:43:52.186 [Thread-4] GameCharacter checkReachGameWall():99 - Character collided with left wall: x=0
[DEBUG] Wed 2026-09-09 22:43:52.205 [Thread-4] GameCharacter checkReachGameWall():99 - Character collided with left wall: x=0
[DEBUG] Wed 2026-09-09 22:43:52.223 [Thread-4] GameCharacter checkReachGameWall():99 - Character collided with left wall: x=0
[DEBUG] Wed 2026-09-09 22:43:52.244 [Thread-4] GameCharacter checkReachGameWall():99 - Character collided with left wall: x=0
[DEBUG] Wed 2026-09-09 22:43:52.263 [Thread-4] GameCharacter checkReachGameWall():99 - Character collided with left wall: x=0
[DEBUG] Wed 2026-09-09 22:43:52.282 [Thread-4] GameCharacter checkReachGameWall():99 - Character collided with left wall: x=0
[DEBUG] Wed 2026-09-09 22:43:52.300 [Thread-4] GameCharacter checkReachGameWall():99 - Character collided with left wall: x=0
[DEBUG] Wed 2026-09-09 22:43:52.317 [Thread-4] GameCharacter checkReachGameWall():99 - Character collided with left wall: x=0
[DEBUG] Wed 2026-09-09 22:43:52.338 [Thread-4] GameCharacter checkReachGameWall():99 - Character collided with left wall: x=0
[DEBUG] Wed 2026-09-09 22:43:52.355 [Thread-4] GameCharacter checkReachGameWall():99 - Character collided with left wall: x=0
[DEBUG] Wed 2026-09-09 22:43:52.376 [Thread-4] GameCharacter checkReachGameWall():99 - Character collided with left wall: x=0
[DEBUG] Wed 2026-09-09 22:43:52.397 [Thread-4] GameCharacter checkReachGameWall():99 - Character collided with left wall: x=0
[DEBUG] Wed 2026-09-09 22:43:52.416 [Thread-4] GameCharacter checkReachGameWall():99 - Character collided with left wall: x=0
[DEBUG] Wed 2026-09-09 22:43:52.436 [Thread-4] GameCharacter checkReachGameWall():99 - Character collided with left wall: x=0
[DEBUG] Wed 2026-09-09 22:43:52.454 [Thread-4] GameCharacter checkReachGameWall():99 - Character collided with left wall: x=0
[DEBUG] Wed 2026-09-09 22:43:52.474 [Thread-4] GameCharacter checkReachGameWall():99 - Character collided with left wall: x=0
[DEBUG] Wed 2026-09-09 22:43:52.490 [Thread-4] GameCharacter checkReachGameWall():99 - Character collided with left wall: x=0
[DEBUG] Wed 2026-09-09 22:43:52.510 [Thread-4] GameCharacter checkReachGameWall():99 - Character collided with left wall: x=0
[DEBUG] Wed 2026-09-09 22:43:52.530 [Thread-4] GameCharacter checkReachGameWall():99 - Character collided with left wall: x=0
[DEBUG] Wed 2026-09-09 22:43:52.546 [Thread-4] GameCharacter checkReachGameWall():99 - Character collided with left wall: x=0
[DEBUG] Wed 2026-09-09 22:43:52.567 [Thread-4] GameCharacter checkReachGameWall():99 - Character collided with left wall: x=0
[DEBUG] Wed 2026-09-09 22:43:52.584 [Thread-4] GameCharacter checkReachGameWall():99 - Character collided with left wall: x=0
[DEBUG] Wed 2026-09-09 22:43:52.605 [Thread-4] GameCharacter checkReachGameWall():99 - Character collided with left wall: x=0
[DEBUG] Wed 2026-09-09 22:43:52.625 [Thread-4] GameCharacter checkReachGameWall():99 - Character collided with left wall: x=0
[DEBUG] Wed 2026-09-09 22:43:52.645 [Thread-4] GameCharacter checkReachGameWall():99 - Character collided with left wall: x=0
[DEBUG] Wed 2026-09-09 22:43:52.665 [Thread-4] GameCharacter checkReachGameWall():99 - Character collided with left wall: x=0
[DEBUG] Wed 2026-09-09 22:43:52.685 [Thread-4] GameCharacter checkReachGameWall():99 - Character collided with left wall: x=0
[DEBUG] Wed 2026-09-09 22:43:52.702 [Thread-4] GameCharacter checkReachGameWall():99 - Character collided with left wall: x=0
[DEBUG] Wed 2026-09-09 22:43:52.722 [Thread-4] GameCharacter checkReachGameWall():99 - Character collided with left wall: x=0
[DEBUG] Wed 2026-09-09 22:43:52.742 [Thread-4] GameCharacter checkReachGameWall():99 - Character collided with left wall: x=0
[DEBUG] Wed 2026-09-09 22:43:52.762 [Thread-4] GameCharacter checkReachGameWall():99 - Character collided with left wall: x=0
[DEBUG] Wed 2026-09-09 22:43:52.783 [Thread-4] GameCharacter checkReachGameWall():99 - Character collided with left wall: x=0
[DEBUG] Wed 2026-09-09 22:43:52.803 [Thread-4] GameCharacter checkReachGameWall():99 - Character collided with left wall: x=0
[DEBUG] Wed 2026-09-09 22:43:52.822 [Thread-4] GameCharacter checkReachGameWall():99 - Character collided with left wall: x=0
[DEBUG] Wed 2026-09-09 22:43:52.841 [Thread-4] GameCharacter checkReachGameWall():99 - Character collided with left wall: x=0
[DEBUG] Wed 2026-09-09 22:43:52.860 [Thread-4] GameCharacter checkReachGameWall():99 - Character collided with left wall: x=0
[DEBUG] Wed 2026-09-09 22:43:52.880 [Thread-4] GameCharacter checkReachGameWall():99 - Character collided with left wall: x=0
[DEBUG] Wed 2026-09-09 22:43:52.900 [Thread-4] GameCharacter checkReachGameWall():99 - Character collided with left wall: x=0
[DEBUG] Wed 2026-09-09 22:43:52.917 [Thread-4] GameCharacter checkReachGameWall():99 - Character collided with left wall: x=0
[DEBUG] Wed 2026-09-09 22:43:52.937 [Thread-4] GameCharacter checkReachGameWall():99 - Character collided with left wall: x=0
[DEBUG] Wed 2026-09-09 22:43:52.955 [Thread-4] GameCharacter checkReachGameWall():99 - Character collided with left wall: x=0
[DEBUG] Wed 2026-09-09 22:43:52.975 [Thread-4] GameCharacter checkReachGameWall():99 - Character collided with left wall: x=0
[DEBUG] Wed 2026-09-09 22:43:52.993 [Thread-4] GameCharacter checkReachGameWall():99 - Character collided with left wall: x=0
[DEBUG] Wed 2026-09-09 22:43:53.013 [Thread-4] GameCharacter checkReachGameWall():99 - Character collided with left wall: x=0
[DEBUG] Wed 2026-09-09 22:43:53.033 [Thread-4] GameCharacter checkReachGameWall():99 - Character collided with left wall: x=0
[DEBUG] Wed 2026-09-09 22:43:53.053 [Thread-4] GameCharacter checkReachGameWall():99 - Character collided with left wall: x=0
[DEBUG] Wed 2026-09-09 22:43:53.073 [Thread-4] GameCharacter checkReachGameWall():99 - Character collided with left wall: x=0
[DEBUG] Wed 2026-09-09 22:43:53.093 [Thread-4] GameCharacter checkReachGameWall():99 - Character collided with left wall: x=0
[DEBUG] Wed 2026-09-09 22:43:53.110 [Thread-4] GameCharacter checkReachGameWall():99 - Character collided with left wall: x=0
[DEBUG] Wed 2026-09-09 22:43:53.130 [Thread-4] GameCharacter checkReachGameWall():99 - Character collided with left wall: x=0
[DEBUG] Wed 2026-09-09 22:43:53.149 [Thread-4] GameCharacter checkReachGameWall():99 - Character collided with left wall: x=0
[DEBUG] Wed 2026-09-09 22:43:53.169 [Thread-4] GameCharacter checkReachGameWall():99 - Character collided with left wall: x=0
[DEBUG] Wed 2026-09-09 22:43:53.188 [Thread-4] GameCharacter checkReachGameWall():99 - Character collided with left wall: x=0
[DEBUG] Wed 2026-09-09 22:43:53.206 [Thread-4] GameCharacter checkReachGameWall():99 - Character collided with left wall: x=0
[DEBUG] Wed 2026-09-09 22:43:53.227 [Thread-4] GameCharacter checkReachGameWall():99 - Character collided with left wall: x=0
[DEBUG] Wed 2026-09-09 22:43:53.247 [Thread-4] GameCharacter checkReachGameWall():99 - Character collided with left wall: x=0
[DEBUG] Wed 2026-09-09 22:43:53.267 [Thread-4] GameCharacter checkReachGameWall():99 - Character collided with left wall: x=0
[DEBUG] Wed 2026-09-09 22:43:53.286 [Thread-4] GameCharacter checkReachGameWall():99 - Character collided with left wall: x=0
[DEBUG] Wed 2026-09-09 22:43:53.306 [Thread-4] GameCharacter checkReachGameWall():99 - Character collided with left wall: x=0
[DEBUG] Wed 2026-09-09 22:43:53.326 [Thread-4] GameCharacter checkReachGameWall():99 - Character collided with left wall: x=0
[DEBUG] Wed 2026-09-09 22:43:53.346 [Thread-4] GameCharacter checkReachGameWall():99 - Character collided with left wall: x=0
[DEBUG] Wed 2026-09-09 22:43:53.363 [Thread-4] GameCharacter checkReachGameWall():99 - Character collided with left wall: x=0
[DEBUG] Wed 2026-09-09 22:43:53.380 [Thread-4] GameCharacter checkReachGameWall():99 - Character collided with left wall: x=0
[DEBUG] Wed 2026-09-09 22:43:53.400 [Thread-4] GameCharacter checkReachGameWall():99 - Character collided with left wall: x=0
[DEBUG] Wed 2026-09-09 22:43:53.420 [Thread-4] GameCharacter checkReachGameWall():99 - Character collided with left wall: x=0
[DEBUG] Wed 2026-09-09 22:43:53.441 [Thread-4] GameCharacter checkReachGameWall():99 - Character collided with left wall: x=0
[DEBUG] Wed 2026-09-09 22:43:53.461 [Thread-4] GameCharacter checkReachGameWall():99 - Character collided with left wall: x=0
[DEBUG] Wed 2026-09-09 22:43:53.481 [Thread-4] GameCharacter checkReachGameWall():99 - Character collided with left wall: x=0
[DEBUG] Wed 2026-09-09 22:43:53.501 [Thread-4] GameCharacter checkReachGameWall():99 - Character collided with left wall: x=0
[DEBUG] Wed 2026-09-09 22:43:53.521 [Thread-4] GameCharacter checkReachGameWall():99 - Character collided with left wall: x=0
[DEBUG] Wed 2026-09-09 22:43:53.540 [Thread-4] GameCharacter checkReachGameWall():99 - Character collided with left wall: x=0
[DEBUG] Wed 2026-09-09 22:43:53.556 [Thread-4] GameCharacter checkReachGameWall():99 - Character collided with left wall: x=0
[DEBUG] Wed 2026-09-09 22:43:53.576 [Thread-4] GameCharacter checkReachGameWall():99 - Character collided with left wall: x=0
[DEBUG] Wed 2026-09-09 22:43:53.596 [Thread-4] GameCharacter checkReachGameWall():99 - Character collided with left wall: x=0
[DEBUG] Wed 2026-09-09 22:43:53.612 [Thread-4] GameCharacter checkReachGameWall():99 - Character collided with left wall: x=0
[DEBUG] Wed 2026-09-09 22:43:53.630 [Thread-4] GameCharacter checkReachGameWall():99 - Character collided with left wall: x=0
[DEBUG] Wed 2026-09-09 22:43:53.650 [Thread-4] GameCharacter checkReachGameWall():99 - Character collided with left wall: x=0
[DEBUG] Wed 2026-09-09 22:43:53.667 [Thread-4] GameCharacter checkReachGameWall():99 - Character collided with left wall: x=0
[DEBUG] Wed 2026-09-09 22:43:53.687 [Thread-4] GameCharacter checkReachGameWall():99 - Character collided with left wall: x=0
[DEBUG] Wed 2026-09-09 22:43:53.705 [Thread-4] GameCharacter checkReachGameWall():99 - Character collided with left wall: x=0
[DEBUG] Wed 2026-09-09 22:43:53.725 [Thread-4] GameCharacter checkReachGameWall():99 - Character collided with left wall: x=0
[DEBUG] Wed 2026-09-09 22:43:53.744 [Thread-4] GameCharacter checkReachGameWall():99 - Character collided with left wall: x=0
[DEBUG] Wed 2026-09-09 22:43:53.762 [Thread-4] GameCharacter checkReachGameWall():99 - Character collided with left wall: x=0
[DEBUG] Wed 2026-09-09 22:43:53.782 [Thread-4] GameCharacter checkReachGameWall():99 - Character collided with left wall: x=0
[DEBUG] Wed 2026-09-09 22:43:53.799 [Thread-4] GameCharacter checkReachGameWall():99 - Character collided with left wall: x=0
[DEBUG] Wed 2026-09-09 22:43:53.818 [Thread-4] GameCharacter checkReachGameWall():99 - Character collided with left wall: x=0
[DEBUG] Wed 2026-09-09 22:43:53.837 [Thread-4] GameCharacter checkReachGameWall():99 - Character collided with left wall: x=0
[DEBUG] Wed 2026-09-09 22:43:53.854 [Thread-4] GameCharacter checkReachGameWall():99 - Character collided with left wall: x=0
[DEBUG] Wed 2026-09-09 22:43:53.874 [Thread-4] GameCharacter checkReachGameWall():99 - Character collided with left wall: x=0
[DEBUG] Wed 2026-09-09 22:43:53.891 [Thread-4] GameCharacter checkReachGameWall():99 - Character collided with left wall: x=0
[DEBUG] Wed 2026-09-09 22:43:53.909 [Thread-4] GameCharacter checkReachGameWall():99 - Character collided with left wall: x=0
[DEBUG] Wed 2026-09-09 22:43:53.929 [Thread-4] GameCharacter checkReachGameWall():99 - Character collided with left wall: x=0
[DEBUG] Wed 2026-09-09 22:43:53.949 [Thread-4] GameCharacter checkReachGameWall():99 - Character collided with left wall: x=0
[DEBUG] Wed 2026-09-09 22:43:53.966 [Thread-4] GameCharacter checkReachGameWall():99 - Character collided with left wall: x=0
[DEBUG] Wed 2026-09-09 22:43:53.986 [Thread-4] GameCharacter checkReachGameWall():99 - Character collided with left wall: x=0
[DEBUG] Wed 2026-09-09 22:43:54.006 [Thread-4] GameCharacter checkReachGameWall():99 - Character collided with left wall: x=0
[DEBUG] Wed 2026-09-09 22:43:54.025 [Thread-4] GameCharacter checkReachGameWall():99 - Character collided with left wall: x=0
[DEBUG] Wed 2026-09-09 22:43:54.043 [Thread-4] GameCharacter checkReachGameWall():99 - Character collided with left wall: x=0
[DEBUG] Wed 2026-09-09 22:43:54.063 [Thread-4] GameCharacter checkReachGameWall():99 - Character collided with left wall: x=0
[DEBUG] Wed 2026-09-09 22:43:54.083 [Thread-4] GameCharacter checkReachGameWall():99 - Character collided with left wall: x=0
[DEBUG] Wed 2026-09-09 22:43:54.103 [Thread-4] GameCharacter checkReachGameWall():99 - Character collided with left wall: x=0
[DEBUG] Wed 2026-09-09 22:43:54.122 [Thread-4] GameCharacter checkReachGameWall():99 - Character collided with left wall: x=0
[DEBUG] Wed 2026-09-09 22:43:54.142 [Thread-4] GameCharacter checkReachGameWall():99 - Character collided with left wall: x=0
[DEBUG] Wed 2026-09-09 22:43:54.161 [Thread-4] GameCharacter checkReachGameWall():99 - Character collided with left wall: x=0
[DEBUG] Wed 2026-09-09 22:43:54.181 [Thread-4] GameCharacter checkReachGameWall():99 - Character collided with left wall: x=0
[DEBUG] Wed 2026-09-09 22:43:54.201 [Thread-4] GameCharacter checkReachGameWall():99 - Character collided with left wall: x=0
[DEBUG] Wed 2026-09-09 22:43:54.218 [Thread-4] GameCharacter checkReachGameWall():99 - Character collided with left wall: x=0
[DEBUG] Wed 2026-09-09 22:43:54.238 [Thread-4] GameCharacter checkReachGameWall():99 - Character collided with left wall: x=0
[DEBUG] Wed 2026-09-09 22:43:54.255 [Thread-4] GameCharacter checkReachGameWall():99 - Character collided with left wall: x=0
[DEBUG] Wed 2026-09-09 22:43:54.271 [Thread-4] GameCharacter checkReachGameWall():99 - Character collided with left wall: x=0
[DEBUG] Wed 2026-09-09 22:43:54.288 [Thread-4] GameCharacter checkReachGameWall():99 - Character collided with left wall: x=0
[DEBUG] Wed 2026-09-09 22:43:54.308 [Thread-4] GameCharacter checkReachGameWall():99 - Character collided with left wall: x=0
[DEBUG] Wed 2026-09-09 22:43:54.328 [Thread-4] GameCharacter checkReachGameWall():99 - Character collided with left wall: x=0
[DEBUG] Wed 2026-09-09 22:43:54.348 [Thread-4] GameCharacter checkReachGameWall():99 - Character collided with left wall: x=0
[DEBUG] Wed 2026-09-09 22:43:54.367 [Thread-4] GameCharacter checkReachGameWall():99 - Character collided with left wall: x=0
[DEBUG] Wed 2026-09-09 22:43:54.387 [Thread-4] GameCharacter checkReachGameWall():99 - Character collided with left wall: x=0
[DEBUG] Wed 2026-09-09 22:43:54.405 [Thread-4] GameCharacter checkReachGameWall():99 - Character collided with left wall: x=0
[DEBUG] Wed 2026-09-09 22:43:54.425 [Thread-4] GameCharacter checkReachGameWall():99 - Character collided with left wall: x=0
[DEBUG] Wed 2026-09-09 22:43:54.445 [Thread-4] GameCharacter checkReachGameWall():99 - Character collided with left wall: x=0
[DEBUG] Wed 2026-09-09 22:43:54.461 [Thread-4] GameCharacter checkReachGameWall():99 - Character collided with left wall: x=0
[DEBUG] Wed 2026-09-09 22:43:54.480 [Thread-4] GameCharacter checkReachGameWall():99 - Character collided with left wall: x=0
[DEBUG] Wed 2026-09-09 22:43:54.500 [Thread-4] GameCharacter checkReachGameWall():99 - Character collided with left wall: x=0
[DEBUG] Wed 2026-09-09 22:43:54.520 [Thread-4] GameCharacter checkReachGameWall():99 - Character collided with left wall: x=0
[DEBUG] Wed 2026-09-09 22:43:54.538 [Thread-4] GameCharacter checkReachGameWall():99 - Character collided with left wall: x=0
[DEBUG] Wed 2026-09-09 22:43:54.559 [Thread-4] GameCharacter checkReachGameWall():99 - Character collided with left wall: x=0
[DEBUG] Wed 2026-09-09 22:43:54.578 [Thread-4] GameCharacter checkReachGameWall():99 - Character collided with left wall: x=0
[DEBUG] Wed 2026-09-09 22:43:54.598 [Thread-4] GameCharacter checkReachGameWall():99 - Character collided with left wall: x=0
[DEBUG] Wed 2026-09-09 22:43:54.618 [Thread-4] GameCharacter checkReachGameWall():99 - Character collided with left wall: x=0
[DEBUG] Wed 2026-09-09 22:43:54.638 [Thread-4] GameCharacter checkReachGameWall():99 - Character collided with left wall: x=0
[DEBUG] Wed 2026-09-09 22:43:54.658 [Thread-4] GameCharacter checkReachGameWall():99 - Character collided with left wall: x=0
[DEBUG] Wed 2026-09-09 22:43:54.677 [Thread-4] GameCharacter checkReachGameWall():99 - Character collided with left wall: x=0
[DEBUG] Wed 2026-09-09 22:43:54.697 [Thread-4] GameCharacter checkReachGameWall():99 - Character collided with left wall: x=0
[DEBUG] Wed 2026-09-09 22:43:54.716 [Thread-4] GameCharacter checkReachGameWall():99 - Character collided with left wall: x=0
[DEBUG] Wed 2026-09-09 22:43:54.736 [Thread-4] GameCharacter checkReachGameWall():99 - Character collided with left wall: x=0
[DEBUG] Wed 2026-09-09 22:43:54.756 [Thread-4] GameCharacter checkReachGameWall():99 - Character collided with left wall: x=0
[DEBUG] Wed 2026-09-09 22:43:54.777 [Thread-4] GameCharacter checkReachGameWall():99 - Character collided with left wall: x=0
[DEBUG] Wed 2026-09-09 22:43:54.794 [Thread-4] GameCharacter checkReachGameWall():99 - Character collided with left wall: x=0
[DEBUG] Wed 2026-09-09 22:43:54.814 [Thread-4] GameCharacter checkReachGameWall():99 - Character collided with left wall: x=0
[DEBUG] Wed 2026-09-09 22:43:54.834 [Thread-4] GameCharacter checkReachGameWall():99 - Character collided with left wall: x=0
[DEBUG] Wed 2026-09-09 22:43:54.854 [Thread-4] GameCharacter checkReachGameWall():99 - Character collided with left wall: x=0
[DEBUG] Wed 2026-09-09 22:43:54.873 [Thread-4] GameCharacter checkReachGameWall():99 - Character collided with left wall: x=0
[DEBUG] Wed 2026-09-09 22:43:54.894 [Thread-4] GameCharacter checkReachGameWall():99 - Character collided with left wall: x=0
[DEBUG] Wed 2026-09-09 22:43:54.914 [Thread-4] GameCharacter checkReachGameWall():99 - Character collided with left wall: x=0
[DEBUG] Wed 2026-09-09 22:43:54.933 [Thread-4] GameCharacter checkReachGameWall():99 - Character collided with left wall: x=0
[DEBUG] Wed 2026-09-09 22:43:54.953 [Thread-4] GameCharacter checkReachGameWall():99 - Character collided with left wall: x=0
[DEBUG] Wed 2026-09-09 22:43:54.969 [Thread-4] GameCharacter checkReachGameWall():99 - Character collided with left wall: x=0
[DEBUG] Wed 2026-09-09 22:43:54.989 [Thread-4] GameCharacter checkReachGameWall():99 - Character collided with left wall: x=0
[DEBUG] Wed 2026-09-09 22:43:55.007 [Thread-4] GameCharacter checkReachGameWall():99 - Character collided with left wall: x=0
[DEBUG] Wed 2026-09-09 22:43:55.026 [Thread-4] GameCharacter checkReachGameWall():99 - Character collided with left wall: x=0
[DEBUG] Wed 2026-09-09 22:43:55.044 [Thread-4] GameCharacter checkReachGameWall():99 - Character collided with left wall: x=0
[DEBUG] Wed 2026-09-09 22:43:55.064 [Thread-4] GameCharacter checkReachGameWall():99 - Character collided with left wall: x=0
[DEBUG] Wed 2026-09-09 22:43:55.083 [Thread-4] GameCharacter checkReachGameWall():99 - Character collided with left wall: x=0
[DEBUG] Wed 2026-09-09 22:43:55.100 [Thread-4] GameCharacter checkReachGameWall():99 - Character collided with left wall: x=0
[DEBUG] Wed 2026-09-09 22:43:55.118 [Thread-4] GameCharacter checkReachGameWall():99 - Character collided with left wall: x=0
[DEBUG] Wed 2026-09-09 22:43:55.138 [Thread-4] GameCharacter checkReachGameWall():99 - Character collided with left wall: x=0
[DEBUG] Wed 2026-09-09 22:43:55.155 [Thread-4] GameCharacter checkReachGameWall():99 - Character collided with left wall: x=0
[DEBUG] Wed 2026-09-09 22:43:55.174 [Thread-4] GameCharacter checkReachGameWall():99 - Character collided with left wall: x=0
[DEBUG] Wed 2026-09-09 22:43:55.194 [Thread-4] GameCharacter checkReachGameWall():99 - Character collided with left wall: x=0
[DEBUG] Wed 2026-09-09 22:43:55.213 [Thread-4] GameCharacter checkReachGameWall():99 - Character collided with left wall: x=0
[DEBUG] Wed 2026-09-09 22:43:55.233 [Thread-4] GameCharacter checkReachGameWall():99 - Character collided with left wall: x=0
[DEBUG] Wed 2026-09-09 22:43:55.254 [Thread-4] GameCharacter checkReachGameWall():99 - Character collided with left wall: x=0
[DEBUG] Wed 2026-09-09 22:43:55.270 [Thread-4] GameCharacter checkReachGameWall():99 - Character collided with left wall: x=0
[DEBUG] Wed 2026-09-09 22:43:55.288 [Thread-4] GameCharacter checkReachGameWall():99 - Character collided with left wall: x=0
[DEBUG] Wed 2026-09-09 22:43:55.306 [Thread-4] GameCharacter checkReachGameWall():99 - Character collided with left wall: x=0
[DEBUG] Wed 2026-09-09 22:43:55.327 [Thread-4] GameCharacter checkReachGameWall():99 - Character collided with left wall: x=0
[DEBUG] Wed 2026-09-09 22:43:55.346 [Thread-4] GameCharacter checkReachGameWall():99 - Character collided with left wall: x=0
[DEBUG] Wed 2026-09-09 22:43:55.367 [Thread-4] GameCharacter checkReachGameWall():99 - Character collided with left wall: x=0
[DEBUG] Wed 2026-09-09 22:43:55.387 [Thread-4] GameCharacter checkReachGameWall():99 - Character collided with left wall: x=0
[DEBUG] Wed 2026-09-09 22:43:55.404 [Thread-4] GameCharacter checkReachGameWall():99 - Character collided with left wall: x=0
[DEBUG] Wed 2026-09-09 22:43:55.422 [Thread-4] GameCharacter checkReachGameWall():99 - Character collided with left wall: x=0
[DEBUG] Wed 2026-09-09 22:43:55.442 [Thread-4] GameCharacter checkReachGameWall():99 - Character collided with left wall: x=0
[DEBUG] Wed 2026-09-09 22:43:55.462 [Thread-4] GameCharacter checkReachGameWall():99 - Character collided with left wall: x=0
[DEBUG] Wed 2026-09-09 22:43:55.482 [Thread-4] GameCharacter checkReachGameWall():99 - Character collided with left wall: x=0
[DEBUG] Wed 2026-09-09 22:43:55.502 [Thread-4] GameCharacter checkReachGameWall():99 - Character collided with left wall: x=0
[DEBUG] Wed 2026-09-09 22:49:04.943 [Thread-4] GameCharacter checkReachFloor():128 - Character collided with floor: y=240
[DEBUG] Wed 2026-09-09 22:49:04.967 [Thread-4] GameCharacter checkReachFloor():128 - Character collided with floor: y=251
[ INFO] Wed 2026-09-09 22:49:05.794 [Thread-3] GameCharacter trace():155 - x:30 y:251 vx:0 vy:0
[ INFO] Wed 2026-09-09 22:49:05.901 [Thread-3] GameCharacter trace():155 - x:51 y:251 vx:6 vy:0
[ INFO] Wed 2026-09-09 22:49:06.002 [Thread-3] GameCharacter trace():155 - x:86 y:251 vx:7 vy:0
[ INFO] Wed 2026-09-09 22:49:06.739 [Thread-3] GameCharacter trace():155 - x:128 y:251 vx:7 vy:0
[ INFO] Wed 2026-09-09 22:49:06.845 [Thread-3] GameCharacter trace():155 - x:128 y:251 vx:7 vy:0
[ INFO] Wed 2026-09-09 22:49:06.950 [Thread-3] GameCharacter trace():155 - x:128 y:251 vx:7 vy:0
[ INFO] Wed 2026-09-09 22:49:07.779 [Thread-3] GameCharacter trace():155 - x:128 y:251 vx:7 vy:0
[ INFO] Wed 2026-09-09 22:49:07.885 [Thread-3] GameCharacter trace():155 - x:170 y:251 vx:7 vy:0
[DEBUG] Wed 2026-09-09 22:49:07.918 [Thread-4] GameCharacter checkReachFloor():128 - Character collided with floor: y=240
[ INFO] Wed 2026-09-09 22:49:07.988 [Thread-3] GameCharacter trace():155 - x:205 y:251 vx:7 vy:0
[ INFO] Wed 2026-09-09 22:49:08.094 [Thread-3] GameCharacter trace():155 - x:247 y:251 vx:7 vy:0
[ INFO] Wed 2026-09-09 22:49:08.197 [Thread-3] GameCharacter trace():155 - x:282 y:251 vx:7 vy:0
[ INFO] Wed 2026-09-09 22:49:08.402 [Thread-3] GameCharacter trace():155 - x:317 y:251 vx:7 vy:0
[ INFO] Wed 2026-09-09 22:49:08.613 [Thread-3] GameCharacter trace():155 - x:317 y:251 vx:7 vy:0
[ INFO] Wed 2026-09-09 22:49:08.719 [Thread-3] GameCharacter trace():155 - x:317 y:251 vx:7 vy:0
[DEBUG] Wed 2026-09-09 22:49:08.779 [Thread-4] GameCharacter checkReachGameWall():99 - Character collided with left wall: x=0
[DEBUG] Wed 2026-09-09 22:49:08.800 [Thread-4] GameCharacter checkReachGameWall():99 - Character collided with left wall: x=0
[DEBUG] Wed 2026-09-09 22:49:08.818 [Thread-4] GameCharacter checkReachGameWall():99 - Character collided with left wall: x=0
[ INFO] Wed 2026-09-09 22:49:08.822 [Thread-3] GameCharacter trace():155 - x:317 y:251 vx:7 vy:0
[DEBUG] Wed 2026-09-09 22:49:08.839 [Thread-4] GameCharacter checkReachGameWall():99 - Character collided with left wall: x=0
[DEBUG] Wed 2026-09-09 22:49:08.859 [Thread-4] GameCharacter checkReachGameWall():99 - Character collided with left wall: x=0
[DEBUG] Wed 2026-09-09 22:49:08.879 [Thread-4] GameCharacter checkReachGameWall():99 - Character collided with left wall: x=0
[DEBUG] Wed 2026-09-09 22:49:08.900 [Thread-4] GameCharacter checkReachGameWall():99 - Character collided with left wall: x=0
[DEBUG] Wed 2026-09-09 22:49:08.921 [Thread-4] GameCharacter checkReachGameWall():99 - Character collided with left wall: x=0
[DEBUG] Wed 2026-09-09 22:49:08.941 [Thread-4] GameCharacter checkReachGameWall():99 - Character collided with left wall: x=0
[DEBUG] Wed 2026-09-09 22:49:08.962 [Thread-4] GameCharacter checkReachGameWall():99 - Character collided with left wall: x=0
[DEBUG] Wed 2026-09-09 22:49:08.982 [Thread-4] GameCharacter checkReachGameWall():99 - Character collided with left wall: x=0
[DEBUG] Wed 2026-09-09 22:49:09.001 [Thread-4] GameCharacter checkReachGameWall():99 - Character collided with left wall: x=0
[DEBUG] Wed 2026-09-09 22:49:09.020 [Thread-4] GameCharacter checkReachGameWall():99 - Character collided with left wall: x=0
[DEBUG] Wed 2026-09-09 22:49:09.037 [Thread-4] GameCharacter checkReachGameWall():99 - Character collided with left wall: x=0
[DEBUG] Wed 2026-09-09 22:49:09.054 [Thread-4] GameCharacter checkReachGameWall():99 - Character collided with left wall: x=0
[DEBUG] Wed 2026-09-09 22:49:09.075 [Thread-4] GameCharacter checkReachGameWall():99 - Character collided with left wall: x=0
[DEBUG] Wed 2026-09-09 22:49:09.096 [Thread-4] GameCharacter checkReachGameWall():99 - Character collided with left wall: x=0
[DEBUG] Wed 2026-09-09 22:49:09.114 [Thread-4] GameCharacter checkReachGameWall():99 - Character collided with left wall: x=0
[ INFO] Wed 2026-09-09 22:49:09.134 [Thread-3] GameCharacter trace():155 - x:317 y:251 vx:7 vy:0
[DEBUG] Wed 2026-09-09 22:49:09.135 [Thread-4] GameCharacter checkReachGameWall():99 - Character collided with left wall: x=0
[ INFO] Wed 2026-09-09 22:49:09.236 [Thread-3] GameCharacter trace():155 - x:317 y:251 vx:7 vy:0
[ INFO] Wed 2026-09-09 22:49:09.341 [Thread-3] GameCharacter trace():155 - x:317 y:251 vx:7 vy:0
[ INFO] Wed 2026-09-09 22:49:09.446 [Thread-3] GameCharacter trace():155 - x:317 y:251 vx:7 vy:0
[ INFO] Wed 2026-09-09 22:49:09.551 [Thread-3] GameCharacter trace():155 - x:317 y:251 vx:7 vy:0
[ INFO] Wed 2026-09-09 22:49:09.656 [Thread-3] GameCharacter trace():155 - x:317 y:251 vx:7 vy:0
[ INFO] Wed 2026-09-09 22:49:09.762 [Thread-3] GameCharacter trace():155 - x:317 y:251 vx:7 vy:0
[ INFO] Wed 2026-09-09 22:49:09.867 [Thread-3] GameCharacter trace():155 - x:317 y:251 vx:7 vy:0
[ INFO] Wed 2026-09-09 22:49:09.970 [Thread-3] GameCharacter trace():155 - x:317 y:251 vx:7 vy:0
[ INFO] Wed 2026-09-09 22:49:10.075 [Thread-3] GameCharacter trace():155 - x:317 y:251 vx:7 vy:0
[ INFO] Wed 2026-09-09 22:49:10.181 [Thread-3] GameCharacter trace():155 - x:317 y:251 vx:7 vy:0
[ INFO] Wed 2026-09-09 22:49:10.903 [Thread-3] GameCharacter trace():155 - x:317 y:251 vx:7 vy:0
[ INFO] Wed 2026-09-09 22:49:11.005 [Thread-3] GameCharacter trace():155 - x:317 y:251 vx:7 vy:0
[ INFO] Wed 2026-09-09 22:49:11.727 [Thread-3] GameCharacter trace():155 - x:317 y:251 vx:7 vy:0
[ INFO] Wed 2026-09-09 22:49:11.829 [Thread-3] GameCharacter trace():155 - x:317 y:251 vx:7 vy:0
[ INFO] Wed 2026-09-09 22:49:11.935 [Thread-3] GameCharacter trace():155 - x:317 y:251 vx:7 vy:0
[ INFO] Wed 2026-09-09 22:49:12.041 [Thread-3] GameCharacter trace():155 - x:317 y:251 vx:7 vy:0
[ INFO] Wed 2026-09-09 22:49:12.669 [Thread-3] GameCharacter trace():155 - x:317 y:251 vx:7 vy:0
[ INFO] Wed 2026-09-09 22:49:12.775 [Thread-3] GameCharacter trace():155 - x:317 y:251 vx:7 vy:0
[ INFO] Wed 2026-09-09 22:49:12.877 [Thread-3] GameCharacter trace():155 - x:317 y:251 vx:7 vy:0
[ INFO] Wed 2026-09-09 22:49:12.980 [Thread-3] GameCharacter trace():155 - x:317 y:251 vx:7 vy:0
[ INFO] Wed 2026-09-09 22:49:13.086 [Thread-3] GameCharacter trace():155 - x:317 y:251 vx:7 vy:0
[ INFO] Wed 2026-09-09 22:49:13.191 [Thread-3] GameCharacter trace():155 - x:317 y:251 vx:7 vy:0
[ INFO] Wed 2026-09-09 22:49:13.608 [Thread-3] GameCharacter trace():155 - x:317 y:251 vx:7 vy:0
[ INFO] Wed 2026-09-09 22:49:13.710 [Thread-3] GameCharacter trace():155 - x:317 y:251 vx:7 vy:0
[ INFO] Wed 2026-09-09 22:49:13.813 [Thread-3] GameCharacter trace():155 - x:317 y:251 vx:7 vy:0
[DEBUG] Wed 2026-09-09 22:52:39.899 [Thread-4] GameCharacter checkReachFloor():128 - Character collided with floor: y=240
[DEBUG] Wed 2026-09-09 22:52:39.922 [Thread-4] GameCharacter checkReachFloor():128 - Character collided with floor: y=251
[ INFO] Wed 2026-09-09 22:52:41.159 [Thread-3] GameCharacter trace():155 - x:30 y:251 vx:0 vy:0
[ INFO] Wed 2026-09-09 22:52:41.266 [Thread-3] GameCharacter trace():155 - x:45 y:251 vx:5 vy:0
[ INFO] Wed 2026-09-09 22:52:41.371 [Thread-3] GameCharacter trace():155 - x:86 y:251 vx:7 vy:0
[ INFO] Wed 2026-09-09 22:52:41.786 [Thread-3] GameCharacter trace():155 - x:121 y:251 vx:7 vy:0
[ INFO] Wed 2026-09-09 22:52:41.892 [Thread-3] GameCharacter trace():155 - x:121 y:251 vx:7 vy:0
[ INFO] Wed 2026-09-09 22:52:41.996 [Thread-3] GameCharacter trace():155 - x:121 y:251 vx:7 vy:0
[ INFO] Wed 2026-09-09 22:52:42.099 [Thread-3] GameCharacter trace():155 - x:121 y:251 vx:7 vy:0
[ INFO] Wed 2026-09-09 22:52:42.507 [Thread-3] GameCharacter trace():155 - x:121 y:251 vx:7 vy:0
[ INFO] Wed 2026-09-09 22:52:42.613 [Thread-3] GameCharacter trace():155 - x:121 y:251 vx:7 vy:0
[ INFO] Wed 2026-09-09 22:52:42.717 [Thread-3] GameCharacter trace():155 - x:121 y:251 vx:7 vy:0
[ INFO] Wed 2026-09-09 22:52:42.823 [Thread-3] GameCharacter trace():155 - x:121 y:251 vx:7 vy:0
[ INFO] Wed 2026-09-09 22:52:42.925 [Thread-3] GameCharacter trace():155 - x:121 y:251 vx:7 vy:0
[ INFO] Wed 2026-09-09 22:52:43.026 [Thread-3] GameCharacter trace():155 - x:121 y:251 vx:7 vy:0
[DEBUG] Wed 2026-09-09 22:52:43.126 [Thread-4] GameCharacter checkReachGameWall():99 - Character collided with left wall: x=0
[ INFO] Wed 2026-09-09 22:52:43.132 [Thread-3] GameCharacter trace():155 - x:121 y:251 vx:7 vy:0
[DEBUG] Wed 2026-09-09 22:52:43.146 [Thread-4] GameCharacter checkReachGameWall():99 - Character collided with left wall: x=0
[DEBUG] Wed 2026-09-09 22:52:43.165 [Thread-4] GameCharacter checkReachGameWall():99 - Character collided with left wall: x=0
[DEBUG] Wed 2026-09-09 22:52:43.184 [Thread-4] GameCharacter checkReachGameWall():99 - Character collided with left wall: x=0
[DEBUG] Wed 2026-09-09 22:52:43.205 [Thread-4] GameCharacter checkReachGameWall():99 - Character collided with left wall: x=0
[DEBUG] Wed 2026-09-09 22:52:43.223 [Thread-4] GameCharacter checkReachGameWall():99 - Character collided with left wall: x=0
[ INFO] Wed 2026-09-09 22:52:43.235 [Thread-3] GameCharacter trace():155 - x:121 y:251 vx:7 vy:0
[DEBUG] Wed 2026-09-09 22:52:43.244 [Thread-4] GameCharacter checkReachGameWall():99 - Character collided with left wall: x=0
[DEBUG] Wed 2026-09-09 22:52:43.263 [Thread-4] GameCharacter checkReachGameWall():99 - Character collided with left wall: x=0
[DEBUG] Wed 2026-09-09 22:52:43.283 [Thread-4] GameCharacter checkReachGameWall():99 - Character collided with left wall: x=0
[DEBUG] Wed 2026-09-09 22:52:43.301 [Thread-4] GameCharacter checkReachGameWall():99 - Character collided with left wall: x=0
[DEBUG] Wed 2026-09-09 22:52:43.322 [Thread-4] GameCharacter checkReachGameWall():99 - Character collided with left wall: x=0
[ INFO] Wed 2026-09-09 22:52:43.337 [Thread-3] GameCharacter trace():155 - x:121 y:251 vx:7 vy:0
[DEBUG] Wed 2026-09-09 22:52:43.342 [Thread-4] GameCharacter checkReachGameWall():99 - Character collided with left wall: x=0
[DEBUG] Wed 2026-09-09 22:52:43.360 [Thread-4] GameCharacter checkReachGameWall():99 - Character collided with left wall: x=0
[DEBUG] Wed 2026-09-09 22:52:43.381 [Thread-4] GameCharacter checkReachGameWall():99 - Character collided with left wall: x=0
[DEBUG] Wed 2026-09-09 22:52:43.400 [Thread-4] GameCharacter checkReachGameWall():99 - Character collided with left wall: x=0
[DEBUG] Wed 2026-09-09 22:52:43.421 [Thread-4] GameCharacter checkReachGameWall():99 - Character collided with left wall: x=0
[ INFO] Wed 2026-09-09 22:52:43.438 [Thread-3] GameCharacter trace():155 - x:121 y:251 vx:7 vy:0
[DEBUG] Wed 2026-09-09 22:52:43.442 [Thread-4] GameCharacter checkReachGameWall():99 - Character collided with left wall: x=0
[DEBUG] Wed 2026-09-09 22:52:43.462 [Thread-4] GameCharacter checkReachGameWall():99 - Character collided with left wall: x=0
[DEBUG] Wed 2026-09-09 22:52:43.482 [Thread-4] GameCharacter checkReachGameWall():99 - Character collided with left wall: x=0
[DEBUG] Wed 2026-09-09 22:52:43.499 [Thread-4] GameCharacter checkReachGameWall():99 - Character collided with left wall: x=0
[DEBUG] Wed 2026-09-09 22:52:43.520 [Thread-4] GameCharacter checkReachGameWall():99 - Character collided with left wall: x=0
[DEBUG] Wed 2026-09-09 22:52:43.536 [Thread-4] GameCharacter checkReachGameWall():99 - Character collided with left wall: x=0
[ INFO] Wed 2026-09-09 22:52:43.544 [Thread-3] GameCharacter trace():155 - x:121 y:251 vx:7 vy:0
[DEBUG] Wed 2026-09-09 22:52:43.557 [Thread-4] GameCharacter checkReachGameWall():99 - Character collided with left wall: x=0
[DEBUG] Wed 2026-09-09 22:52:43.576 [Thread-4] GameCharacter checkReachGameWall():99 - Character collided with left wall: x=0
[DEBUG] Wed 2026-09-09 22:52:43.594 [Thread-4] GameCharacter checkReachGameWall():99 - Character collided with left wall: x=0
[DEBUG] Wed 2026-09-09 22:52:43.615 [Thread-4] GameCharacter checkReachGameWall():99 - Character collided with left wall: x=0
[DEBUG] Wed 2026-09-09 22:52:43.633 [Thread-4] GameCharacter checkReachGameWall():99 - Character collided with left wall: x=0
[ INFO] Wed 2026-09-09 22:52:43.649 [Thread-3] GameCharacter trace():155 - x:121 y:251 vx:7 vy:0
[DEBUG] Wed 2026-09-09 22:52:43.654 [Thread-4] GameCharacter checkReachGameWall():99 - Character collided with left wall: x=0
[DEBUG] Wed 2026-09-09 22:52:43.675 [Thread-4] GameCharacter checkReachGameWall():99 - Character collided with left wall: x=0
[DEBUG] Wed 2026-09-09 22:52:43.694 [Thread-4] GameCharacter checkReachGameWall():99 - Character collided with left wall: x=0
[DEBUG] Wed 2026-09-09 22:52:43.714 [Thread-4] GameCharacter checkReachGameWall():99 - Character collided with left wall: x=0
[DEBUG] Wed 2026-09-09 22:52:43.733 [Thread-4] GameCharacter checkReachGameWall():99 - Character collided with left wall: x=0
[DEBUG] Wed 2026-09-09 22:52:43.751 [Thread-4] GameCharacter checkReachGameWall():99 - Character collided with left wall: x=0
[ INFO] Wed 2026-09-09 22:52:43.755 [Thread-3] GameCharacter trace():155 - x:121 y:251 vx:7 vy:0
[DEBUG] Wed 2026-09-09 22:52:43.772 [Thread-4] GameCharacter checkReachGameWall():99 - Character collided with left wall: x=0
[DEBUG] Wed 2026-09-09 22:52:43.791 [Thread-4] GameCharacter checkReachGameWall():99 - Character collided with left wall: x=0
[DEBUG] Wed 2026-09-09 22:52:43.811 [Thread-4] GameCharacter checkReachGameWall():99 - Character collided with left wall: x=0
[DEBUG] Wed 2026-09-09 22:52:43.829 [Thread-4] GameCharacter checkReachGameWall():99 - Character collided with left wall: x=0
[DEBUG] Wed 2026-09-09 22:52:43.849 [Thread-4] GameCharacter checkReachGameWall():99 - Character collided with left wall: x=0
[DEBUG] Wed 2026-09-09 22:52:43.868 [Thread-4] GameCharacter checkReachGameWall():99 - Character collided with left wall: x=0
[DEBUG] Wed 2026-09-09 22:52:43.885 [Thread-4] GameCharacter checkReachGameWall():99 - Character collided with left wall: x=0
[DEBUG] Wed 2026-09-09 22:52:43.906 [Thread-4] GameCharacter checkReachGameWall():99 - Character collided with left wall: x=0
[DEBUG] Wed 2026-09-09 22:52:43.926 [Thread-4] GameCharacter checkReachGameWall():99 - Character collided with left wall: x=0
[DEBUG] Wed 2026-09-09 22:52:43.943 [Thread-4] GameCharacter checkReachGameWall():99 - Character collided with left wall: x=0
[DEBUG] Wed 2026-09-09 22:52:43.960 [Thread-4] GameCharacter checkReachGameWall():99 - Character collided with left wall: x=0
[DEBUG] Wed 2026-09-09 22:52:43.981 [Thread-4] GameCharacter checkReachGameWall():99 - Character collided with left wall: x=0
[DEBUG] Wed 2026-09-09 22:52:43.999 [Thread-4] GameCharacter checkReachGameWall():99 - Character collided with left wall: x=0
[DEBUG] Wed 2026-09-09 22:52:44.015 [Thread-4] GameCharacter checkReachGameWall():99 - Character collided with left wall: x=0
[DEBUG] Wed 2026-09-09 22:52:44.035 [Thread-4] GameCharacter checkReachGameWall():99 - Character collided with left wall: x=0
[DEBUG] Wed 2026-09-09 22:52:44.055 [Thread-4] GameCharacter checkReachGameWall():99 - Character collided with left wall: x=0
[DEBUG] Wed 2026-09-09 22:52:44.073 [Thread-4] GameCharacter checkReachGameWall():99 - Character collided with left wall: x=0
[DEBUG] Wed 2026-09-09 22:52:44.093 [Thread-4] GameCharacter checkReachGameWall():99 - Character collided with left wall: x=0
[DEBUG] Wed 2026-09-09 22:52:44.110 [Thread-4] GameCharacter checkReachGameWall():99 - Character collided with left wall: x=0
[DEBUG] Wed 2026-09-09 22:52:44.130 [Thread-4] GameCharacter checkReachGameWall():99 - Character collided with left wall: x=0
[DEBUG] Wed 2026-09-09 22:52:44.150 [Thread-4] GameCharacter checkReachGameWall():99 - Character collided with left wall: x=0
[DEBUG] Wed 2026-09-09 22:52:44.169 [Thread-4] GameCharacter checkReachGameWall():99 - Character collided with left wall: x=0
[DEBUG] Wed 2026-09-09 22:52:44.189 [Thread-4] GameCharacter checkReachGameWall():99 - Character collided with left wall: x=0
[DEBUG] Wed 2026-09-09 22:52:44.207 [Thread-4] GameCharacter checkReachGameWall():99 - Character collided with left wall: x=0
[DEBUG] Wed 2026-09-09 22:52:44.226 [Thread-4] GameCharacter checkReachGameWall():99 - Character collided with left wall: x=0
[DEBUG] Wed 2026-09-09 22:52:44.247 [Thread-4] GameCharacter checkReachGameWall():99 - Character collided with left wall: x=0
[DEBUG] Wed 2026-09-09 22:52:44.267 [Thread-4] GameCharacter checkReachGameWall():99 - Character collided with left wall: x=0
[DEBUG] Wed 2026-09-09 22:52:44.288 [Thread-4] GameCharacter checkReachGameWall():99 - Character collided with left wall: x=0
[DEBUG] Wed 2026-09-09 22:52:44.309 [Thread-4] GameCharacter checkReachGameWall():99 - Character collided with left wall: x=0
[DEBUG] Wed 2026-09-09 22:52:44.329 [Thread-4] GameCharacter checkReachGameWall():99 - Character collided with left wall: x=0
[DEBUG] Wed 2026-09-09 22:52:44.347 [Thread-4] GameCharacter checkReachGameWall():99 - Character collided with left wall: x=0
[DEBUG] Wed 2026-09-09 22:52:44.367 [Thread-4] GameCharacter checkReachGameWall():99 - Character collided with left wall: x=0
[DEBUG] Wed 2026-09-09 22:52:44.386 [Thread-4] GameCharacter checkReachGameWall():99 - Character collided with left wall: x=0
[DEBUG] Wed 2026-09-09 22:52:44.404 [Thread-4] GameCharacter checkReachGameWall():99 - Character collided with left wall: x=0
[DEBUG] Wed 2026-09-09 22:52:44.425 [Thread-4] GameCharacter checkReachGameWall():99 - Character collided with left wall: x=0
[DEBUG] Wed 2026-09-09 22:52:44.445 [Thread-4] GameCharacter checkReachGameWall():99 - Character collided with left wall: x=0
[DEBUG] Wed 2026-09-09 22:52:44.465 [Thread-4] GameCharacter checkReachGameWall():99 - Character collided with left wall: x=0
[DEBUG] Wed 2026-09-09 22:52:44.483 [Thread-4] GameCharacter checkReachGameWall():99 - Character collided with left wall: x=0
[DEBUG] Wed 2026-09-09 22:52:44.505 [Thread-4] GameCharacter checkReachGameWall():99 - Character collided with left wall: x=0
[DEBUG] Wed 2026-09-09 22:52:44.525 [Thread-4] GameCharacter checkReachGameWall():99 - Character collided with left wall: x=0
[DEBUG] Wed 2026-09-09 22:52:44.546 [Thread-4] GameCharacter checkReachGameWall():99 - Character collided with left wall: x=0
[DEBUG] Wed 2026-09-09 22:52:44.566 [Thread-4] GameCharacter checkReachGameWall():99 - Character collided with left wall: x=0
[DEBUG] Wed 2026-09-09 22:52:44.587 [Thread-4] GameCharacter checkReachGameWall():99 - Character collided with left wall: x=0
[DEBUG] Wed 2026-09-09 22:52:44.607 [Thread-4] GameCharacter checkReachGameWall():99 - Character collided with left wall: x=0
[DEBUG] Wed 2026-09-09 22:52:44.625 [Thread-4] GameCharacter checkReachGameWall():99 - Character collided with left wall: x=0
[DEBUG] Wed 2026-09-09 22:52:44.643 [Thread-4] GameCharacter checkReachGameWall():99 - Character collided with left wall: x=0
[DEBUG] Wed 2026-09-09 22:52:44.663 [Thread-4] GameCharacter checkReachGameWall():99 - Character collided with left wall: x=0
[DEBUG] Wed 2026-09-09 22:52:44.683 [Thread-4] GameCharacter checkReachGameWall():99 - Character collided with left wall: x=0
[DEBUG] Wed 2026-09-09 22:52:44.704 [Thread-4] GameCharacter checkReachGameWall():99 - Character collided with left wall: x=0
[DEBUG] Wed 2026-09-09 22:52:44.721 [Thread-4] GameCharacter checkReachGameWall():99 - Character collided with left wall: x=0
[DEBUG] Wed 2026-09-09 22:52:44.740 [Thread-4] GameCharacter checkReachGameWall():99 - Character collided with left wall: x=0
[DEBUG] Wed 2026-09-09 22:52:44.760 [Thread-4] GameCharacter checkReachGameWall():99 - Character collided with left wall: x=0
[DEBUG] Wed 2026-09-09 22:52:44.781 [Thread-4] GameCharacter checkReachGameWall():99 - Character collided with left wall: x=0
[DEBUG] Wed 2026-09-09 22:52:44.800 [Thread-4] GameCharacter checkReachGameWall():99 - Character collided with left wall: x=0
[DEBUG] Wed 2026-09-09 22:52:44.820 [Thread-4] GameCharacter checkReachGameWall():99 - Character collided with left wall: x=0
[DEBUG] Wed 2026-09-09 22:52:44.840 [Thread-4] GameCharacter checkReachGameWall():99 - Character collided with left wall: x=0
[DEBUG] Wed 2026-09-09 22:52:44.859 [Thread-4] GameCharacter checkReachGameWall():99 - Character collided with left wall: x=0
[DEBUG] Wed 2026-09-09 22:52:44.878 [Thread-4] GameCharacter checkReachGameWall():99 - Character collided with left wall: x=0
[ INFO] Wed 2026-09-09 22:52:44.890 [Thread-3] GameCharacter trace():155 - x:121 y:251 vx:7 vy:0
[DEBUG] Wed 2026-09-09 22:52:44.896 [Thread-4] GameCharacter checkReachGameWall():99 - Character collided with left wall: x=0
[ INFO] Wed 2026-09-09 22:52:44.994 [Thread-3] GameCharacter trace():155 - x:121 y:251 vx:7 vy:0
[ INFO] Wed 2026-09-09 22:52:45.824 [Thread-3] GameCharacter trace():155 - x:121 y:251 vx:7 vy:0
[ INFO] Wed 2026-09-09 22:52:45.930 [Thread-3] GameCharacter trace():155 - x:121 y:251 vx:7 vy:0
[ INFO] Wed 2026-09-09 22:52:46.036 [Thread-3] GameCharacter trace():155 - x:121 y:251 vx:7 vy:0
[DEBUG] Wed 2026-09-09 22:52:46.053 [Thread-4] GameCharacter checkReachGameWall():99 - Character collided with left wall: x=0
[DEBUG] Wed 2026-09-09 22:52:46.073 [Thread-4] GameCharacter checkReachGameWall():99 - Character collided with left wall: x=0
[DEBUG] Wed 2026-09-09 22:52:46.094 [Thread-4] GameCharacter checkReachGameWall():99 - Character collided with left wall: x=0
[DEBUG] Wed 2026-09-09 22:52:46.115 [Thread-4] GameCharacter checkReachGameWall():99 - Character collided with left wall: x=0
[DEBUG] Wed 2026-09-09 22:52:46.132 [Thread-4] GameCharacter checkReachGameWall():99 - Character collided with left wall: x=0
[ INFO] Wed 2026-09-09 22:52:46.140 [Thread-3] GameCharacter trace():155 - x:121 y:251 vx:7 vy:0
[DEBUG] Wed 2026-09-09 22:52:46.153 [Thread-4] GameCharacter checkReachGameWall():99 - Character collided with left wall: x=0
[DEBUG] Wed 2026-09-09 22:52:46.174 [Thread-4] GameCharacter checkReachGameWall():99 - Character collided with left wall: x=0
[DEBUG] Wed 2026-09-09 22:52:46.195 [Thread-4] GameCharacter checkReachGameWall():99 - Character collided with left wall: x=0
[DEBUG] Wed 2026-09-09 22:52:46.216 [Thread-4] GameCharacter checkReachGameWall():99 - Character collided with left wall: x=0
[DEBUG] Wed 2026-09-09 22:52:46.236 [Thread-4] GameCharacter checkReachGameWall():99 - Character collided with left wall: x=0
[DEBUG] Wed 2026-09-09 22:52:46.253 [Thread-4] GameCharacter checkReachGameWall():99 - Character collided with left wall: x=0
[DEBUG] Wed 2026-09-09 22:52:46.274 [Thread-4] GameCharacter checkReachGameWall():99 - Character collided with left wall: x=0
[DEBUG] Wed 2026-09-09 22:52:46.294 [Thread-4] GameCharacter checkReachGameWall():99 - Character collided with left wall: x=0
[DEBUG] Wed 2026-09-09 22:52:46.315 [Thread-4] GameCharacter checkReachGameWall():99 - Character collided with left wall: x=0
[DEBUG] Wed 2026-09-09 22:52:46.331 [Thread-4] GameCharacter checkReachGameWall():99 - Character collided with left wall: x=0
[DEBUG] Wed 2026-09-09 22:52:46.350 [Thread-4] GameCharacter checkReachGameWall():99 - Character collided with left wall: x=0
[ INFO] Wed 2026-09-09 22:52:46.351 [Thread-3] GameCharacter trace():155 - x:121 y:251 vx:7 vy:0
[DEBUG] Wed 2026-09-09 22:52:46.370 [Thread-4] GameCharacter checkReachGameWall():99 - Character collided with left wall: x=0
[ INFO] Wed 2026-09-09 22:52:46.456 [Thread-3] GameCharacter trace():155 - x:121 y:251 vx:7 vy:0
[ INFO] Wed 2026-09-09 22:52:47.287 [Thread-3] GameCharacter trace():155 - x:121 y:251 vx:7 vy:0
[ INFO] Wed 2026-09-09 22:52:47.393 [Thread-3] GameCharacter trace():155 - x:121 y:251 vx:7 vy:0
[ INFO] Wed 2026-09-09 22:52:47.499 [Thread-3] GameCharacter trace():155 - x:121 y:251 vx:7 vy:0
[ INFO] Wed 2026-09-09 22:52:47.605 [Thread-3] GameCharacter trace():155 - x:121 y:251 vx:7 vy:0
[ INFO] Wed 2026-09-09 22:52:47.710 [Thread-3] GameCharacter trace():155 - x:121 y:251 vx:7 vy:0
[ INFO] Wed 2026-09-09 22:52:47.816 [Thread-3] GameCharacter trace():155 - x:121 y:251 vx:7 vy:0
[ INFO] Wed 2026-09-09 22:52:47.922 [Thread-3] GameCharacter trace():155 - x:121 y:251 vx:7 vy:0
[ INFO] Wed 2026-09-09 22:52:48.023 [Thread-3] GameCharacter trace():155 - x:121 y:251 vx:7 vy:0
[ INFO] Wed 2026-09-09 22:52:48.127 [Thread-3] GameCharacter trace():155 - x:121 y:251 vx:7 vy:0
[ INFO] Wed 2026-09-09 22:52:48.232 [Thread-3] GameCharacter trace():155 - x:121 y:251 vx:7 vy:0
[ INFO] Wed 2026-09-09 22:52:48.336 [Thread-3] GameCharacter trace():155 - x:121 y:251 vx:7 vy:0
[ INFO] Wed 2026-09-09 22:52:48.439 [Thread-3] GameCharacter trace():155 - x:121 y:251 vx:7 vy:0
[ INFO] Wed 2026-09-09 22:52:48.543 [Thread-3] GameCharacter trace():155 - x:121 y:251 vx:7 vy:0
[DEBUG] Wed 2026-09-09 22:52:48.568 [Thread-4] GameCharacter checkReachGameWall():102 - Character collided with right wall: x=768
[DEBUG] Wed 2026-09-09 22:52:48.589 [Thread-4] GameCharacter checkReachGameWall():102 - Character collided with right wall: x=768
[DEBUG] Wed 2026-09-09 22:52:48.608 [Thread-4] GameCharacter checkReachGameWall():102 - Character collided with right wall: x=768
[DEBUG] Wed 2026-09-09 22:52:48.629 [Thread-4] GameCharacter checkReachGameWall():102 - Character collided with right wall: x=768
[DEBUG] Wed 2026-09-09 22:52:48.649 [Thread-4] GameCharacter checkReachGameWall():102 - Character collided with right wall: x=768
[DEBUG] Wed 2026-09-09 22:52:48.666 [Thread-4] GameCharacter checkReachGameWall():102 - Character collided with right wall: x=768
[DEBUG] Wed 2026-09-09 22:52:48.687 [Thread-4] GameCharacter checkReachGameWall():102 - Character collided with right wall: x=768
[DEBUG] Wed 2026-09-09 22:52:48.703 [Thread-4] GameCharacter checkReachGameWall():102 - Character collided with right wall: x=768
[DEBUG] Wed 2026-09-09 22:52:48.722 [Thread-4] GameCharacter checkReachGameWall():102 - Character collided with right wall: x=768
[DEBUG] Wed 2026-09-09 22:52:48.742 [Thread-4] GameCharacter checkReachGameWall():102 - Character collided with right wall: x=768
[DEBUG] Wed 2026-09-09 22:52:48.761 [Thread-4] GameCharacter checkReachGameWall():102 - Character collided with right wall: x=768
[DEBUG] Wed 2026-09-09 22:52:48.779 [Thread-4] GameCharacter checkReachGameWall():102 - Character collided with right wall: x=768
[DEBUG] Wed 2026-09-09 22:52:48.799 [Thread-4] GameCharacter checkReachGameWall():102 - Character collided with right wall: x=768
[DEBUG] Wed 2026-09-09 22:52:48.820 [Thread-4] GameCharacter checkReachGameWall():102 - Character collided with right wall: x=768
[DEBUG] Wed 2026-09-09 22:52:48.840 [Thread-4] GameCharacter checkReachGameWall():102 - Character collided with right wall: x=768
[DEBUG] Wed 2026-09-09 22:52:48.861 [Thread-4] GameCharacter checkReachGameWall():102 - Character collided with right wall: x=768
[DEBUG] Wed 2026-09-09 22:52:48.881 [Thread-4] GameCharacter checkReachGameWall():102 - Character collided with right wall: x=768
[DEBUG] Wed 2026-09-09 22:52:48.902 [Thread-4] GameCharacter checkReachGameWall():102 - Character collided with right wall: x=768
[DEBUG] Wed 2026-09-09 22:52:48.922 [Thread-4] GameCharacter checkReachGameWall():102 - Character collided with right wall: x=768
[DEBUG] Wed 2026-09-09 22:52:48.940 [Thread-4] GameCharacter checkReachGameWall():102 - Character collided with right wall: x=768
[DEBUG] Wed 2026-09-09 22:52:48.960 [Thread-4] GameCharacter checkReachGameWall():102 - Character collided with right wall: x=768
[DEBUG] Wed 2026-09-09 22:52:48.978 [Thread-4] GameCharacter checkReachGameWall():102 - Character collided with right wall: x=768
[DEBUG] Wed 2026-09-09 22:52:48.998 [Thread-4] GameCharacter checkReachGameWall():102 - Character collided with right wall: x=768
[DEBUG] Wed 2026-09-09 22:52:49.017 [Thread-4] GameCharacter checkReachGameWall():102 - Character collided with right wall: x=768
[DEBUG] Wed 2026-09-09 22:52:49.038 [Thread-4] GameCharacter checkReachGameWall():102 - Character collided with right wall: x=768
[DEBUG] Wed 2026-09-09 22:52:49.057 [Thread-4] GameCharacter checkReachGameWall():102 - Character collided with right wall: x=768
[DEBUG] Wed 2026-09-09 22:52:49.078 [Thread-4] GameCharacter checkReachGameWall():102 - Character collided with right wall: x=768
[DEBUG] Wed 2026-09-09 22:52:49.098 [Thread-4] GameCharacter checkReachGameWall():102 - Character collided with right wall: x=768
[DEBUG] Wed 2026-09-09 22:52:49.119 [Thread-4] GameCharacter checkReachGameWall():102 - Character collided with right wall: x=768
[DEBUG] Wed 2026-09-09 22:52:49.139 [Thread-4] GameCharacter checkReachGameWall():102 - Character collided with right wall: x=768
[DEBUG] Wed 2026-09-09 22:52:49.159 [Thread-4] GameCharacter checkReachGameWall():102 - Character collided with right wall: x=768
[DEBUG] Wed 2026-09-09 22:52:49.176 [Thread-4] GameCharacter checkReachGameWall():102 - Character collided with right wall: x=768
[DEBUG] Wed 2026-09-09 22:52:49.194 [Thread-4] GameCharacter checkReachGameWall():102 - Character collided with right wall: x=768
[DEBUG] Wed 2026-09-09 22:52:49.215 [Thread-4] GameCharacter checkReachGameWall():102 - Character collided with right wall: x=768
[DEBUG] Wed 2026-09-09 22:52:49.234 [Thread-4] GameCharacter checkReachGameWall():102 - Character collided with right wall: x=768
[DEBUG] Wed 2026-09-09 22:52:49.254 [Thread-4] GameCharacter checkReachGameWall():102 - Character collided with right wall: x=768
[DEBUG] Wed 2026-09-09 22:52:49.272 [Thread-4] GameCharacter checkReachGameWall():102 - Character collided with right wall: x=768
[DEBUG] Wed 2026-09-09 22:52:49.293 [Thread-4] GameCharacter checkReachGameWall():102 - Character collided with right wall: x=768
[DEBUG] Wed 2026-09-09 22:52:49.314 [Thread-4] GameCharacter checkReachGameWall():102 - Character collided with right wall: x=768
[DEBUG] Wed 2026-09-09 22:52:49.335 [Thread-4] GameCharacter checkReachGameWall():102 - Character collided with right wall: x=768
[DEBUG] Wed 2026-09-09 22:52:49.355 [Thread-4] GameCharacter checkReachGameWall():102 - Character collided with right wall: x=768
[ INFO] Wed 2026-09-09 22:52:49.375 [Thread-3] GameCharacter trace():155 - x:121 y:251 vx:7 vy:0
[DEBUG] Wed 2026-09-09 22:52:49.375 [Thread-4] GameCharacter checkReachGameWall():102 - Character collided with right wall: x=768
[ INFO] Wed 2026-09-09 22:52:49.476 [Thread-3] GameCharacter trace():155 - x:121 y:251 vx:7 vy:0
[ INFO] Wed 2026-09-09 22:52:49.582 [Thread-3] GameCharacter trace():155 - x:121 y:251 vx:7 vy:0
[ INFO] Wed 2026-09-09 22:52:49.685 [Thread-3] GameCharacter trace():155 - x:121 y:251 vx:7 vy:0
[ INFO] Wed 2026-09-09 22:52:49.791 [Thread-3] GameCharacter trace():155 - x:121 y:251 vx:7 vy:0
[ INFO] Wed 2026-09-09 22:52:50.723 [Thread-3] GameCharacter trace():155 - x:121 y:251 vx:7 vy:0
[ INFO] Wed 2026-09-09 22:52:50.829 [Thread-3] GameCharacter trace():155 - x:156 y:251 vx:7 vy:0
[ INFO] Wed 2026-09-09 22:52:50.933 [Thread-3] GameCharacter trace():155 - x:198 y:251 vx:7 vy:0
[ INFO] Wed 2026-09-09 22:52:51.037 [Thread-3] GameCharacter trace():155 - x:233 y:251 vx:7 vy:0
[ INFO] Wed 2026-09-09 22:52:51.138 [Thread-3] GameCharacter trace():155 - x:268 y:251 vx:7 vy:0
[ INFO] Wed 2026-09-09 22:52:51.244 [Thread-3] GameCharacter trace():155 - x:310 y:251 vx:7 vy:0
[ INFO] Wed 2026-09-09 22:52:51.347 [Thread-3] GameCharacter trace():155 - x:345 y:251 vx:7 vy:0
[ INFO] Wed 2026-09-09 22:52:51.453 [Thread-3] GameCharacter trace():155 - x:387 y:251 vx:7 vy:0
[ INFO] Wed 2026-09-09 22:52:51.559 [Thread-3] GameCharacter trace():155 - x:422 y:251 vx:7 vy:0
[ INFO] Wed 2026-09-09 22:52:51.665 [Thread-3] GameCharacter trace():155 - x:457 y:251 vx:7 vy:0
[ INFO] Wed 2026-09-09 22:52:51.769 [Thread-3] GameCharacter trace():155 - x:499 y:251 vx:7 vy:0
[ INFO] Wed 2026-09-09 22:52:51.872 [Thread-3] GameCharacter trace():155 - x:534 y:251 vx:7 vy:0
[ INFO] Wed 2026-09-09 22:52:51.973 [Thread-3] GameCharacter trace():155 - x:569 y:251 vx:7 vy:0
[ INFO] Wed 2026-09-09 22:52:52.079 [Thread-3] GameCharacter trace():155 - x:611 y:251 vx:7 vy:0
[ INFO] Wed 2026-09-09 22:52:52.185 [Thread-3] GameCharacter trace():155 - x:646 y:251 vx:7 vy:0
[ INFO] Wed 2026-09-09 22:52:52.291 [Thread-3] GameCharacter trace():155 - x:688 y:251 vx:7 vy:0
[ INFO] Wed 2026-09-09 22:52:52.394 [Thread-3] GameCharacter trace():155 - x:723 y:251 vx:7 vy:0
[ INFO] Wed 2026-09-09 22:52:52.499 [Thread-3] GameCharacter trace():155 - x:765 y:251 vx:7 vy:0
[DEBUG] Wed 2026-09-09 22:52:52.533 [Thread-4] GameCharacter checkReachGameWall():102 - Character collided with right wall: x=768
[DEBUG] Wed 2026-09-09 22:52:52.553 [Thread-4] GameCharacter checkReachGameWall():102 - Character collided with right wall: x=768
[DEBUG] Wed 2026-09-09 22:52:52.574 [Thread-4] GameCharacter checkReachGameWall():102 - Character collided with right wall: x=768
[DEBUG] Wed 2026-09-09 22:52:52.594 [Thread-4] GameCharacter checkReachGameWall():102 - Character collided with right wall: x=768
[ INFO] Wed 2026-09-09 22:52:52.605 [Thread-3] GameCharacter trace():155 - x:775 y:251 vx:7 vy:0
[DEBUG] Wed 2026-09-09 22:52:52.614 [Thread-4] GameCharacter checkReachGameWall():102 - Character collided with right wall: x=768
[DEBUG] Wed 2026-09-09 22:52:52.634 [Thread-4] GameCharacter checkReachGameWall():102 - Character collided with right wall: x=768
[DEBUG] Wed 2026-09-09 22:52:52.655 [Thread-4] GameCharacter checkReachGameWall():102 - Character collided with right wall: x=768
[DEBUG] Wed 2026-09-09 22:52:52.675 [Thread-4] GameCharacter checkReachGameWall():102 - Character collided with right wall: x=768
[DEBUG] Wed 2026-09-09 22:52:52.694 [Thread-4] GameCharacter checkReachGameWall():102 - Character collided with right wall: x=768
[DEBUG] Wed 2026-09-09 22:52:52.714 [Thread-4] GameCharacter checkReachGameWall():102 - Character collided with right wall: x=768
[DEBUG] Wed 2026-09-09 22:52:52.733 [Thread-4] GameCharacter checkReachGameWall():102 - Character collided with right wall: x=768
[DEBUG] Wed 2026-09-09 22:52:52.754 [Thread-4] GameCharacter checkReachGameWall():102 - Character collided with right wall: x=768
[DEBUG] Wed 2026-09-09 22:52:52.774 [Thread-4] GameCharacter checkReachGameWall():102 - Character collided with right wall: x=768
[DEBUG] Wed 2026-09-09 22:52:52.795 [Thread-4] GameCharacter checkReachGameWall():102 - Character collided with right wall: x=768
[DEBUG] Wed 2026-09-09 22:52:52.813 [Thread-4] GameCharacter checkReachGameWall():102 - Character collided with right wall: x=768
[DEBUG] Wed 2026-09-09 22:52:52.832 [Thread-4] GameCharacter checkReachGameWall():102 - Character collided with right wall: x=768
[DEBUG] Wed 2026-09-09 22:52:52.853 [Thread-4] GameCharacter checkReachGameWall():102 - Character collided with right wall: x=768
[DEBUG] Wed 2026-09-09 22:52:52.873 [Thread-4] GameCharacter checkReachGameWall():102 - Character collided with right wall: x=768
[DEBUG] Wed 2026-09-09 22:52:52.890 [Thread-4] GameCharacter checkReachGameWall():102 - Character collided with right wall: x=768
[DEBUG] Wed 2026-09-09 22:52:52.910 [Thread-4] GameCharacter checkReachGameWall():102 - Character collided with right wall: x=768
[DEBUG] Wed 2026-09-09 22:52:52.931 [Thread-4] GameCharacter checkReachGameWall():102 - Character collided with right wall: x=768
[DEBUG] Wed 2026-09-09 22:52:52.949 [Thread-4] GameCharacter checkReachGameWall():102 - Character collided with right wall: x=768
[DEBUG] Wed 2026-09-09 22:52:52.968 [Thread-4] GameCharacter checkReachGameWall():102 - Character collided with right wall: x=768
[DEBUG] Wed 2026-09-09 22:52:52.989 [Thread-4] GameCharacter checkReachGameWall():102 - Character collided with right wall: x=768
[DEBUG] Wed 2026-09-09 22:52:53.010 [Thread-4] GameCharacter checkReachGameWall():102 - Character collided with right wall: x=768
[DEBUG] Wed 2026-09-09 22:52:53.031 [Thread-4] GameCharacter checkReachGameWall():102 - Character collided with right wall: x=768
[DEBUG] Wed 2026-09-09 22:52:53.049 [Thread-4] GameCharacter checkReachGameWall():102 - Character collided with right wall: x=768
[DEBUG] Wed 2026-09-09 22:52:53.069 [Thread-4] GameCharacter checkReachGameWall():102 - Character collided with right wall: x=768
[DEBUG] Wed 2026-09-09 22:52:53.086 [Thread-4] GameCharacter checkReachGameWall():102 - Character collided with right wall: x=768
[DEBUG] Wed 2026-09-09 22:52:53.104 [Thread-4] GameCharacter checkReachGameWall():102 - Character collided with right wall: x=768
[DEBUG] Wed 2026-09-09 22:52:53.124 [Thread-4] GameCharacter checkReachGameWall():102 - Character collided with right wall: x=768
[DEBUG] Wed 2026-09-09 22:52:53.145 [Thread-4] GameCharacter checkReachGameWall():102 - Character collided with right wall: x=768
[DEBUG] Wed 2026-09-09 22:52:53.166 [Thread-4] GameCharacter checkReachGameWall():102 - Character collided with right wall: x=768
[DEBUG] Wed 2026-09-09 22:52:53.183 [Thread-4] GameCharacter checkReachGameWall():102 - Character collided with right wall: x=768
[DEBUG] Wed 2026-09-09 22:52:53.204 [Thread-4] GameCharacter checkReachGameWall():102 - Character collided with right wall: x=768
[DEBUG] Wed 2026-09-09 22:52:53.223 [Thread-4] GameCharacter checkReachGameWall():102 - Character collided with right wall: x=768
[DEBUG] Wed 2026-09-09 22:52:53.244 [Thread-4] GameCharacter checkReachGameWall():102 - Character collided with right wall: x=768
[DEBUG] Wed 2026-09-09 22:52:53.264 [Thread-4] GameCharacter checkReachGameWall():102 - Character collided with right wall: x=768
[DEBUG] Wed 2026-09-09 22:52:53.283 [Thread-4] GameCharacter checkReachGameWall():102 - Character collided with right wall: x=768
[DEBUG] Wed 2026-09-09 22:52:53.300 [Thread-4] GameCharacter checkReachGameWall():102 - Character collided with right wall: x=768
[DEBUG] Wed 2026-09-09 22:52:53.320 [Thread-4] GameCharacter checkReachGameWall():102 - Character collided with right wall: x=768
[ INFO] Wed 2026-09-09 22:52:53.331 [Thread-3] GameCharacter trace():155 - x:768 y:251 vx:7 vy:0
[DEBUG] Wed 2026-09-09 22:52:53.340 [Thread-4] GameCharacter checkReachGameWall():102 - Character collided with right wall: x=768
[ INFO] Wed 2026-09-09 22:52:53.436 [Thread-3] GameCharacter trace():155 - x:726 y:251 vx:7 vy:0
[ INFO] Wed 2026-09-09 22:52:53.538 [Thread-3] GameCharacter trace():155 - x:691 y:251 vx:7 vy:0
[ INFO] Wed 2026-09-09 22:52:53.644 [Thread-3] GameCharacter trace():155 - x:656 y:251 vx:7 vy:0
[ INFO] Wed 2026-09-09 22:52:53.747 [Thread-3] GameCharacter trace():155 - x:614 y:251 vx:7 vy:0
[ INFO] Wed 2026-09-09 22:52:53.852 [Thread-3] GameCharacter trace():155 - x:572 y:251 vx:7 vy:0
[ INFO] Wed 2026-09-09 22:52:53.957 [Thread-3] GameCharacter trace():155 - x:537 y:251 vx:7 vy:0
[ INFO] Wed 2026-09-09 22:52:54.058 [Thread-3] GameCharacter trace():155 - x:502 y:251 vx:7 vy:0
[ INFO] Wed 2026-09-09 22:52:54.163 [Thread-3] GameCharacter trace():155 - x:460 y:251 vx:7 vy:0
[ INFO] Wed 2026-09-09 22:52:54.268 [Thread-3] GameCharacter trace():155 - x:425 y:251 vx:7 vy:0
[ INFO] Wed 2026-09-09 22:52:54.374 [Thread-3] GameCharacter trace():155 - x:383 y:251 vx:7 vy:0
[ INFO] Wed 2026-09-09 22:52:54.479 [Thread-3] GameCharacter trace():155 - x:348 y:251 vx:7 vy:0
[ INFO] Wed 2026-09-09 22:52:54.581 [Thread-3] GameCharacter trace():155 - x:313 y:251 vx:7 vy:0
[ INFO] Wed 2026-09-09 22:52:55.728 [Thread-3] GameCharacter trace():155 - x:278 y:251 vx:7 vy:0
[ INFO] Wed 2026-09-09 22:52:55.834 [Thread-3] GameCharacter trace():155 - x:278 y:251 vx:7 vy:0
[ INFO] Wed 2026-09-09 22:52:55.940 [Thread-3] GameCharacter trace():155 - x:278 y:251 vx:7 vy:0
[ INFO] Wed 2026-09-09 22:52:56.044 [Thread-3] GameCharacter trace():155 - x:278 y:251 vx:7 vy:0
[ INFO] Wed 2026-09-09 22:52:56.150 [Thread-3] GameCharacter trace():155 - x:278 y:251 vx:7 vy:0
[ INFO] Wed 2026-09-09 22:52:56.255 [Thread-3] GameCharacter trace():155 - x:278 y:251 vx:7 vy:0
[ INFO] Wed 2026-09-09 22:52:56.361 [Thread-3] GameCharacter trace():155 - x:278 y:251 vx:7 vy:0
[ INFO] Wed 2026-09-09 22:52:56.466 [Thread-3] GameCharacter trace():155 - x:278 y:251 vx:7 vy:0
[ INFO] Wed 2026-09-09 22:52:56.570 [Thread-3] GameCharacter trace():155 - x:278 y:251 vx:7 vy:0
[DEBUG] Wed 2026-09-09 22:52:56.659 [Thread-4] GameCharacter checkReachGameWall():99 - Character collided with left wall: x=0
[ INFO] Wed 2026-09-09 22:52:56.675 [Thread-3] GameCharacter trace():155 - x:278 y:251 vx:7 vy:0
[DEBUG] Wed 2026-09-09 22:52:56.678 [Thread-4] GameCharacter checkReachGameWall():99 - Character collided with left wall: x=0
[DEBUG] Wed 2026-09-09 22:52:56.696 [Thread-4] GameCharacter checkReachGameWall():99 - Character collided with left wall: x=0
[DEBUG] Wed 2026-09-09 22:52:56.714 [Thread-4] GameCharacter checkReachGameWall():99 - Character collided with left wall: x=0
[DEBUG] Wed 2026-09-09 22:52:56.735 [Thread-4] GameCharacter checkReachGameWall():99 - Character collided with left wall: x=0
[DEBUG] Wed 2026-09-09 22:52:56.755 [Thread-4] GameCharacter checkReachGameWall():99 - Character collided with left wall: x=0
[DEBUG] Wed 2026-09-09 22:52:56.776 [Thread-4] GameCharacter checkReachGameWall():99 - Character collided with left wall: x=0
[ INFO] Wed 2026-09-09 22:52:56.779 [Thread-3] GameCharacter trace():155 - x:278 y:251 vx:7 vy:0
[DEBUG] Wed 2026-09-09 22:52:56.796 [Thread-4] GameCharacter checkReachGameWall():99 - Character collided with left wall: x=0
[DEBUG] Wed 2026-09-09 22:52:56.816 [Thread-4] GameCharacter checkReachGameWall():99 - Character collided with left wall: x=0
[DEBUG] Wed 2026-09-09 22:52:56.837 [Thread-4] GameCharacter checkReachGameWall():99 - Character collided with left wall: x=0
[DEBUG] Wed 2026-09-09 22:52:56.857 [Thread-4] GameCharacter checkReachGameWall():99 - Character collided with left wall: x=0
[DEBUG] Wed 2026-09-09 22:52:56.877 [Thread-4] GameCharacter checkReachGameWall():99 - Character collided with left wall: x=0
[ INFO] Wed 2026-09-09 22:52:56.882 [Thread-3] GameCharacter trace():155 - x:278 y:251 vx:7 vy:0
[DEBUG] Wed 2026-09-09 22:52:56.897 [Thread-4] GameCharacter checkReachGameWall():99 - Character collided with left wall: x=0
[DEBUG] Wed 2026-09-09 22:52:56.915 [Thread-4] GameCharacter checkReachGameWall():99 - Character collided with left wall: x=0
[DEBUG] Wed 2026-09-09 22:52:56.936 [Thread-4] GameCharacter checkReachGameWall():99 - Character collided with left wall: x=0
[DEBUG] Wed 2026-09-09 22:52:56.956 [Thread-4] GameCharacter checkReachGameWall():99 - Character collided with left wall: x=0
[DEBUG] Wed 2026-09-09 22:52:56.976 [Thread-4] GameCharacter checkReachGameWall():99 - Character collided with left wall: x=0
[DEBUG] Wed 2026-09-09 22:52:56.997 [Thread-4] GameCharacter checkReachGameWall():99 - Character collided with left wall: x=0
[DEBUG] Wed 2026-09-09 22:52:57.015 [Thread-4] GameCharacter checkReachGameWall():99 - Character collided with left wall: x=0
[DEBUG] Wed 2026-09-09 22:52:57.032 [Thread-4] GameCharacter checkReachGameWall():99 - Character collided with left wall: x=0
[DEBUG] Wed 2026-09-09 22:52:57.051 [Thread-4] GameCharacter checkReachGameWall():99 - Character collided with left wall: x=0
[DEBUG] Wed 2026-09-09 22:52:57.071 [Thread-4] GameCharacter checkReachGameWall():99 - Character collided with left wall: x=0
[DEBUG] Wed 2026-09-09 22:52:57.091 [Thread-4] GameCharacter checkReachGameWall():99 - Character collided with left wall: x=0
[DEBUG] Wed 2026-09-09 22:52:57.109 [Thread-4] GameCharacter checkReachGameWall():99 - Character collided with left wall: x=0
[DEBUG] Wed 2026-09-09 22:52:57.129 [Thread-4] GameCharacter checkReachGameWall():99 - Character collided with left wall: x=0
[DEBUG] Wed 2026-09-09 22:52:57.150 [Thread-4] GameCharacter checkReachGameWall():99 - Character collided with left wall: x=0
[DEBUG] Wed 2026-09-09 22:52:57.170 [Thread-4] GameCharacter checkReachGameWall():99 - Character collided with left wall: x=0
[DEBUG] Wed 2026-09-09 22:52:57.188 [Thread-4] GameCharacter checkReachGameWall():99 - Character collided with left wall: x=0
[DEBUG] Wed 2026-09-09 22:52:57.208 [Thread-4] GameCharacter checkReachGameWall():99 - Character collided with left wall: x=0
[DEBUG] Wed 2026-09-09 22:52:57.226 [Thread-4] GameCharacter checkReachGameWall():99 - Character collided with left wall: x=0
[DEBUG] Wed 2026-09-09 22:52:57.244 [Thread-4] GameCharacter checkReachGameWall():99 - Character collided with left wall: x=0
[DEBUG] Wed 2026-09-09 22:52:57.265 [Thread-4] GameCharacter checkReachGameWall():99 - Character collided with left wall: x=0
[DEBUG] Wed 2026-09-09 22:52:57.286 [Thread-4] GameCharacter checkReachGameWall():99 - Character collided with left wall: x=0
[DEBUG] Wed 2026-09-09 22:52:57.306 [Thread-4] GameCharacter checkReachGameWall():99 - Character collided with left wall: x=0
[DEBUG] Wed 2026-09-09 22:52:57.327 [Thread-4] GameCharacter checkReachGameWall():99 - Character collided with left wall: x=0
[DEBUG] Wed 2026-09-09 22:52:57.348 [Thread-4] GameCharacter checkReachGameWall():99 - Character collided with left wall: x=0
[DEBUG] Wed 2026-09-09 22:52:57.364 [Thread-4] GameCharacter checkReachGameWall():99 - Character collided with left wall: x=0
[DEBUG] Wed 2026-09-09 22:52:57.385 [Thread-4] GameCharacter checkReachGameWall():99 - Character collided with left wall: x=0
[DEBUG] Wed 2026-09-09 22:52:57.405 [Thread-4] GameCharacter checkReachGameWall():99 - Character collided with left wall: x=0
[DEBUG] Wed 2026-09-09 22:52:57.426 [Thread-4] GameCharacter checkReachGameWall():99 - Character collided with left wall: x=0
[DEBUG] Wed 2026-09-09 22:52:57.445 [Thread-4] GameCharacter checkReachGameWall():99 - Character collided with left wall: x=0
[DEBUG] Wed 2026-09-09 22:52:57.466 [Thread-4] GameCharacter checkReachGameWall():99 - Character collided with left wall: x=0
[DEBUG] Wed 2026-09-09 22:52:57.486 [Thread-4] GameCharacter checkReachGameWall():99 - Character collided with left wall: x=0
[ INFO] Wed 2026-09-09 22:52:57.503 [Thread-3] GameCharacter trace():155 - x:278 y:251 vx:7 vy:0
[DEBUG] Wed 2026-09-09 22:52:57.506 [Thread-4] GameCharacter checkReachGameWall():99 - Character collided with left wall: x=0
[ INFO] Wed 2026-09-09 22:52:57.609 [Thread-3] GameCharacter trace():155 - x:278 y:251 vx:7 vy:0
[ INFO] Wed 2026-09-09 22:52:57.711 [Thread-3] GameCharacter trace():155 - x:278 y:251 vx:7 vy:0
[ INFO] Wed 2026-09-09 22:52:57.816 [Thread-3] GameCharacter trace():155 - x:278 y:251 vx:7 vy:0
[ INFO] Wed 2026-09-09 22:52:57.922 [Thread-3] GameCharacter trace():155 - x:278 y:251 vx:7 vy:0
[ INFO] Wed 2026-09-09 22:52:58.028 [Thread-3] GameCharacter trace():155 - x:278 y:251 vx:7 vy:0
[ INFO] Wed 2026-09-09 22:52:58.131 [Thread-3] GameCharacter trace():155 - x:278 y:251 vx:7 vy:0
[ INFO] Wed 2026-09-09 22:52:58.235 [Thread-3] GameCharacter trace():155 - x:278 y:251 vx:7 vy:0
[ INFO] Wed 2026-09-09 22:52:59.686 [Thread-3] GameCharacter trace():155 - x:278 y:251 vx:7 vy:0
[ INFO] Wed 2026-09-09 22:52:59.789 [Thread-3] GameCharacter trace():155 - x:243 y:251 vx:7 vy:0
[ INFO] Wed 2026-09-09 22:52:59.895 [Thread-3] GameCharacter trace():155 - x:278 y:251 vx:7 vy:0
[ INFO] Wed 2026-09-09 22:53:00.001 [Thread-3] GameCharacter trace():155 - x:320 y:251 vx:7 vy:0
[ INFO] Wed 2026-09-09 22:53:01.045 [Thread-3] GameCharacter trace():155 - x:278 y:251 vx:7 vy:0
[ INFO] Wed 2026-09-09 22:53:02.186 [Thread-3] GameCharacter trace():155 - x:320 y:251 vx:7 vy:0
[ INFO] Wed 2026-09-09 22:53:02.498 [Thread-3] GameCharacter trace():155 - x:285 y:251 vx:7 vy:0
[ INFO] Wed 2026-09-09 22:53:02.806 [Thread-3] GameCharacter trace():155 - x:320 y:251 vx:7 vy:0
[ INFO] Wed 2026-09-09 22:53:10.752 [Thread-3] GameCharacter trace():155 - x:278 y:251 vx:7 vy:0
[ INFO] Wed 2026-09-09 22:53:10.858 [Thread-3] GameCharacter trace():155 - x:278 y:251 vx:7 vy:0
[ INFO] Wed 2026-09-09 22:53:10.962 [Thread-3] GameCharacter trace():155 - x:278 y:251 vx:7 vy:0
[ INFO] Wed 2026-09-09 22:53:11.065 [Thread-3] GameCharacter trace():155 - x:278 y:251 vx:7 vy:0
[ INFO] Wed 2026-09-09 22:53:11.167 [Thread-3] GameCharacter trace():155 - x:278 y:251 vx:7 vy:0
[ INFO] Wed 2026-09-09 22:53:11.268 [Thread-3] GameCharacter trace():155 - x:278 y:251 vx:7 vy:0
[ INFO] Wed 2026-09-09 22:53:11.373 [Thread-3] GameCharacter trace():155 - x:278 y:251 vx:7 vy:0
[ INFO] Wed 2026-09-09 22:53:11.580 [Thread-3] GameCharacter trace():155 - x:278 y:251 vx:7 vy:0
[ INFO] Wed 2026-09-09 22:53:11.682 [Thread-3] GameCharacter trace():155 - x:278 y:251 vx:7 vy:0
[ INFO] Wed 2026-09-09 22:53:11.788 [Thread-3] GameCharacter trace():155 - x:278 y:251 vx:7 vy:0
[ INFO] Wed 2026-09-09 22:53:11.894 [Thread-3] GameCharacter trace():155 - x:278 y:251 vx:7 vy:0
[ INFO] Wed 2026-09-09 22:53:11.999 [Thread-3] GameCharacter trace():155 - x:278 y:251 vx:7 vy:0
[DEBUG] Wed 2026-09-09 22:55:38.674 [Thread-4] GameCharacter checkReachFloor():128 - Character collided with floor: y=240
[DEBUG] Wed 2026-09-09 22:55:38.694 [Thread-4] GameCharacter checkReachFloor():128 - Character collided with floor: y=251
[ INFO] Wed 2026-09-09 22:55:39.727 [Thread-3] GameCharacter trace():155 - x:30 y:251 vx:0 vy:0
[ INFO] Wed 2026-09-09 22:55:39.831 [Thread-3] GameCharacter trace():155 - x:30 y:251 vx:0 vy:0
[ INFO] Wed 2026-09-09 22:55:39.936 [Thread-3] GameCharacter trace():155 - x:30 y:251 vx:0 vy:0
[ INFO] Wed 2026-09-09 22:55:40.773 [Thread-3] GameCharacter trace():155 - x:30 y:251 vx:0 vy:0
[ INFO] Wed 2026-09-09 22:55:40.879 [Thread-3] GameCharacter trace():155 - x:30 y:251 vx:0 vy:0
[ INFO] Wed 2026-09-09 22:55:41.810 [Thread-3] GameCharacter trace():155 - x:30 y:251 vx:0 vy:0
[ INFO] Wed 2026-09-09 22:55:41.915 [Thread-3] GameCharacter trace():155 - x:30 y:251 vx:0 vy:0
[ INFO] Wed 2026-09-09 22:55:42.019 [Thread-3] GameCharacter trace():155 - x:30 y:251 vx:0 vy:0
[ INFO] Wed 2026-09-09 22:55:42.230 [Thread-3] GameCharacter trace():155 - x:30 y:251 vx:0 vy:0
[ INFO] Wed 2026-09-09 22:55:42.335 [Thread-3] GameCharacter trace():155 - x:45 y:251 vx:5 vy:0
[ INFO] Wed 2026-09-09 22:55:42.440 [Thread-3] GameCharacter trace():155 - x:86 y:251 vx:7 vy:0
[ INFO] Wed 2026-09-09 22:55:42.545 [Thread-3] GameCharacter trace():155 - x:128 y:251 vx:7 vy:0
[ INFO] Wed 2026-09-09 22:55:42.647 [Thread-3] GameCharacter trace():155 - x:163 y:251 vx:7 vy:0
[ INFO] Wed 2026-09-09 22:55:42.752 [Thread-3] GameCharacter trace():155 - x:198 y:251 vx:7 vy:0
[ INFO] Wed 2026-09-09 22:55:42.858 [Thread-3] GameCharacter trace():155 - x:233 y:251 vx:7 vy:0
[ INFO] Wed 2026-09-09 22:55:42.963 [Thread-3] GameCharacter trace():155 - x:275 y:251 vx:7 vy:0
[ INFO] Wed 2026-09-09 22:55:43.068 [Thread-3] GameCharacter trace():155 - x:310 y:251 vx:7 vy:0
[ INFO] Wed 2026-09-09 22:55:43.069 [Thread-3] GameCharacter trace():155 - x:310 y:251 vx:7 vy:0
[ INFO] Wed 2026-09-09 22:55:43.172 [Thread-3] GameCharacter trace():155 - x:352 y:251 vx:7 vy:0
[ INFO] Wed 2026-09-09 22:55:43.173 [Thread-3] GameCharacter trace():155 - x:352 y:251 vx:7 vy:0
[ INFO] Wed 2026-09-09 22:55:43.274 [Thread-3] GameCharacter trace():155 - x:387 y:251 vx:7 vy:0
[ INFO] Wed 2026-09-09 22:55:43.275 [Thread-3] GameCharacter trace():155 - x:387 y:251 vx:7 vy:0
[ INFO] Wed 2026-09-09 22:55:44.525 [Thread-3] GameCharacter trace():155 - x:429 y:251 vx:7 vy:0
[ INFO] Wed 2026-09-09 22:55:44.630 [Thread-3] GameCharacter trace():155 - x:429 y:251 vx:7 vy:0
[ INFO] Wed 2026-09-09 22:55:44.735 [Thread-3] GameCharacter trace():155 - x:429 y:251 vx:7 vy:0
[ INFO] Wed 2026-09-09 22:55:44.839 [Thread-3] GameCharacter trace():155 - x:429 y:251 vx:7 vy:0
[ INFO] Wed 2026-09-09 22:55:44.943 [Thread-3] GameCharacter trace():155 - x:429 y:251 vx:7 vy:0
[ INFO] Wed 2026-09-09 22:55:45.049 [Thread-3] GameCharacter trace():155 - x:429 y:251 vx:7 vy:0
[ INFO] Wed 2026-09-09 22:55:46.304 [Thread-3] GameCharacter trace():155 - x:429 y:251 vx:7 vy:0
[ INFO] Wed 2026-09-09 22:55:46.410 [Thread-3] GameCharacter trace():155 - x:429 y:251 vx:7 vy:0
[ INFO] Wed 2026-09-09 22:55:46.827 [Thread-3] GameCharacter trace():155 - x:429 y:251 vx:7 vy:0
[ INFO] Wed 2026-09-09 22:55:46.933 [Thread-3] GameCharacter trace():155 - x:464 y:251 vx:7 vy:0
[ INFO] Wed 2026-09-09 22:55:47.348 [Thread-3] GameCharacter trace():155 - x:506 y:251 vx:7 vy:0
[ INFO] Wed 2026-09-09 22:55:47.454 [Thread-3] GameCharacter trace():155 - x:471 y:251 vx:7 vy:0
[ INFO] Wed 2026-09-09 22:55:47.560 [Thread-3] GameCharacter trace():155 - x:429 y:251 vx:7 vy:0
[ INFO] Wed 2026-09-09 22:55:47.666 [Thread-3] GameCharacter trace():155 - x:394 y:251 vx:7 vy:0
[ INFO] Wed 2026-09-09 22:55:47.771 [Thread-3] GameCharacter trace():155 - x:352 y:251 vx:7 vy:0
[ INFO] Wed 2026-09-09 22:55:47.874 [Thread-3] GameCharacter trace():155 - x:387 y:251 vx:7 vy:0
[ INFO] Wed 2026-09-09 22:55:47.980 [Thread-3] GameCharacter trace():155 - x:422 y:251 vx:7 vy:0
[ INFO] Wed 2026-09-09 22:55:48.085 [Thread-3] GameCharacter trace():155 - x:464 y:251 vx:7 vy:0
[ INFO] Wed 2026-09-09 22:55:48.192 [Thread-3] GameCharacter trace():155 - x:429 y:251 vx:7 vy:0
[ INFO] Wed 2026-09-09 22:55:48.298 [Thread-3] GameCharacter trace():155 - x:387 y:251 vx:7 vy:0
[ INFO] Wed 2026-09-09 22:55:48.403 [Thread-3] GameCharacter trace():155 - x:422 y:251 vx:7 vy:0
[ INFO] Wed 2026-09-09 22:55:48.818 [Thread-3] GameCharacter trace():155 - x:464 y:251 vx:7 vy:0
[ INFO] Wed 2026-09-09 22:55:48.924 [Thread-3] GameCharacter trace():155 - x:429 y:251 vx:7 vy:0
[ INFO] Wed 2026-09-09 22:55:49.234 [Thread-3] GameCharacter trace():155 - x:387 y:251 vx:7 vy:0
[ INFO] Wed 2026-09-09 22:55:49.340 [Thread-3] GameCharacter trace():155 - x:387 y:251 vx:7 vy:0
[ INFO] Wed 2026-09-09 22:55:49.444 [Thread-3] GameCharacter trace():155 - x:387 y:251 vx:7 vy:0
[ INFO] Wed 2026-09-09 22:55:49.550 [Thread-3] GameCharacter trace():155 - x:387 y:251 vx:7 vy:0
[ INFO] Wed 2026-09-09 22:55:49.653 [Thread-3] GameCharacter trace():155 - x:387 y:251 vx:7 vy:0
[ INFO] Wed 2026-09-09 22:55:49.755 [Thread-3] GameCharacter trace():155 - x:387 y:251 vx:7 vy:0
[ INFO] Wed 2026-09-09 22:55:49.756 [Thread-3] GameCharacter trace():155 - x:387 y:251 vx:7 vy:0
[ INFO] Wed 2026-09-09 22:55:49.861 [Thread-3] GameCharacter trace():155 - x:422 y:251 vx:7 vy:0
[ INFO] Wed 2026-09-09 22:55:49.861 [Thread-3] GameCharacter trace():155 - x:422 y:251 vx:7 vy:0
[ INFO] Wed 2026-09-09 22:55:49.964 [Thread-3] GameCharacter trace():155 - x:457 y:251 vx:7 vy:0
[ INFO] Wed 2026-09-09 22:55:49.965 [Thread-3] GameCharacter trace():155 - x:457 y:251 vx:7 vy:0
[ INFO] Wed 2026-09-09 22:55:50.069 [Thread-3] GameCharacter trace():155 - x:499 y:251 vx:7 vy:0
[ INFO] Wed 2026-09-09 22:55:50.070 [Thread-3] GameCharacter trace():155 - x:499 y:251 vx:7 vy:0
[ INFO] Wed 2026-09-09 22:55:50.175 [Thread-3] GameCharacter trace():155 - x:534 y:251 vx:7 vy:0
[ INFO] Wed 2026-09-09 22:55:50.176 [Thread-3] GameCharacter trace():155 - x:534 y:251 vx:7 vy:0
[ INFO] Wed 2026-09-09 22:55:50.278 [Thread-3] GameCharacter trace():155 - x:569 y:251 vx:7 vy:0
[ INFO] Wed 2026-09-09 22:55:50.279 [Thread-3] GameCharacter trace():155 - x:569 y:251 vx:7 vy:0
[ INFO] Wed 2026-09-09 22:55:50.484 [Thread-3] GameCharacter trace():155 - x:611 y:251 vx:7 vy:0
[ INFO] Wed 2026-09-09 22:55:50.589 [Thread-3] GameCharacter trace():155 - x:569 y:251 vx:7 vy:0
[ INFO] Wed 2026-09-09 22:55:50.590 [Thread-3] GameCharacter trace():155 - x:569 y:251 vx:7 vy:0
[ INFO] Wed 2026-09-09 22:55:50.694 [Thread-3] GameCharacter trace():155 - x:534 y:251 vx:7 vy:0
[ INFO] Wed 2026-09-09 22:55:50.695 [Thread-3] GameCharacter trace():155 - x:534 y:251 vx:7 vy:0
[ INFO] Wed 2026-09-09 22:55:50.796 [Thread-3] GameCharacter trace():155 - x:492 y:251 vx:7 vy:0
[ INFO] Wed 2026-09-09 22:55:50.797 [Thread-3] GameCharacter trace():155 - x:492 y:251 vx:7 vy:0
[ INFO] Wed 2026-09-09 22:55:51.315 [Thread-3] GameCharacter trace():155 - x:457 y:251 vx:7 vy:0
[ INFO] Wed 2026-09-09 22:55:51.631 [Thread-3] GameCharacter trace():155 - x:499 y:251 vx:7 vy:0
[ INFO] Wed 2026-09-09 22:55:51.732 [Thread-3] GameCharacter trace():155 - x:499 y:251 vx:7 vy:0
[ INFO] Wed 2026-09-09 22:55:52.360 [Thread-3] GameCharacter trace():155 - x:499 y:251 vx:7 vy:0
[ INFO] Wed 2026-09-09 22:55:52.466 [Thread-3] GameCharacter trace():155 - x:499 y:251 vx:7 vy:0
[ INFO] Wed 2026-09-09 22:55:52.572 [Thread-3] GameCharacter trace():155 - x:499 y:251 vx:7 vy:0
[ INFO] Wed 2026-09-09 22:55:52.674 [Thread-3] GameCharacter trace():155 - x:499 y:251 vx:7 vy:0
[ INFO] Wed 2026-09-09 22:55:52.778 [Thread-3] GameCharacter trace():155 - x:499 y:251 vx:7 vy:0
[ INFO] Wed 2026-09-09 22:55:53.599 [Thread-3] GameCharacter trace():155 - x:499 y:251 vx:7 vy:0
[ INFO] Wed 2026-09-09 22:55:53.705 [Thread-3] GameCharacter trace():155 - x:499 y:251 vx:7 vy:0
[ INFO] Wed 2026-09-09 22:55:54.226 [Thread-3] GameCharacter trace():155 - x:499 y:251 vx:7 vy:0
[ INFO] Wed 2026-09-09 22:55:54.327 [Thread-3] GameCharacter trace():155 - x:499 y:251 vx:7 vy:0
[ INFO] Wed 2026-09-09 22:55:54.431 [Thread-3] GameCharacter trace():155 - x:499 y:251 vx:7 vy:0
[ INFO] Wed 2026-09-09 22:55:54.537 [Thread-3] GameCharacter trace():155 - x:499 y:251 vx:7 vy:0
[ INFO] Wed 2026-09-09 22:55:54.643 [Thread-3] GameCharacter trace():155 - x:499 y:251 vx:7 vy:0
[ INFO] Wed 2026-09-09 22:55:54.748 [Thread-3] GameCharacter trace():155 - x:499 y:251 vx:7 vy:0
[ INFO] Wed 2026-09-09 22:55:54.852 [Thread-3] GameCharacter trace():155 - x:499 y:251 vx:7 vy:0
[ INFO] Wed 2026-09-09 22:55:54.958 [Thread-3] GameCharacter trace():155 - x:499 y:251 vx:7 vy:0
[ INFO] Wed 2026-09-09 22:55:55.064 [Thread-3] GameCharacter trace():155 - x:499 y:251 vx:7 vy:0
[ INFO] Wed 2026-09-09 22:55:55.169 [Thread-3] GameCharacter trace():155 - x:499 y:251 vx:7 vy:0
[ INFO] Wed 2026-09-09 22:55:55.275 [Thread-3] GameCharacter trace():155 - x:499 y:251 vx:7 vy:0
[ INFO] Wed 2026-09-09 22:55:55.381 [Thread-3] GameCharacter trace():155 - x:499 y:251 vx:7 vy:0
[ INFO] Wed 2026-09-09 22:55:55.487 [Thread-3] GameCharacter trace():155 - x:499 y:251 vx:7 vy:0
[ INFO] Wed 2026-09-09 22:55:55.591 [Thread-3] GameCharacter trace():155 - x:499 y:251 vx:7 vy:0
[ INFO] Wed 2026-09-09 22:55:55.693 [Thread-3] GameCharacter trace():155 - x:499 y:251 vx:7 vy:0
[ INFO] Wed 2026-09-09 22:55:55.797 [Thread-3] GameCharacter trace():155 - x:499 y:251 vx:7 vy:0
[ INFO] Wed 2026-09-09 22:55:55.903 [Thread-3] GameCharacter trace():155 - x:499 y:251 vx:7 vy:0
[ INFO] Wed 2026-09-09 22:55:56.008 [Thread-3] GameCharacter trace():155 - x:499 y:251 vx:7 vy:0
[ INFO] Wed 2026-09-09 22:55:56.109 [Thread-3] GameCharacter trace():155 - x:499 y:251 vx:7 vy:0
[ INFO] Wed 2026-09-09 22:55:57.140 [Thread-3] GameCharacter trace():155 - x:499 y:251 vx:7 vy:0
[DEBUG] Wed 2026-09-09 22:55:58.209 [Thread-4] GameCharacter checkReachFloor():128 - Character collided with floor: y=240
[ INFO] Wed 2026-09-09 22:55:58.489 [Thread-3] GameCharacter trace():155 - x:499 y:251 vx:7 vy:0
[ INFO] Wed 2026-09-09 22:55:58.591 [Thread-3] GameCharacter trace():155 - x:499 y:251 vx:7 vy:0
[DEBUG] Wed 2026-09-09 22:55:59.652 [Thread-4] GameCharacter checkReachFloor():128 - Character collided with floor: y=240
[ INFO] Wed 2026-09-09 22:55:59.726 [Thread-3] GameCharacter trace():155 - x:499 y:251 vx:7 vy:0
[ INFO] Wed 2026-09-09 22:55:59.833 [Thread-3] GameCharacter trace():155 - x:499 y:251 vx:7 vy:0
[ INFO] Wed 2026-09-09 22:55:59.935 [Thread-3] GameCharacter trace():155 - x:499 y:251 vx:7 vy:0
[ INFO] Wed 2026-09-09 22:56:00.039 [Thread-3] GameCharacter trace():155 - x:499 y:251 vx:7 vy:0
[ INFO] Wed 2026-09-09 22:56:00.147 [Thread-3] GameCharacter trace():155 - x:499 y:251 vx:7 vy:0
[ INFO] Wed 2026-09-09 22:56:00.253 [Thread-3] GameCharacter trace():155 - x:499 y:251 vx:7 vy:0
[ INFO] Wed 2026-09-09 22:56:00.564 [Thread-3] GameCharacter trace():155 - x:499 y:251 vx:7 vy:0
[DEBUG] Wed 2026-09-09 22:56:00.599 [Thread-4] GameCharacter checkReachFloor():128 - Character collided with floor: y=240
[ INFO] Wed 2026-09-09 22:56:00.670 [Thread-3] GameCharacter trace():155 - x:499 y:251 vx:7 vy:0
[ INFO] Wed 2026-09-09 22:56:00.772 [Thread-3] GameCharacter trace():155 - x:499 y:251 vx:7 vy:0
[ INFO] Wed 2026-09-09 22:56:00.876 [Thread-3] GameCharacter trace():155 - x:499 y:251 vx:7 vy:0
[ INFO] Wed 2026-09-09 22:56:00.980 [Thread-3] GameCharacter trace():155 - x:499 y:251 vx:7 vy:0
[ INFO] Wed 2026-09-09 22:56:01.087 [Thread-3] GameCharacter trace():155 - x:499 y:251 vx:7 vy:0
[ INFO] Wed 2026-09-09 22:56:01.192 [Thread-3] GameCharacter trace():155 - x:499 y:251 vx:7 vy:0
[DEBUG] Wed 2026-09-09 22:56:01.418 [Thread-4] GameCharacter checkReachFloor():128 - Character collided with floor: y=240
[ INFO] Wed 2026-09-09 22:56:04.925 [Thread-3] GameCharacter trace():155 - x:499 y:251 vx:7 vy:0
[ INFO] Wed 2026-09-09 22:56:05.031 [Thread-3] GameCharacter trace():155 - x:464 y:251 vx:7 vy:0
[ INFO] Wed 2026-09-09 22:56:05.132 [Thread-3] GameCharacter trace():155 - x:422 y:251 vx:7 vy:0
[ INFO] Wed 2026-09-09 22:56:05.237 [Thread-3] GameCharacter trace():155 - x:387 y:251 vx:7 vy:0
[ INFO] Wed 2026-09-09 22:56:05.854 [Thread-3] GameCharacter trace():155 - x:345 y:251 vx:7 vy:0
[ INFO] Wed 2026-09-09 22:56:05.957 [Thread-3] GameCharacter trace():155 - x:345 y:251 vx:7 vy:0
[ INFO] Wed 2026-09-09 22:56:06.378 [Thread-3] GameCharacter trace():155 - x:345 y:251 vx:7 vy:0
[ INFO] Wed 2026-09-09 22:56:06.481 [Thread-3] GameCharacter trace():155 - x:345 y:251 vx:7 vy:0
[ INFO] Wed 2026-09-09 22:56:07.416 [Thread-3] GameCharacter trace():155 - x:345 y:251 vx:7 vy:0
[ INFO] Wed 2026-09-09 22:56:07.522 [Thread-3] GameCharacter trace():155 - x:345 y:251 vx:7 vy:0
[ INFO] Wed 2026-09-09 22:56:07.731 [Thread-3] GameCharacter trace():155 - x:345 y:251 vx:7 vy:0
[ INFO] Wed 2026-09-09 22:56:07.837 [Thread-3] GameCharacter trace():155 - x:345 y:251 vx:7 vy:0
[ INFO] Wed 2026-09-09 22:56:07.942 [Thread-3] GameCharacter trace():155 - x:345 y:251 vx:7 vy:0
[ INFO] Wed 2026-09-09 22:56:08.046 [Thread-3] GameCharacter trace():155 - x:345 y:251 vx:7 vy:0
[ INFO] Wed 2026-09-09 22:56:08.875 [Thread-3] GameCharacter trace():155 - x:345 y:251 vx:7 vy:0
[ INFO] Wed 2026-09-09 22:56:08.981 [Thread-3] GameCharacter trace():155 - x:345 y:251 vx:7 vy:0
[ INFO] Wed 2026-09-09 22:56:09.087 [Thread-3] GameCharacter trace():155 - x:345 y:251 vx:7 vy:0
[ INFO] Wed 2026-09-09 22:56:09.193 [Thread-3] GameCharacter trace():155 - x:345 y:251 vx:7 vy:0
[ INFO] Wed 2026-09-09 22:56:09.297 [Thread-3] GameCharacter trace():155 - x:345 y:251 vx:7 vy:0
[DEBUG] Wed 2026-09-09 22:56:09.340 [Thread-4] GameCharacter checkReachFloor():128 - Character collided with floor: y=240
[ INFO] Wed 2026-09-09 22:56:09.403 [Thread-3] GameCharacter trace():155 - x:345 y:251 vx:7 vy:0
[ INFO] Wed 2026-09-09 22:56:09.507 [Thread-3] GameCharacter trace():155 - x:345 y:251 vx:7 vy:0
[ INFO] Wed 2026-09-09 22:56:09.610 [Thread-3] GameCharacter trace():155 - x:345 y:251 vx:7 vy:0
[ INFO] Wed 2026-09-09 22:56:09.923 [Thread-3] GameCharacter trace():155 - x:345 y:251 vx:7 vy:0
[ INFO] Wed 2026-09-09 22:56:10.028 [Thread-3] GameCharacter trace():155 - x:345 y:251 vx:7 vy:0
[ INFO] Wed 2026-09-09 22:56:10.134 [Thread-3] GameCharacter trace():155 - x:345 y:251 vx:7 vy:0
[DEBUG] Wed 2026-09-09 22:56:10.150 [Thread-4] GameCharacter checkReachFloor():128 - Character collided with floor: y=240
[ INFO] Wed 2026-09-09 22:56:10.239 [Thread-3] GameCharacter trace():155 - x:345 y:251 vx:7 vy:0
[ INFO] Wed 2026-09-09 22:56:10.345 [Thread-3] GameCharacter trace():155 - x:345 y:251 vx:7 vy:0
[ INFO] Wed 2026-09-09 22:56:10.451 [Thread-3] GameCharacter trace():155 - x:345 y:251 vx:7 vy:0
[ INFO] Wed 2026-09-09 22:56:10.662 [Thread-3] GameCharacter trace():155 - x:345 y:251 vx:7 vy:0
[ INFO] Wed 2026-09-09 22:56:10.764 [Thread-3] GameCharacter trace():155 - x:345 y:251 vx:7 vy:0
[ INFO] Wed 2026-09-09 22:56:10.865 [Thread-3] GameCharacter trace():155 - x:345 y:251 vx:7 vy:0
[ INFO] Wed 2026-09-09 22:56:10.971 [Thread-3] GameCharacter trace():155 - x:345 y:251 vx:7 vy:0
[ INFO] Wed 2026-09-09 22:56:11.076 [Thread-3] GameCharacter trace():155 - x:345 y:251 vx:7 vy:0
[DEBUG] Wed 2026-09-09 22:56:11.207 [Thread-4] GameCharacter checkReachFloor():128 - Character collided with floor: y=240
[ INFO] Wed 2026-09-09 22:56:11.496 [Thread-3] GameCharacter trace():155 - x:345 y:251 vx:7 vy:0
[ INFO] Wed 2026-09-09 22:56:11.597 [Thread-3] GameCharacter trace():155 - x:345 y:251 vx:7 vy:0
[ INFO] Wed 2026-09-09 22:56:11.703 [Thread-3] GameCharacter trace():155 - x:345 y:251 vx:7 vy:0
[DEBUG] Wed 2026-09-09 22:57:00.935 [Thread-4] GameCharacter checkReachFloor():129 - Character collided with floor: y=240
[DEBUG] Wed 2026-09-09 22:57:00.956 [Thread-4] GameCharacter checkReachFloor():129 - Character collided with floor: y=251
[ INFO] Wed 2026-09-09 22:57:02.012 [Thread-3] GameCharacter trace():156 - x:30 y:251 vx:0 vy:0
[ INFO] Wed 2026-09-09 22:57:02.119 [Thread-3] GameCharacter trace():156 - x:30 y:251 vx:0 vy:0
[ INFO] Wed 2026-09-09 22:57:02.225 [Thread-3] GameCharacter trace():156 - x:30 y:251 vx:0 vy:0
[ INFO] Wed 2026-09-09 22:57:02.327 [Thread-3] GameCharacter trace():156 - x:30 y:251 vx:0 vy:0
[ INFO] Wed 2026-09-09 22:57:02.431 [Thread-3] GameCharacter trace():156 - x:30 y:251 vx:0 vy:0
[ INFO] Wed 2026-09-09 22:57:02.536 [Thread-3] GameCharacter trace():156 - x:30 y:251 vx:0 vy:0
[ INFO] Wed 2026-09-09 22:57:02.643 [Thread-3] GameCharacter trace():156 - x:30 y:251 vx:0 vy:0
[ INFO] Wed 2026-09-09 22:57:02.747 [Thread-3] GameCharacter trace():156 - x:30 y:251 vx:0 vy:0
[ INFO] Wed 2026-09-09 22:57:02.853 [Thread-3] GameCharacter trace():156 - x:30 y:251 vx:0 vy:0
[ INFO] Wed 2026-09-09 22:57:03.892 [Thread-3] GameCharacter trace():156 - x:30 y:251 vx:0 vy:0
[ INFO] Wed 2026-09-09 22:57:03.994 [Thread-3] GameCharacter trace():156 - x:30 y:251 vx:0 vy:0
[ INFO] Wed 2026-09-09 22:57:05.034 [Thread-3] GameCharacter trace():156 - x:30 y:251 vx:0 vy:0
[ INFO] Wed 2026-09-09 22:57:05.140 [Thread-3] GameCharacter trace():156 - x:45 y:251 vx:5 vy:0
[ INFO] Wed 2026-09-09 22:57:05.244 [Thread-3] GameCharacter trace():156 - x:79 y:251 vx:7 vy:0
[ INFO] Wed 2026-09-09 22:57:05.347 [Thread-3] GameCharacter trace():156 - x:121 y:251 vx:7 vy:0
[ INFO] Wed 2026-09-09 22:57:05.555 [Thread-3] GameCharacter trace():156 - x:156 y:251 vx:7 vy:0
[ INFO] Wed 2026-09-09 22:57:05.660 [Thread-3] GameCharacter trace():156 - x:198 y:251 vx:7 vy:0
[ INFO] Wed 2026-09-09 22:57:05.761 [Thread-3] GameCharacter trace():156 - x:233 y:251 vx:7 vy:0
[ INFO] Wed 2026-09-09 22:57:05.867 [Thread-3] GameCharacter trace():156 - x:275 y:251 vx:7 vy:0
[ INFO] Wed 2026-09-09 22:57:05.972 [Thread-3] GameCharacter trace():156 - x:310 y:251 vx:7 vy:0
[ INFO] Wed 2026-09-09 22:57:06.077 [Thread-3] GameCharacter trace():156 - x:352 y:251 vx:7 vy:0
[ INFO] Wed 2026-09-09 22:57:06.183 [Thread-3] GameCharacter trace():156 - x:387 y:251 vx:7 vy:0
[ INFO] Wed 2026-09-09 22:57:06.285 [Thread-3] GameCharacter trace():156 - x:429 y:251 vx:7 vy:0
[ INFO] Wed 2026-09-09 22:57:06.388 [Thread-3] GameCharacter trace():156 - x:464 y:251 vx:7 vy:0
[ INFO] Wed 2026-09-09 22:57:06.494 [Thread-3] GameCharacter trace():156 - x:506 y:251 vx:7 vy:0
[ INFO] Wed 2026-09-09 22:57:06.599 [Thread-3] GameCharacter trace():156 - x:541 y:251 vx:7 vy:0
[ INFO] Wed 2026-09-09 22:57:06.703 [Thread-3] GameCharacter trace():156 - x:499 y:251 vx:7 vy:0
[ INFO] Wed 2026-09-09 22:57:06.806 [Thread-3] GameCharacter trace():156 - x:464 y:251 vx:7 vy:0
[ INFO] Wed 2026-09-09 22:57:07.011 [Thread-3] GameCharacter trace():156 - x:429 y:251 vx:7 vy:0
[ INFO] Wed 2026-09-09 22:57:07.113 [Thread-3] GameCharacter trace():156 - x:464 y:251 vx:7 vy:0
[ INFO] Wed 2026-09-09 22:57:07.218 [Thread-3] GameCharacter trace():156 - x:506 y:251 vx:7 vy:0
[ INFO] Wed 2026-09-09 22:57:07.323 [Thread-3] GameCharacter trace():156 - x:471 y:251 vx:7 vy:0
[ INFO] Wed 2026-09-09 22:57:07.429 [Thread-3] GameCharacter trace():156 - x:429 y:251 vx:7 vy:0
[ INFO] Wed 2026-09-09 22:57:07.634 [Thread-3] GameCharacter trace():156 - x:464 y:251 vx:7 vy:0
[ INFO] Wed 2026-09-09 22:57:08.052 [Thread-3] GameCharacter trace():156 - x:429 y:251 vx:7 vy:0
[ INFO] Wed 2026-09-09 22:57:08.158 [Thread-3] GameCharacter trace():156 - x:429 y:251 vx:7 vy:0
[ INFO] Wed 2026-09-09 22:57:08.369 [Thread-3] GameCharacter trace():156 - x:429 y:251 vx:7 vy:0
[ INFO] Wed 2026-09-09 22:57:08.475 [Thread-3] GameCharacter trace():156 - x:429 y:251 vx:7 vy:0
[ INFO] Wed 2026-09-09 22:57:08.581 [Thread-3] GameCharacter trace():156 - x:429 y:251 vx:7 vy:0
[ INFO] Wed 2026-09-09 22:57:08.687 [Thread-3] GameCharacter trace():156 - x:429 y:251 vx:7 vy:0
[ INFO] Wed 2026-09-09 22:57:08.788 [Thread-3] GameCharacter trace():156 - x:429 y:251 vx:7 vy:0
[ INFO] Wed 2026-09-09 22:57:08.894 [Thread-3] GameCharacter trace():156 - x:429 y:251 vx:7 vy:0
[ INFO] Wed 2026-09-09 22:57:08.997 [Thread-3] GameCharacter trace():156 - x:429 y:251 vx:7 vy:0
[ INFO] Wed 2026-09-09 22:57:09.618 [Thread-3] GameCharacter trace():156 - x:429 y:251 vx:7 vy:0
[ INFO] Wed 2026-09-09 22:57:09.724 [Thread-3] GameCharacter trace():156 - x:429 y:251 vx:7 vy:0
[ INFO] Wed 2026-09-09 22:57:09.830 [Thread-3] GameCharacter trace():156 - x:429 y:251 vx:7 vy:0
[ INFO] Wed 2026-09-09 22:57:10.452 [Thread-3] GameCharacter trace():156 - x:429 y:251 vx:7 vy:0
[ INFO] Wed 2026-09-09 22:57:10.555 [Thread-3] GameCharacter trace():156 - x:429 y:251 vx:7 vy:0
[ INFO] Wed 2026-09-09 22:57:10.660 [Thread-3] GameCharacter trace():156 - x:429 y:251 vx:7 vy:0
[ INFO] Wed 2026-09-09 22:57:10.761 [Thread-3] GameCharacter trace():156 - x:429 y:251 vx:7 vy:0
[ INFO] Wed 2026-09-09 22:57:10.867 [Thread-3] GameCharacter trace():156 - x:429 y:251 vx:7 vy:0
[ INFO] Wed 2026-09-09 22:57:11.179 [Thread-3] GameCharacter trace():156 - x:429 y:251 vx:7 vy:0
[ INFO] Wed 2026-09-09 22:57:11.285 [Thread-3] GameCharacter trace():156 - x:429 y:251 vx:7 vy:0
[ INFO] Wed 2026-09-09 22:57:11.388 [Thread-3] GameCharacter trace():156 - x:429 y:251 vx:7 vy:0
[ INFO] Wed 2026-09-09 22:57:11.492 [Thread-3] GameCharacter trace():156 - x:429 y:251 vx:7 vy:0
[ INFO] Wed 2026-09-09 22:57:11.598 [Thread-3] GameCharacter trace():156 - x:429 y:251 vx:7 vy:0
[ INFO] Wed 2026-09-09 22:57:11.704 [Thread-3] GameCharacter trace():156 - x:429 y:251 vx:7 vy:0
[ INFO] Wed 2026-09-09 22:57:11.808 [Thread-3] GameCharacter trace():156 - x:429 y:251 vx:7 vy:0
[ INFO] Wed 2026-09-09 22:57:11.914 [Thread-3] GameCharacter trace():156 - x:429 y:251 vx:7 vy:0
[ INFO] Wed 2026-09-09 22:57:12.017 [Thread-3] GameCharacter trace():156 - x:429 y:251 vx:7 vy:0
[ INFO] Wed 2026-09-09 22:57:12.123 [Thread-3] GameCharacter trace():156 - x:387 y:251 vx:7 vy:0
[ INFO] Wed 2026-09-09 22:57:12.227 [Thread-3] GameCharacter trace():156 - x:352 y:251 vx:7 vy:0
[ INFO] Wed 2026-09-09 22:57:12.433 [Thread-3] GameCharacter trace():156 - x:310 y:251 vx:7 vy:0
[ INFO] Wed 2026-09-09 22:57:12.539 [Thread-3] GameCharacter trace():156 - x:345 y:251 vx:7 vy:0
[ INFO] Wed 2026-09-09 22:57:12.642 [Thread-3] GameCharacter trace():156 - x:387 y:251 vx:7 vy:0
[ INFO] Wed 2026-09-09 22:57:12.746 [Thread-3] GameCharacter trace():156 - x:422 y:251 vx:7 vy:0
[ INFO] Wed 2026-09-09 22:57:12.848 [Thread-3] GameCharacter trace():156 - x:464 y:251 vx:7 vy:0
[ INFO] Wed 2026-09-09 22:57:12.955 [Thread-3] GameCharacter trace():156 - x:499 y:251 vx:7 vy:0
[ INFO] Wed 2026-09-09 22:57:13.166 [Thread-3] GameCharacter trace():156 - x:541 y:251 vx:7 vy:0
[ INFO] Wed 2026-09-09 22:57:13.166 [Thread-3] GameCharacter trace():156 - x:541 y:251 vx:7 vy:0
[ INFO] Wed 2026-09-09 22:57:13.272 [Thread-3] GameCharacter trace():156 - x:499 y:251 vx:7 vy:0
[ INFO] Wed 2026-09-09 22:57:13.272 [Thread-3] GameCharacter trace():156 - x:499 y:251 vx:7 vy:0
[ INFO] Wed 2026-09-09 22:57:13.377 [Thread-3] GameCharacter trace():156 - x:464 y:251 vx:7 vy:0
[ INFO] Wed 2026-09-09 22:57:13.378 [Thread-3] GameCharacter trace():156 - x:457 y:251 vx:7 vy:0
[ INFO] Wed 2026-09-09 22:57:13.481 [Thread-3] GameCharacter trace():156 - x:422 y:251 vx:7 vy:0
[ INFO] Wed 2026-09-09 22:57:13.481 [Thread-3] GameCharacter trace():156 - x:422 y:251 vx:7 vy:0
[ INFO] Wed 2026-09-09 22:57:13.583 [Thread-3] GameCharacter trace():156 - x:387 y:251 vx:7 vy:0
[ INFO] Wed 2026-09-09 22:57:13.687 [Thread-3] GameCharacter trace():156 - x:345 y:251 vx:7 vy:0
[ INFO] Wed 2026-09-09 22:57:13.793 [Thread-3] GameCharacter trace():156 - x:380 y:251 vx:7 vy:0
[ INFO] Wed 2026-09-09 22:57:13.793 [Thread-3] GameCharacter trace():156 - x:387 y:251 vx:7 vy:0
[ INFO] Wed 2026-09-09 22:57:13.898 [Thread-3] GameCharacter trace():156 - x:422 y:251 vx:7 vy:0
[ INFO] Wed 2026-09-09 22:57:13.899 [Thread-3] GameCharacter trace():156 - x:422 y:251 vx:7 vy:0
[ INFO] Wed 2026-09-09 22:57:14.004 [Thread-3] GameCharacter trace():156 - x:464 y:251 vx:7 vy:0
[ INFO] Wed 2026-09-09 22:57:14.005 [Thread-3] GameCharacter trace():156 - x:464 y:251 vx:7 vy:0
[ INFO] Wed 2026-09-09 22:57:14.110 [Thread-3] GameCharacter trace():156 - x:499 y:251 vx:7 vy:0
[ INFO] Wed 2026-09-09 22:57:14.111 [Thread-3] GameCharacter trace():156 - x:499 y:251 vx:7 vy:0
[ INFO] Wed 2026-09-09 22:57:14.213 [Thread-3] GameCharacter trace():156 - x:541 y:251 vx:7 vy:0
[ INFO] Wed 2026-09-09 22:57:14.319 [Thread-3] GameCharacter trace():156 - x:499 y:251 vx:7 vy:0
[ INFO] Wed 2026-09-09 22:57:14.425 [Thread-3] GameCharacter trace():156 - x:464 y:251 vx:7 vy:0
[ INFO] Wed 2026-09-09 22:57:46.242 [Thread-3] GameCharacter trace():156 - x:422 y:251 vx:7 vy:0
[ INFO] Wed 2026-09-09 22:57:46.348 [Thread-3] GameCharacter trace():156 - x:422 y:251 vx:7 vy:0
[ INFO] Wed 2026-09-09 22:57:46.453 [Thread-3] GameCharacter trace():156 - x:422 y:251 vx:7 vy:0
[ INFO] Wed 2026-09-09 22:57:46.559 [Thread-3] GameCharacter trace():156 - x:422 y:251 vx:7 vy:0
[ INFO] Wed 2026-09-09 22:57:46.663 [Thread-3] GameCharacter trace():156 - x:422 y:251 vx:7 vy:0
[ INFO] Wed 2026-09-09 22:57:46.769 [Thread-3] GameCharacter trace():156 - x:422 y:251 vx:7 vy:0
[ INFO] Wed 2026-09-09 22:57:46.873 [Thread-3] GameCharacter trace():156 - x:422 y:251 vx:7 vy:0
[ INFO] Wed 2026-09-09 22:57:46.975 [Thread-3] GameCharacter trace():156 - x:422 y:251 vx:7 vy:0
[ INFO] Wed 2026-09-09 22:57:47.081 [Thread-3] GameCharacter trace():156 - x:422 y:251 vx:7 vy:0
[ INFO] Wed 2026-09-09 22:57:47.187 [Thread-3] GameCharacter trace():156 - x:422 y:251 vx:7 vy:0
[DEBUG] Wed 2026-09-09 22:57:47.270 [Thread-4] GameCharacter checkReachGameWall():102 - Character collided with right wall: x=736
[DEBUG] Wed 2026-09-09 22:57:47.291 [Thread-4] GameCharacter checkReachGameWall():102 - Character collided with right wall: x=736
[ INFO] Wed 2026-09-09 22:57:47.291 [Thread-3] GameCharacter trace():156 - x:422 y:251 vx:7 vy:0
[DEBUG] Wed 2026-09-09 22:57:47.308 [Thread-4] GameCharacter checkReachGameWall():102 - Character collided with right wall: x=736
[DEBUG] Wed 2026-09-09 22:57:47.328 [Thread-4] GameCharacter checkReachGameWall():102 - Character collided with right wall: x=736
[DEBUG] Wed 2026-09-09 22:57:47.345 [Thread-4] GameCharacter checkReachGameWall():102 - Character collided with right wall: x=736
[DEBUG] Wed 2026-09-09 22:57:47.363 [Thread-4] GameCharacter checkReachGameWall():102 - Character collided with right wall: x=736
[DEBUG] Wed 2026-09-09 22:57:47.383 [Thread-4] GameCharacter checkReachGameWall():102 - Character collided with right wall: x=736
[ INFO] Wed 2026-09-09 22:57:47.396 [Thread-3] GameCharacter trace():156 - x:422 y:251 vx:7 vy:0
[DEBUG] Wed 2026-09-09 22:57:47.400 [Thread-4] GameCharacter checkReachGameWall():102 - Character collided with right wall: x=736
[DEBUG] Wed 2026-09-09 22:57:47.421 [Thread-4] GameCharacter checkReachGameWall():102 - Character collided with right wall: x=736
[DEBUG] Wed 2026-09-09 22:57:47.441 [Thread-4] GameCharacter checkReachGameWall():102 - Character collided with right wall: x=736
[DEBUG] Wed 2026-09-09 22:57:47.462 [Thread-4] GameCharacter checkReachGameWall():102 - Character collided with right wall: x=736
[DEBUG] Wed 2026-09-09 22:57:47.479 [Thread-4] GameCharacter checkReachGameWall():102 - Character collided with right wall: x=736
[DEBUG] Wed 2026-09-09 22:57:47.498 [Thread-4] GameCharacter checkReachGameWall():102 - Character collided with right wall: x=736
[ INFO] Wed 2026-09-09 22:57:47.501 [Thread-3] GameCharacter trace():156 - x:422 y:251 vx:7 vy:0
[DEBUG] Wed 2026-09-09 22:57:47.519 [Thread-4] GameCharacter checkReachGameWall():102 - Character collided with right wall: x=736
[DEBUG] Wed 2026-09-09 22:57:47.538 [Thread-4] GameCharacter checkReachGameWall():102 - Character collided with right wall: x=736
[DEBUG] Wed 2026-09-09 22:57:47.558 [Thread-4] GameCharacter checkReachGameWall():102 - Character collided with right wall: x=736
[DEBUG] Wed 2026-09-09 22:57:47.577 [Thread-4] GameCharacter checkReachGameWall():102 - Character collided with right wall: x=736
[DEBUG] Wed 2026-09-09 22:57:47.595 [Thread-4] GameCharacter checkReachGameWall():102 - Character collided with right wall: x=736
[ INFO] Wed 2026-09-09 22:57:47.607 [Thread-3] GameCharacter trace():156 - x:422 y:251 vx:7 vy:0
[DEBUG] Wed 2026-09-09 22:57:47.613 [Thread-4] GameCharacter checkReachGameWall():102 - Character collided with right wall: x=736
[DEBUG] Wed 2026-09-09 22:57:47.634 [Thread-4] GameCharacter checkReachGameWall():102 - Character collided with right wall: x=736
[DEBUG] Wed 2026-09-09 22:57:47.654 [Thread-4] GameCharacter checkReachGameWall():102 - Character collided with right wall: x=736
[DEBUG] Wed 2026-09-09 22:57:47.674 [Thread-4] GameCharacter checkReachGameWall():102 - Character collided with right wall: x=736
[DEBUG] Wed 2026-09-09 22:57:47.693 [Thread-4] GameCharacter checkReachGameWall():102 - Character collided with right wall: x=736
[ INFO] Wed 2026-09-09 22:57:47.712 [Thread-3] GameCharacter trace():156 - x:422 y:251 vx:7 vy:0
[DEBUG] Wed 2026-09-09 22:57:47.712 [Thread-4] GameCharacter checkReachGameWall():102 - Character collided with right wall: x=736
[DEBUG] Wed 2026-09-09 22:57:47.730 [Thread-4] GameCharacter checkReachGameWall():102 - Character collided with right wall: x=736
[DEBUG] Wed 2026-09-09 22:57:47.747 [Thread-4] GameCharacter checkReachGameWall():102 - Character collided with right wall: x=736
[DEBUG] Wed 2026-09-09 22:57:47.768 [Thread-4] GameCharacter checkReachGameWall():102 - Character collided with right wall: x=736
[DEBUG] Wed 2026-09-09 22:57:47.788 [Thread-4] GameCharacter checkReachGameWall():102 - Character collided with right wall: x=736
[DEBUG] Wed 2026-09-09 22:57:47.809 [Thread-4] GameCharacter checkReachGameWall():102 - Character collided with right wall: x=736
[ INFO] Wed 2026-09-09 22:57:47.817 [Thread-3] GameCharacter trace():156 - x:422 y:251 vx:7 vy:0
[DEBUG] Wed 2026-09-09 22:57:47.830 [Thread-4] GameCharacter checkReachGameWall():102 - Character collided with right wall: x=736
[DEBUG] Wed 2026-09-09 22:57:47.846 [Thread-4] GameCharacter checkReachGameWall():102 - Character collided with right wall: x=736
[DEBUG] Wed 2026-09-09 22:57:47.867 [Thread-4] GameCharacter checkReachGameWall():102 - Character collided with right wall: x=736
[DEBUG] Wed 2026-09-09 22:57:47.887 [Thread-4] GameCharacter checkReachGameWall():102 - Character collided with right wall: x=736
[DEBUG] Wed 2026-09-09 22:57:47.908 [Thread-4] GameCharacter checkReachGameWall():102 - Character collided with right wall: x=736
[DEBUG] Wed 2026-09-09 22:57:47.928 [Thread-4] GameCharacter checkReachGameWall():102 - Character collided with right wall: x=736
[DEBUG] Wed 2026-09-09 22:57:47.947 [Thread-4] GameCharacter checkReachGameWall():102 - Character collided with right wall: x=736
[DEBUG] Wed 2026-09-09 22:57:47.968 [Thread-4] GameCharacter checkReachGameWall():102 - Character collided with right wall: x=736
[DEBUG] Wed 2026-09-09 22:57:47.988 [Thread-4] GameCharacter checkReachGameWall():102 - Character collided with right wall: x=736
[DEBUG] Wed 2026-09-09 22:57:48.008 [Thread-4] GameCharacter checkReachGameWall():102 - Character collided with right wall: x=736
[DEBUG] Wed 2026-09-09 22:57:48.029 [Thread-4] GameCharacter checkReachGameWall():102 - Character collided with right wall: x=736
[DEBUG] Wed 2026-09-09 22:57:48.049 [Thread-4] GameCharacter checkReachGameWall():102 - Character collided with right wall: x=736
[DEBUG] Wed 2026-09-09 22:57:48.070 [Thread-4] GameCharacter checkReachGameWall():102 - Character collided with right wall: x=736
[DEBUG] Wed 2026-09-09 22:57:48.087 [Thread-4] GameCharacter checkReachGameWall():102 - Character collided with right wall: x=736
[DEBUG] Wed 2026-09-09 22:57:48.107 [Thread-4] GameCharacter checkReachGameWall():102 - Character collided with right wall: x=736
[DEBUG] Wed 2026-09-09 22:57:48.128 [Thread-4] GameCharacter checkReachGameWall():102 - Character collided with right wall: x=736
[DEBUG] Wed 2026-09-09 22:57:48.148 [Thread-4] GameCharacter checkReachGameWall():102 - Character collided with right wall: x=736
[DEBUG] Wed 2026-09-09 22:57:48.169 [Thread-4] GameCharacter checkReachGameWall():102 - Character collided with right wall: x=736
[DEBUG] Wed 2026-09-09 22:57:48.188 [Thread-4] GameCharacter checkReachGameWall():102 - Character collided with right wall: x=736
[DEBUG] Wed 2026-09-09 22:57:48.206 [Thread-4] GameCharacter checkReachGameWall():102 - Character collided with right wall: x=736
[DEBUG] Wed 2026-09-09 22:57:48.225 [Thread-4] GameCharacter checkReachGameWall():102 - Character collided with right wall: x=736
[DEBUG] Wed 2026-09-09 22:57:48.244 [Thread-4] GameCharacter checkReachGameWall():102 - Character collided with right wall: x=736
[DEBUG] Wed 2026-09-09 22:57:48.265 [Thread-4] GameCharacter checkReachGameWall():102 - Character collided with right wall: x=736
[DEBUG] Wed 2026-09-09 22:57:48.285 [Thread-4] GameCharacter checkReachGameWall():102 - Character collided with right wall: x=736
[DEBUG] Wed 2026-09-09 22:57:48.305 [Thread-4] GameCharacter checkReachGameWall():102 - Character collided with right wall: x=736
[DEBUG] Wed 2026-09-09 22:57:48.326 [Thread-4] GameCharacter checkReachGameWall():102 - Character collided with right wall: x=736
[DEBUG] Wed 2026-09-09 22:57:48.346 [Thread-4] GameCharacter checkReachGameWall():102 - Character collided with right wall: x=736
[DEBUG] Wed 2026-09-09 22:57:48.364 [Thread-4] GameCharacter checkReachGameWall():102 - Character collided with right wall: x=736
[DEBUG] Wed 2026-09-09 22:57:48.385 [Thread-4] GameCharacter checkReachGameWall():102 - Character collided with right wall: x=736
[DEBUG] Wed 2026-09-09 22:57:48.402 [Thread-4] GameCharacter checkReachGameWall():102 - Character collided with right wall: x=736
[DEBUG] Wed 2026-09-09 22:57:48.423 [Thread-4] GameCharacter checkReachGameWall():102 - Character collided with right wall: x=736
[DEBUG] Wed 2026-09-09 22:57:48.443 [Thread-4] GameCharacter checkReachGameWall():102 - Character collided with right wall: x=736
[DEBUG] Wed 2026-09-09 22:57:48.462 [Thread-4] GameCharacter checkReachGameWall():102 - Character collided with right wall: x=736
[DEBUG] Wed 2026-09-09 22:57:48.481 [Thread-4] GameCharacter checkReachGameWall():102 - Character collided with right wall: x=736
[DEBUG] Wed 2026-09-09 22:57:48.498 [Thread-4] GameCharacter checkReachGameWall():102 - Character collided with right wall: x=736
[DEBUG] Wed 2026-09-09 22:57:48.519 [Thread-4] GameCharacter checkReachGameWall():102 - Character collided with right wall: x=736
[DEBUG] Wed 2026-09-09 22:57:48.539 [Thread-4] GameCharacter checkReachGameWall():102 - Character collided with right wall: x=736
[ INFO] Wed 2026-09-09 22:57:48.540 [Thread-3] GameCharacter trace():156 - x:422 y:251 vx:7 vy:0
[DEBUG] Wed 2026-09-09 22:57:48.558 [Thread-4] GameCharacter checkReachGameWall():102 - Character collided with right wall: x=736
[ INFO] Wed 2026-09-09 22:57:48.642 [Thread-3] GameCharacter trace():156 - x:422 y:251 vx:7 vy:0
[ INFO] Wed 2026-09-09 22:57:48.746 [Thread-3] GameCharacter trace():156 - x:422 y:251 vx:7 vy:0
[ INFO] Wed 2026-09-09 22:57:50.740 [Thread-3] GameCharacter trace():156 - x:422 y:251 vx:7 vy:0
[ INFO] Wed 2026-09-09 22:57:50.846 [Thread-3] GameCharacter trace():156 - x:422 y:251 vx:7 vy:0
[ INFO] Wed 2026-09-09 22:57:50.951 [Thread-3] GameCharacter trace():156 - x:422 y:251 vx:7 vy:0
[DEBUG] Wed 2026-09-09 22:57:51.045 [Thread-4] GameCharacter checkReachGameWall():102 - Character collided with right wall: x=736
[ INFO] Wed 2026-09-09 22:57:51.057 [Thread-3] GameCharacter trace():156 - x:422 y:251 vx:7 vy:0
[DEBUG] Wed 2026-09-09 22:57:51.066 [Thread-4] GameCharacter checkReachGameWall():102 - Character collided with right wall: x=736
[DEBUG] Wed 2026-09-09 22:57:51.087 [Thread-4] GameCharacter checkReachGameWall():102 - Character collided with right wall: x=736
[DEBUG] Wed 2026-09-09 22:57:51.103 [Thread-4] GameCharacter checkReachGameWall():102 - Character collided with right wall: x=736
[DEBUG] Wed 2026-09-09 22:57:51.123 [Thread-4] GameCharacter checkReachGameWall():102 - Character collided with right wall: x=736
[DEBUG] Wed 2026-09-09 22:57:51.144 [Thread-4] GameCharacter checkReachGameWall():102 - Character collided with right wall: x=736
[DEBUG] Wed 2026-09-09 22:57:51.161 [Thread-4] GameCharacter checkReachGameWall():102 - Character collided with right wall: x=736
[DEBUG] Wed 2026-09-09 22:57:51.179 [Thread-4] GameCharacter checkReachGameWall():102 - Character collided with right wall: x=736
[DEBUG] Wed 2026-09-09 22:57:51.196 [Thread-4] GameCharacter checkReachGameWall():102 - Character collided with right wall: x=736
[DEBUG] Wed 2026-09-09 22:57:51.215 [Thread-4] GameCharacter checkReachGameWall():102 - Character collided with right wall: x=736
[DEBUG] Wed 2026-09-09 22:57:51.235 [Thread-4] GameCharacter checkReachGameWall():102 - Character collided with right wall: x=736
[DEBUG] Wed 2026-09-09 22:57:51.256 [Thread-4] GameCharacter checkReachGameWall():102 - Character collided with right wall: x=736
[DEBUG] Wed 2026-09-09 22:57:51.277 [Thread-4] GameCharacter checkReachGameWall():102 - Character collided with right wall: x=736
[DEBUG] Wed 2026-09-09 22:57:51.298 [Thread-4] GameCharacter checkReachGameWall():102 - Character collided with right wall: x=736
[DEBUG] Wed 2026-09-09 22:57:51.317 [Thread-4] GameCharacter checkReachGameWall():102 - Character collided with right wall: x=736
[DEBUG] Wed 2026-09-09 22:57:51.337 [Thread-4] GameCharacter checkReachGameWall():102 - Character collided with right wall: x=736
[DEBUG] Wed 2026-09-09 22:57:51.354 [Thread-4] GameCharacter checkReachGameWall():102 - Character collided with right wall: x=736
[DEBUG] Wed 2026-09-09 22:57:51.373 [Thread-4] GameCharacter checkReachGameWall():102 - Character collided with right wall: x=736
[DEBUG] Wed 2026-09-09 22:57:51.391 [Thread-4] GameCharacter checkReachGameWall():102 - Character collided with right wall: x=736
[DEBUG] Wed 2026-09-09 22:57:51.409 [Thread-4] GameCharacter checkReachGameWall():102 - Character collided with right wall: x=736
[DEBUG] Wed 2026-09-09 22:57:51.429 [Thread-4] GameCharacter checkReachGameWall():102 - Character collided with right wall: x=736
[DEBUG] Wed 2026-09-09 22:57:51.450 [Thread-4] GameCharacter checkReachGameWall():102 - Character collided with right wall: x=736
[DEBUG] Wed 2026-09-09 22:57:51.468 [Thread-4] GameCharacter checkReachGameWall():102 - Character collided with right wall: x=736
[DEBUG] Wed 2026-09-09 22:57:51.489 [Thread-4] GameCharacter checkReachGameWall():102 - Character collided with right wall: x=736
[DEBUG] Wed 2026-09-09 22:57:51.510 [Thread-4] GameCharacter checkReachGameWall():102 - Character collided with right wall: x=736
[DEBUG] Wed 2026-09-09 22:57:51.529 [Thread-4] GameCharacter checkReachGameWall():102 - Character collided with right wall: x=736
[DEBUG] Wed 2026-09-09 22:57:51.549 [Thread-4] GameCharacter checkReachGameWall():102 - Character collided with right wall: x=736
[DEBUG] Wed 2026-09-09 22:57:51.570 [Thread-4] GameCharacter checkReachGameWall():102 - Character collided with right wall: x=736
[DEBUG] Wed 2026-09-09 22:57:51.590 [Thread-4] GameCharacter checkReachGameWall():102 - Character collided with right wall: x=736
[DEBUG] Wed 2026-09-09 22:57:51.611 [Thread-4] GameCharacter checkReachGameWall():102 - Character collided with right wall: x=736
[DEBUG] Wed 2026-09-09 22:57:51.628 [Thread-4] GameCharacter checkReachGameWall():102 - Character collided with right wall: x=736
[DEBUG] Wed 2026-09-09 22:57:51.647 [Thread-4] GameCharacter checkReachGameWall():102 - Character collided with right wall: x=736
[DEBUG] Wed 2026-09-09 22:57:51.668 [Thread-4] GameCharacter checkReachGameWall():102 - Character collided with right wall: x=736
[DEBUG] Wed 2026-09-09 22:57:51.688 [Thread-4] GameCharacter checkReachGameWall():102 - Character collided with right wall: x=736
[DEBUG] Wed 2026-09-09 22:57:51.709 [Thread-4] GameCharacter checkReachGameWall():102 - Character collided with right wall: x=736
[DEBUG] Wed 2026-09-09 22:57:51.728 [Thread-4] GameCharacter checkReachGameWall():102 - Character collided with right wall: x=736
[DEBUG] Wed 2026-09-09 22:57:51.746 [Thread-4] GameCharacter checkReachGameWall():102 - Character collided with right wall: x=736
[DEBUG] Wed 2026-09-09 22:57:51.763 [Thread-4] GameCharacter checkReachGameWall():102 - Character collided with right wall: x=736
[DEBUG] Wed 2026-09-09 22:57:51.784 [Thread-4] GameCharacter checkReachGameWall():102 - Character collided with right wall: x=736
[DEBUG] Wed 2026-09-09 22:57:51.801 [Thread-4] GameCharacter checkReachGameWall():102 - Character collided with right wall: x=736
[DEBUG] Wed 2026-09-09 22:57:51.821 [Thread-4] GameCharacter checkReachGameWall():102 - Character collided with right wall: x=736
[DEBUG] Wed 2026-09-09 22:57:51.841 [Thread-4] GameCharacter checkReachGameWall():102 - Character collided with right wall: x=736
[DEBUG] Wed 2026-09-09 22:57:51.861 [Thread-4] GameCharacter checkReachGameWall():102 - Character collided with right wall: x=736
[DEBUG] Wed 2026-09-09 22:57:51.881 [Thread-4] GameCharacter checkReachGameWall():102 - Character collided with right wall: x=736
[DEBUG] Wed 2026-09-09 22:57:51.902 [Thread-4] GameCharacter checkReachGameWall():102 - Character collided with right wall: x=736
[DEBUG] Wed 2026-09-09 22:57:51.921 [Thread-4] GameCharacter checkReachGameWall():102 - Character collided with right wall: x=736
[DEBUG] Wed 2026-09-09 22:57:51.941 [Thread-4] GameCharacter checkReachGameWall():102 - Character collided with right wall: x=736
[DEBUG] Wed 2026-09-09 22:57:51.962 [Thread-4] GameCharacter checkReachGameWall():102 - Character collided with right wall: x=736
[DEBUG] Wed 2026-09-09 22:57:51.982 [Thread-4] GameCharacter checkReachGameWall():102 - Character collided with right wall: x=736
[ INFO] Wed 2026-09-09 22:57:51.982 [Thread-3] GameCharacter trace():156 - x:422 y:251 vx:7 vy:0
[ INFO] Wed 2026-09-09 22:57:52.087 [Thread-3] GameCharacter trace():156 - x:422 y:251 vx:7 vy:0
[ INFO] Wed 2026-09-09 22:57:52.812 [Thread-3] GameCharacter trace():156 - x:422 y:251 vx:7 vy:0
[ INFO] Wed 2026-09-09 22:57:52.918 [Thread-3] GameCharacter trace():156 - x:422 y:251 vx:7 vy:0
[ INFO] Wed 2026-09-09 22:57:53.024 [Thread-3] GameCharacter trace():156 - x:422 y:251 vx:7 vy:0
[ INFO] Wed 2026-09-09 22:57:53.129 [Thread-3] GameCharacter trace():156 - x:422 y:251 vx:7 vy:0
[ INFO] Wed 2026-09-09 22:57:53.231 [Thread-3] GameCharacter trace():156 - x:422 y:251 vx:7 vy:0
[ INFO] Wed 2026-09-09 22:57:53.336 [Thread-3] GameCharacter trace():156 - x:422 y:251 vx:7 vy:0
[ INFO] Wed 2026-09-09 22:57:53.441 [Thread-3] GameCharacter trace():156 - x:422 y:251 vx:7 vy:0
[ INFO] Wed 2026-09-09 22:57:54.172 [Thread-3] GameCharacter trace():156 - x:422 y:251 vx:7 vy:0
[ INFO] Wed 2026-09-09 22:57:54.278 [Thread-3] GameCharacter trace():156 - x:422 y:251 vx:7 vy:0
[ INFO] Wed 2026-09-09 22:57:54.381 [Thread-3] GameCharacter trace():156 - x:422 y:251 vx:7 vy:0
[ INFO] Wed 2026-09-09 22:57:54.486 [Thread-3] GameCharacter trace():156 - x:422 y:251 vx:7 vy:0
[ INFO] Wed 2026-09-09 22:57:54.591 [Thread-3] GameCharacter trace():156 - x:422 y:251 vx:7 vy:0
[DEBUG] Wed 2026-09-09 22:57:54.617 [Thread-4] GameCharacter checkReachGameWall():99 - Character collided with left wall: x=0
[DEBUG] Wed 2026-09-09 22:57:54.636 [Thread-4] GameCharacter checkReachGameWall():99 - Character collided with left wall: x=0
[DEBUG] Wed 2026-09-09 22:57:54.653 [Thread-4] GameCharacter checkReachGameWall():99 - Character collided with left wall: x=0
[DEBUG] Wed 2026-09-09 22:57:54.674 [Thread-4] GameCharacter checkReachGameWall():99 - Character collided with left wall: x=0
[DEBUG] Wed 2026-09-09 22:57:54.691 [Thread-4] GameCharacter checkReachGameWall():99 - Character collided with left wall: x=0
[ INFO] Wed 2026-09-09 22:57:54.696 [Thread-3] GameCharacter trace():156 - x:422 y:251 vx:7 vy:0
[DEBUG] Wed 2026-09-09 22:57:54.708 [Thread-4] GameCharacter checkReachGameWall():99 - Character collided with left wall: x=0
[DEBUG] Wed 2026-09-09 22:57:54.728 [Thread-4] GameCharacter checkReachGameWall():99 - Character collided with left wall: x=0
[DEBUG] Wed 2026-09-09 22:57:54.746 [Thread-4] GameCharacter checkReachGameWall():99 - Character collided with left wall: x=0
[DEBUG] Wed 2026-09-09 22:57:54.767 [Thread-4] GameCharacter checkReachGameWall():99 - Character collided with left wall: x=0
[DEBUG] Wed 2026-09-09 22:57:54.787 [Thread-4] GameCharacter checkReachGameWall():99 - Character collided with left wall: x=0
[DEBUG] Wed 2026-09-09 22:57:54.807 [Thread-4] GameCharacter checkReachGameWall():99 - Character collided with left wall: x=0
[DEBUG] Wed 2026-09-09 22:57:54.827 [Thread-4] GameCharacter checkReachGameWall():99 - Character collided with left wall: x=0
[DEBUG] Wed 2026-09-09 22:57:54.846 [Thread-4] GameCharacter checkReachGameWall():99 - Character collided with left wall: x=0
[DEBUG] Wed 2026-09-09 22:57:54.864 [Thread-4] GameCharacter checkReachGameWall():99 - Character collided with left wall: x=0
[DEBUG] Wed 2026-09-09 22:57:54.884 [Thread-4] GameCharacter checkReachGameWall():99 - Character collided with left wall: x=0
[DEBUG] Wed 2026-09-09 22:57:54.904 [Thread-4] GameCharacter checkReachGameWall():99 - Character collided with left wall: x=0
[DEBUG] Wed 2026-09-09 22:57:54.923 [Thread-4] GameCharacter checkReachGameWall():99 - Character collided with left wall: x=0
[DEBUG] Wed 2026-09-09 22:57:54.941 [Thread-4] GameCharacter checkReachGameWall():99 - Character collided with left wall: x=0
[DEBUG] Wed 2026-09-09 22:57:54.959 [Thread-4] GameCharacter checkReachGameWall():99 - Character collided with left wall: x=0
[DEBUG] Wed 2026-09-09 22:57:54.978 [Thread-4] GameCharacter checkReachGameWall():99 - Character collided with left wall: x=0
[DEBUG] Wed 2026-09-09 22:57:54.995 [Thread-4] GameCharacter checkReachGameWall():99 - Character collided with left wall: x=0
[DEBUG] Wed 2026-09-09 22:57:55.015 [Thread-4] GameCharacter checkReachGameWall():99 - Character collided with left wall: x=0
[DEBUG] Wed 2026-09-09 22:57:55.035 [Thread-4] GameCharacter checkReachGameWall():99 - Character collided with left wall: x=0
[DEBUG] Wed 2026-09-09 22:57:55.055 [Thread-4] GameCharacter checkReachGameWall():99 - Character collided with left wall: x=0
[DEBUG] Wed 2026-09-09 22:57:55.076 [Thread-4] GameCharacter checkReachGameWall():99 - Character collided with left wall: x=0
[DEBUG] Wed 2026-09-09 22:57:55.095 [Thread-4] GameCharacter checkReachGameWall():99 - Character collided with left wall: x=0
[DEBUG] Wed 2026-09-09 22:57:55.112 [Thread-4] GameCharacter checkReachGameWall():99 - Character collided with left wall: x=0
[DEBUG] Wed 2026-09-09 22:57:55.132 [Thread-4] GameCharacter checkReachGameWall():99 - Character collided with left wall: x=0
[DEBUG] Wed 2026-09-09 22:57:55.153 [Thread-4] GameCharacter checkReachGameWall():99 - Character collided with left wall: x=0
[DEBUG] Wed 2026-09-09 22:57:55.170 [Thread-4] GameCharacter checkReachGameWall():99 - Character collided with left wall: x=0
[DEBUG] Wed 2026-09-09 22:57:55.187 [Thread-4] GameCharacter checkReachGameWall():99 - Character collided with left wall: x=0
[DEBUG] Wed 2026-09-09 22:57:55.207 [Thread-4] GameCharacter checkReachGameWall():99 - Character collided with left wall: x=0
[DEBUG] Wed 2026-09-09 22:57:55.225 [Thread-4] GameCharacter checkReachGameWall():99 - Character collided with left wall: x=0
[DEBUG] Wed 2026-09-09 22:57:55.246 [Thread-4] GameCharacter checkReachGameWall():99 - Character collided with left wall: x=0
[DEBUG] Wed 2026-09-09 22:57:55.267 [Thread-4] GameCharacter checkReachGameWall():99 - Character collided with left wall: x=0
[DEBUG] Wed 2026-09-09 22:57:55.287 [Thread-4] GameCharacter checkReachGameWall():99 - Character collided with left wall: x=0
[DEBUG] Wed 2026-09-09 22:57:55.305 [Thread-4] GameCharacter checkReachGameWall():99 - Character collided with left wall: x=0
[DEBUG] Wed 2026-09-09 22:57:55.324 [Thread-4] GameCharacter checkReachGameWall():99 - Character collided with left wall: x=0
[DEBUG] Wed 2026-09-09 22:57:55.344 [Thread-4] GameCharacter checkReachGameWall():99 - Character collided with left wall: x=0
[DEBUG] Wed 2026-09-09 22:57:55.365 [Thread-4] GameCharacter checkReachGameWall():99 - Character collided with left wall: x=0
[DEBUG] Wed 2026-09-09 22:57:55.385 [Thread-4] GameCharacter checkReachGameWall():99 - Character collided with left wall: x=0
[DEBUG] Wed 2026-09-09 22:57:55.405 [Thread-4] GameCharacter checkReachGameWall():99 - Character collided with left wall: x=0
[DEBUG] Wed 2026-09-09 22:57:55.426 [Thread-4] GameCharacter checkReachGameWall():99 - Character collided with left wall: x=0
[ INFO] Wed 2026-09-09 22:57:55.426 [Thread-3] GameCharacter trace():156 - x:422 y:251 vx:7 vy:0
[ INFO] Wed 2026-09-09 22:57:55.529 [Thread-3] GameCharacter trace():156 - x:422 y:251 vx:7 vy:0
[ INFO] Wed 2026-09-09 22:57:59.872 [Thread-3] GameCharacter trace():156 - x:422 y:251 vx:7 vy:0
[ INFO] Wed 2026-09-09 22:57:59.977 [Thread-3] GameCharacter trace():156 - x:422 y:251 vx:7 vy:0
[ INFO] Wed 2026-09-09 22:58:00.082 [Thread-3] GameCharacter trace():156 - x:422 y:251 vx:7 vy:0
[ INFO] Wed 2026-09-09 22:58:00.187 [Thread-3] GameCharacter trace():156 - x:422 y:251 vx:7 vy:0
[ INFO] Wed 2026-09-09 22:58:00.293 [Thread-3] GameCharacter trace():156 - x:422 y:251 vx:7 vy:0
[ INFO] Wed 2026-09-09 22:58:00.398 [Thread-3] GameCharacter trace():156 - x:422 y:251 vx:7 vy:0
[ INFO] Wed 2026-09-09 22:58:00.503 [Thread-3] GameCharacter trace():156 - x:422 y:251 vx:7 vy:0
[ INFO] Wed 2026-09-09 22:58:00.608 [Thread-3] GameCharacter trace():156 - x:422 y:251 vx:7 vy:0
[ INFO] Wed 2026-09-09 22:58:00.714 [Thread-3] GameCharacter trace():156 - x:422 y:251 vx:7 vy:0
[ INFO] Wed 2026-09-09 22:58:00.819 [Thread-3] GameCharacter trace():156 - x:422 y:251 vx:7 vy:0
[ INFO] Wed 2026-09-09 22:58:00.925 [Thread-3] GameCharacter trace():156 - x:422 y:251 vx:7 vy:0
[ INFO] Wed 2026-09-09 22:58:01.031 [Thread-3] GameCharacter trace():156 - x:422 y:251 vx:7 vy:0
[DEBUG] Wed 2026-09-09 22:58:01.073 [Thread-4] GameCharacter checkReachGameWall():102 - Character collided with right wall: x=736
[DEBUG] Wed 2026-09-09 22:58:01.094 [Thread-4] GameCharacter checkReachGameWall():102 - Character collided with right wall: x=736
[DEBUG] Wed 2026-09-09 22:58:01.114 [Thread-4] GameCharacter checkReachGameWall():102 - Character collided with right wall: x=736
[ INFO] Wed 2026-09-09 22:58:01.133 [Thread-3] GameCharacter trace():156 - x:422 y:251 vx:7 vy:0
[DEBUG] Wed 2026-09-09 22:58:01.133 [Thread-4] GameCharacter checkReachGameWall():102 - Character collided with right wall: x=736
[DEBUG] Wed 2026-09-09 22:58:01.153 [Thread-4] GameCharacter checkReachGameWall():102 - Character collided with right wall: x=736
[DEBUG] Wed 2026-09-09 22:58:01.174 [Thread-4] GameCharacter checkReachGameWall():102 - Character collided with right wall: x=736
[DEBUG] Wed 2026-09-09 22:58:01.194 [Thread-4] GameCharacter checkReachGameWall():102 - Character collided with right wall: x=736
[DEBUG] Wed 2026-09-09 22:58:01.215 [Thread-4] GameCharacter checkReachGameWall():102 - Character collided with right wall: x=736
[DEBUG] Wed 2026-09-09 22:58:01.235 [Thread-4] GameCharacter checkReachGameWall():102 - Character collided with right wall: x=736
[DEBUG] Wed 2026-09-09 22:58:01.256 [Thread-4] GameCharacter checkReachGameWall():102 - Character collided with right wall: x=736
[DEBUG] Wed 2026-09-09 22:58:01.275 [Thread-4] GameCharacter checkReachGameWall():102 - Character collided with right wall: x=736
[DEBUG] Wed 2026-09-09 22:58:01.295 [Thread-4] GameCharacter checkReachGameWall():102 - Character collided with right wall: x=736
[DEBUG] Wed 2026-09-09 22:58:01.315 [Thread-4] GameCharacter checkReachGameWall():102 - Character collided with right wall: x=736
[DEBUG] Wed 2026-09-09 22:58:01.335 [Thread-4] GameCharacter checkReachGameWall():102 - Character collided with right wall: x=736
[DEBUG] Wed 2026-09-09 22:58:01.355 [Thread-4] GameCharacter checkReachGameWall():102 - Character collided with right wall: x=736
[DEBUG] Wed 2026-09-09 22:58:01.375 [Thread-4] GameCharacter checkReachGameWall():102 - Character collided with right wall: x=736
[DEBUG] Wed 2026-09-09 22:58:01.396 [Thread-4] GameCharacter checkReachGameWall():102 - Character collided with right wall: x=736
[DEBUG] Wed 2026-09-09 22:58:01.416 [Thread-4] GameCharacter checkReachGameWall():102 - Character collided with right wall: x=736
[DEBUG] Wed 2026-09-09 22:58:01.433 [Thread-4] GameCharacter checkReachGameWall():102 - Character collided with right wall: x=736
[DEBUG] Wed 2026-09-09 22:58:01.454 [Thread-4] GameCharacter checkReachGameWall():102 - Character collided with right wall: x=736
[DEBUG] Wed 2026-09-09 22:58:01.472 [Thread-4] GameCharacter checkReachGameWall():102 - Character collided with right wall: x=736
[DEBUG] Wed 2026-09-09 22:58:01.493 [Thread-4] GameCharacter checkReachGameWall():102 - Character collided with right wall: x=736
[DEBUG] Wed 2026-09-09 22:58:01.513 [Thread-4] GameCharacter checkReachGameWall():102 - Character collided with right wall: x=736
[DEBUG] Wed 2026-09-09 22:58:01.533 [Thread-4] GameCharacter checkReachGameWall():102 - Character collided with right wall: x=736
[DEBUG] Wed 2026-09-09 22:58:01.553 [Thread-4] GameCharacter checkReachGameWall():102 - Character collided with right wall: x=736
[DEBUG] Wed 2026-09-09 22:58:01.572 [Thread-4] GameCharacter checkReachGameWall():102 - Character collided with right wall: x=736
[DEBUG] Wed 2026-09-09 22:58:01.592 [Thread-4] GameCharacter checkReachGameWall():102 - Character collided with right wall: x=736
[DEBUG] Wed 2026-09-09 22:58:01.613 [Thread-4] GameCharacter checkReachGameWall():102 - Character collided with right wall: x=736
[DEBUG] Wed 2026-09-09 22:58:01.634 [Thread-4] GameCharacter checkReachGameWall():102 - Character collided with right wall: x=736
[ INFO] Wed 2026-09-09 22:58:01.652 [Thread-3] GameCharacter trace():156 - x:422 y:251 vx:7 vy:0
[DEBUG] Wed 2026-09-09 22:58:01.652 [Thread-4] GameCharacter checkReachGameWall():102 - Character collided with right wall: x=736
[ INFO] Wed 2026-09-09 22:58:01.757 [Thread-3] GameCharacter trace():156 - x:422 y:251 vx:7 vy:0
[ INFO] Wed 2026-09-09 22:58:01.863 [Thread-3] GameCharacter trace():156 - x:422 y:251 vx:7 vy:0
[ INFO] Wed 2026-09-09 22:58:01.969 [Thread-3] GameCharacter trace():156 - x:422 y:251 vx:7 vy:0
[ INFO] Wed 2026-09-09 22:58:43.032 [Thread-3] GameCharacter trace():156 - x:422 y:251 vx:7 vy:0
[ INFO] Wed 2026-09-09 22:58:43.138 [Thread-3] GameCharacter trace():156 - x:422 y:251 vx:7 vy:0
[ INFO] Wed 2026-09-09 22:58:43.452 [Thread-3] GameCharacter trace():156 - x:422 y:251 vx:7 vy:0
[ INFO] Wed 2026-09-09 22:58:43.553 [Thread-3] GameCharacter trace():156 - x:422 y:251 vx:7 vy:0
[ INFO] Wed 2026-09-09 22:58:43.656 [Thread-3] GameCharacter trace():156 - x:422 y:251 vx:7 vy:0
[ INFO] Wed 2026-09-09 22:58:43.762 [Thread-3] GameCharacter trace():156 - x:422 y:251 vx:7 vy:0
[ INFO] Wed 2026-09-09 22:58:43.868 [Thread-3] GameCharacter trace():156 - x:422 y:251 vx:7 vy:0
[ INFO] Wed 2026-09-09 22:58:44.075 [Thread-3] GameCharacter trace():156 - x:422 y:251 vx:7 vy:0
[ INFO] Wed 2026-09-09 22:58:44.178 [Thread-3] GameCharacter trace():156 - x:422 y:251 vx:7 vy:0
[ INFO] Wed 2026-09-09 22:58:44.287 [Thread-3] GameCharacter trace():156 - x:422 y:251 vx:7 vy:0
[ INFO] Wed 2026-09-09 22:58:44.392 [Thread-3] GameCharacter trace():156 - x:422 y:251 vx:7 vy:0
[ INFO] Wed 2026-09-09 22:58:44.498 [Thread-3] GameCharacter trace():156 - x:422 y:251 vx:7 vy:0
[ INFO] Wed 2026-09-09 22:58:44.603 [Thread-3] GameCharacter trace():156 - x:422 y:251 vx:7 vy:0
[ INFO] Wed 2026-09-09 22:58:44.810 [Thread-3] GameCharacter trace():156 - x:422 y:251 vx:7 vy:0
[ INFO] Wed 2026-09-09 22:58:44.916 [Thread-3] GameCharacter trace():156 - x:422 y:251 vx:7 vy:0
[DEBUG] Wed 2026-09-09 22:58:44.971 [Thread-4] GameCharacter checkReachGameWall():102 - Character collided with right wall: x=736
[DEBUG] Wed 2026-09-09 22:58:44.988 [Thread-4] GameCharacter checkReachGameWall():102 - Character collided with right wall: x=736
[DEBUG] Wed 2026-09-09 22:58:45.007 [Thread-4] GameCharacter checkReachGameWall():102 - Character collided with right wall: x=736
[ INFO] Wed 2026-09-09 22:58:45.017 [Thread-3] GameCharacter trace():156 - x:422 y:251 vx:7 vy:0
[DEBUG] Wed 2026-09-09 22:58:45.025 [Thread-4] GameCharacter checkReachGameWall():102 - Character collided with right wall: x=736
[DEBUG] Wed 2026-09-09 22:58:45.044 [Thread-4] GameCharacter checkReachGameWall():102 - Character collided with right wall: x=736
[DEBUG] Wed 2026-09-09 22:58:45.062 [Thread-4] GameCharacter checkReachGameWall():102 - Character collided with right wall: x=736
[DEBUG] Wed 2026-09-09 22:58:45.083 [Thread-4] GameCharacter checkReachGameWall():102 - Character collided with right wall: x=736
[DEBUG] Wed 2026-09-09 22:58:45.103 [Thread-4] GameCharacter checkReachGameWall():102 - Character collided with right wall: x=736
[DEBUG] Wed 2026-09-09 22:58:45.123 [Thread-4] GameCharacter checkReachGameWall():102 - Character collided with right wall: x=736
[DEBUG] Wed 2026-09-09 22:58:45.144 [Thread-4] GameCharacter checkReachGameWall():102 - Character collided with right wall: x=736
[DEBUG] Wed 2026-09-09 22:58:45.164 [Thread-4] GameCharacter checkReachGameWall():102 - Character collided with right wall: x=736
[DEBUG] Wed 2026-09-09 22:58:45.184 [Thread-4] GameCharacter checkReachGameWall():102 - Character collided with right wall: x=736
[DEBUG] Wed 2026-09-09 22:58:45.201 [Thread-4] GameCharacter checkReachGameWall():102 - Character collided with right wall: x=736
[DEBUG] Wed 2026-09-09 22:58:45.221 [Thread-4] GameCharacter checkReachGameWall():102 - Character collided with right wall: x=736
[DEBUG] Wed 2026-09-09 22:58:45.238 [Thread-4] GameCharacter checkReachGameWall():102 - Character collided with right wall: x=736
[DEBUG] Wed 2026-09-09 22:58:45.257 [Thread-4] GameCharacter checkReachGameWall():102 - Character collided with right wall: x=736
[DEBUG] Wed 2026-09-09 22:58:45.277 [Thread-4] GameCharacter checkReachGameWall():102 - Character collided with right wall: x=736
[DEBUG] Wed 2026-09-09 22:58:45.297 [Thread-4] GameCharacter checkReachGameWall():102 - Character collided with right wall: x=736
[DEBUG] Wed 2026-09-09 22:58:45.315 [Thread-4] GameCharacter checkReachGameWall():102 - Character collided with right wall: x=736
[DEBUG] Wed 2026-09-09 22:58:45.336 [Thread-4] GameCharacter checkReachGameWall():102 - Character collided with right wall: x=736
[DEBUG] Wed 2026-09-09 22:58:45.357 [Thread-4] GameCharacter checkReachGameWall():102 - Character collided with right wall: x=736
[DEBUG] Wed 2026-09-09 22:58:45.374 [Thread-4] GameCharacter checkReachGameWall():102 - Character collided with right wall: x=736
[DEBUG] Wed 2026-09-09 22:58:45.394 [Thread-4] GameCharacter checkReachGameWall():102 - Character collided with right wall: x=736
[DEBUG] Wed 2026-09-09 22:58:45.415 [Thread-4] GameCharacter checkReachGameWall():102 - Character collided with right wall: x=736
[ INFO] Wed 2026-09-09 22:58:45.430 [Thread-3] GameCharacter trace():156 - x:422 y:251 vx:7 vy:0
[DEBUG] Wed 2026-09-09 22:58:45.435 [Thread-4] GameCharacter checkReachGameWall():102 - Character collided with right wall: x=736
[ INFO] Wed 2026-09-09 22:58:45.534 [Thread-3] GameCharacter trace():156 - x:422 y:251 vx:7 vy:0
[ INFO] Wed 2026-09-09 22:58:45.639 [Thread-3] GameCharacter trace():156 - x:422 y:251 vx:7 vy:0
[ INFO] Wed 2026-09-09 22:58:45.745 [Thread-3] GameCharacter trace():156 - x:422 y:251 vx:7 vy:0
[ INFO] Wed 2026-09-09 22:58:45.850 [Thread-3] GameCharacter trace():156 - x:422 y:251 vx:7 vy:0
